-- MySQL dump 10.13  Distrib 5.6.20, for Win64 (x86_64)
--
-- Host: 127.0.0.1    Database: jcincms3
-- ------------------------------------------------------
-- Server version	5.6.20

/*!40101 SET @OLD_CHARACTER_SET_CLIENT=@@CHARACTER_SET_CLIENT */;
/*!40101 SET @OLD_CHARACTER_SET_RESULTS=@@CHARACTER_SET_RESULTS */;
/*!40101 SET @OLD_COLLATION_CONNECTION=@@COLLATION_CONNECTION */;
/*!40101 SET NAMES utf8 */;
/*!40103 SET @OLD_TIME_ZONE=@@TIME_ZONE */;
/*!40103 SET TIME_ZONE='+00:00' */;
/*!40014 SET @OLD_UNIQUE_CHECKS=@@UNIQUE_CHECKS, UNIQUE_CHECKS=0 */;
/*!40014 SET @OLD_FOREIGN_KEY_CHECKS=@@FOREIGN_KEY_CHECKS, FOREIGN_KEY_CHECKS=0 */;
/*!40101 SET @OLD_SQL_MODE=@@SQL_MODE, SQL_MODE='NO_AUTO_VALUE_ON_ZERO' */;
/*!40111 SET @OLD_SQL_NOTES=@@SQL_NOTES, SQL_NOTES=0 */;

--
-- Table structure for table `busi_channel`
--

DROP TABLE IF EXISTS `busi_channel`;
/*!40101 SET @saved_cs_client     = @@character_set_client */;
/*!40101 SET character_set_client = utf8 */;
CREATE TABLE `busi_channel` (
  `id` varchar(120) NOT NULL COMMENT 'id标识符',
  `name` varchar(45) DEFAULT NULL COMMENT '名称',
  `code` varchar(45) DEFAULT NULL COMMENT '代码',
  `keyword` varchar(45) DEFAULT NULL COMMENT '关键词',
  `link_addr` varchar(120) DEFAULT NULL COMMENT '链接地址',
  `open_mode` varchar(45) DEFAULT NULL COMMENT '打开模式',
  `descrition` varchar(120) DEFAULT NULL COMMENT '描述',
  `parent_id` varchar(120) DEFAULT NULL,
  `channel_templete` varchar(120) DEFAULT NULL COMMENT '栏目模板',
  `document_templete` varchar(120) DEFAULT NULL COMMENT '文档模板',
  `hidden` bit(1) DEFAULT NULL COMMENT '是否显示',
  `asdocument` bit(1) DEFAULT NULL,
  `document_id` varchar(120) DEFAULT NULL,
  PRIMARY KEY (`id`),
  KEY `fk_busi_channel_busichannel_idx` (`parent_id`),
  CONSTRAINT `fk_busi_channel_busichannel` FOREIGN KEY (`parent_id`) REFERENCES `busi_channel` (`id`) ON DELETE CASCADE ON UPDATE CASCADE
) ENGINE=InnoDB DEFAULT CHARSET=utf8 COMMENT='栏目表';
/*!40101 SET character_set_client = @saved_cs_client */;

--
-- Dumping data for table `busi_channel`
--

LOCK TABLES `busi_channel` WRITE;
/*!40000 ALTER TABLE `busi_channel` DISABLE KEYS */;
INSERT INTO `busi_channel` VALUES ('1445933614530','公司主页','/','公司主页，网聚','','false','',NULL,'',NULL,'\0','\0',''),('1445933697685','关于我们','aboutus','公司主页，关于我们','aboutus','false','',NULL,'',NULL,'\0','','1445940554062'),('1445933756067','组织架构','organization','组织架构','aboutus/organization','false','','1445933697685','',NULL,'\0','\0',''),('1445933793433','公司历史','history','公司历史','aboutus/history','false','','1445933697685','',NULL,'\0','','1445944340585'),('1445933824290','联系我们','contact','联系我们','aboutus/contact','false','contact','1445933697685','',NULL,'\0','','1445947810718'),('1445933910969','产品展示','product','产品展示','product','false','product产品展示',NULL,'',NULL,'\0','\0',''),('1445934192714','医药原料及中间体','yyyljzhjt','医药原料及中间体','product/yyyljzhjt','false','医药原料及中间体','1445933910969','',NULL,'\0','\0',''),('1445934220786','无机化工产品','wjhgchp','无机化工产品','product/wjhgchp','false','无机化工产品','1445933910969','',NULL,'\0','\0',''),('1445934282711','香精香料及植物提取物','xjxljzhwtqw','香精香料及植物提取物','product/xjxljzhwtqw','false','香精香料及植物提取物','1445933910969','',NULL,'\0','\0',''),('1445934363146','新闻中心','news','新闻中心','channel/news','false','新闻中心',NULL,'default/news',NULL,'\0','\0',''),('1445934468960','招聘信息','jobs','招聘信息,jobs','jobs','false','招聘信息,jobs',NULL,'',NULL,'\0','\0','');
/*!40000 ALTER TABLE `busi_channel` ENABLE KEYS */;
UNLOCK TABLES;

--
-- Table structure for table `busi_document`
--

DROP TABLE IF EXISTS `busi_document`;
/*!40101 SET @saved_cs_client     = @@character_set_client */;
/*!40101 SET character_set_client = utf8 */;
CREATE TABLE `busi_document` (
  `id` varchar(120) NOT NULL,
  `channel_id` varchar(120) DEFAULT NULL,
  `title` varchar(120) DEFAULT NULL COMMENT '标题',
  `color` varchar(10) DEFAULT NULL COMMENT '颜色',
  `keyword` varchar(45) DEFAULT NULL COMMENT '关键词',
  `descrition` varchar(1200) DEFAULT NULL COMMENT '描述',
  `priority` int(11) DEFAULT NULL COMMENT '优先级',
  `source` varchar(45) DEFAULT NULL COMMENT '来源',
  `source_addr` varchar(1200) DEFAULT NULL COMMENT '来源地址',
  `author` varchar(45) DEFAULT NULL COMMENT '作者',
  `title_image` varchar(120) DEFAULT NULL COMMENT '标题图片',
  `file_name` varchar(120) DEFAULT NULL,
  `file_addr` varchar(120) DEFAULT NULL,
  `size` bigint(20) DEFAULT NULL COMMENT '文件大小',
  `content` varchar(12000) DEFAULT NULL COMMENT '内容',
  `document_templete` varchar(120) DEFAULT NULL COMMENT '文档模板',
  `hidden` bit(1) DEFAULT b'0' COMMENT '是否显示',
  PRIMARY KEY (`id`),
  KEY `fk_busi_doc_channel_idx` (`channel_id`),
  CONSTRAINT `fk_busi_doc_channel` FOREIGN KEY (`channel_id`) REFERENCES `busi_channel` (`id`) ON DELETE CASCADE ON UPDATE CASCADE
) ENGINE=InnoDB DEFAULT CHARSET=utf8 COMMENT='文档';
/*!40101 SET character_set_client = @saved_cs_client */;

--
-- Dumping data for table `busi_document`
--

LOCK TABLES `busi_document` WRITE;
/*!40000 ALTER TABLE `busi_document` DISABLE KEYS */;
INSERT INTO `busi_document` VALUES ('1445940554062','1445933697685','公司简介','','',NULL,NULL,'','','','',NULL,'',NULL,'<p style=\"white-space: normal;\"><span style=\"font-size: 14px;\">&nbsp;&nbsp;&nbsp;&nbsp;新开普电子股份有限公司2000年成立于郑州高新技术产业开发区，注册资本28544万元。公司专业致力于开发以智能卡及RFID技术为基础的各类行业应用解决方案,面向城市、校园、企事业以及银行和电信运营商，从事智能一卡通系统的平台软件、应用软件及各类智能卡终端的研发、生产、集成、销售和服务业务。2011年7月29日，公司登陆资本市场，成为中国一卡通领域首家上市公司，募集资金3.4亿元。公司现有员工1000余人，拥有1家控股子公司、2家参股子公司及5家分公司，并在全国30余个大、中城市设立了驻外服务机构。</span></p><p style=\"white-space: normal;\"><br/></p><p style=\"white-space: normal;\"><span style=\"font-size: 14px;\">&nbsp;&nbsp;&nbsp;&nbsp;作为国家重点支持的高新技术企业和火炬计划重点高新技术企业，新开普共获得150余项专利及软件著作权；公司以完善行业应用平台建设为支撑，形成综合的多行业应用服务能力，以智能终端创新为基础，提高智能终端核心技术开发及产业化能力,以移动互联网关键技术的研发及应用为着力点，形成综合的移动互联网产业服务能力，为用户提供教育、市政、交通、金融、电信、移动、燃气、电力等行业线上与线下业务相融合的一卡通整体解决方案。</span></p><p style=\"white-space: normal;\"><br/></p><p style=\"white-space: normal;\"><span style=\"font-size: 14px;\">&nbsp;&nbsp;&nbsp;&nbsp;近年来，公司先后通过了CMMI L4级认证，ISO9001质量体系、ISO14001环境管理体系和OHSAS18001职业健康安全管理体系认证，公司被中国软件协会评定为AAA级最高信用资质。公司“湖南省金融IC卡行业应用综合服务平台项目”获得工信部颁发的“国家金卡工程优秀成果金蚂蚁奖”，“正普智能卡密钥管理系统” 获得2012中国年度创新软件产品。公司连续两年荣登“福布斯中国最佳潜力企业”。</span></p><p style=\"white-space: normal;\"><br/></p><p style=\"white-space: normal;\"><span style=\"font-size: 14px;\">&nbsp;&nbsp;&nbsp;&nbsp;随着移动浪潮的到来，公司以多年来积累的行业经验为基础，融合行业应用，快速推进移动互联和移动支付在行业中的普及，促进以大数据、移动互联以及智能终端为核心的O2O闭环模式的整合与发展，推进信息化产业的健康可持续发展。</span></p><p><br/></p>','default/single',''),('1445944340585','1445933793433','公司历史','','',NULL,NULL,'','','','',NULL,NULL,NULL,'<p style=\"margin-right: 10px; margin-left: 34px; padding: 0px; line-height: 24px; font-size: 12px; color: rgb(85, 85, 85); font-family: Arial, Helvetica, sans-serif; white-space: normal;\"><strong style=\"margin: 0px; padding: 0px; color: rgb(255, 0, 0); font-size: 14px;\">2013年</strong></p><p style=\"margin-right: 10px; margin-left: 34px; padding: 0px; line-height: 24px; font-size: 12px; color: rgb(85, 85, 85); font-family: Arial, Helvetica, sans-serif; white-space: normal;\">1月9日，公司再次荣登福布斯《中国潜力企业榜》榜单，位列2012年度 “最具潜力上市企业”第33位。<br style=\"margin: 0px; padding: 0px;\"/>1月14日，河南省信用建设促进会授予公司首批“河南省信用建设示范单位”荣誉称号。<br style=\"margin: 0px; padding: 0px;\"/>1月29日，公司入选“2012年度河南省物联网十强企业”。<br style=\"margin: 0px; padding: 0px;\"/>4月16日，公司荣获中国信用建设促进委员会颁发的“中国信用共建2012年度重信用企业”。<br style=\"margin: 0px; padding: 0px;\"/>6月4日，公司 “安徽电信翼机通集中平台”获得国家金卡工程2013年度金蚂蚁奖优秀应用成果奖。</p><p style=\"margin-right: 10px; margin-left: 34px; padding: 0px; line-height: 24px; font-size: 12px; color: rgb(85, 85, 85); font-family: Arial, Helvetica, sans-serif; white-space: normal;\"><strong style=\"margin: 0px; padding: 0px; color: rgb(255, 0, 0); font-size: 14px;\">2012年</strong></p><p style=\"margin-right: 10px; margin-left: 34px; padding: 0px; line-height: 24px; font-size: 12px; color: rgb(85, 85, 85); font-family: Arial, Helvetica, sans-serif; white-space: normal;\">1月13日，公司被科学技术部火炬中心认定为“国家火炬计划软件产业基地郑州软件园骨干企业”；<br style=\"margin: 0px; padding: 0px;\"/>2月17日，公司完成对外贸易经营者备案登记工作；<br style=\"margin: 0px; padding: 0px;\"/>2月20日，郑州市人力资源和社会保障局授予公司“2011年度郑州市人力资源和社会保障工作先进单位”；<br style=\"margin: 0px; padding: 0px;\"/>2月26日，河南省工业和信息化厅认定公司为“软件和信息服务业20优企业”；<br style=\"margin: 0px; padding: 0px;\"/>3月15日，公司荣登福布斯2012中国最具潜力企业榜；<br style=\"margin: 0px; padding: 0px;\"/>6月，“郑州新开普电子股份有限公司实施质量总体解决方案（TSQ）的实践经验”被工信部评定为：2012年度全国“质量标杆”。<br style=\"margin: 0px; padding: 0px;\"/></p><p style=\"margin-right: 10px; margin-left: 34px; padding: 0px; line-height: 24px; font-size: 12px; color: rgb(85, 85, 85); font-family: Arial, Helvetica, sans-serif; white-space: normal;\"><strong style=\"margin: 0px; padding: 0px; color: rgb(255, 0, 0); font-size: 14px;\">2011年</strong></p><p style=\"margin-right: 10px; margin-left: 34px; padding: 0px; line-height: 24px; font-size: 12px; color: rgb(85, 85, 85); font-family: Arial, Helvetica, sans-serif; white-space: normal;\">1月5日，公司上市首发申请材料正式获中国证监会受理；<br style=\"margin: 0px; padding: 0px;\"/>1月，公司由河南省工业和信息化厅授予 “河南省高技术工业60强企业”；<br style=\"margin: 0px; padding: 0px;\"/>3月22日，公司由郑州市人力资源和社会保障局授予“郑州市劳动关系和谐模范企业”称号；<br style=\"margin: 0px; padding: 0px;\"/>6月9日，中国证券监督管理委员会创业板发行监管部公布我公司（首发）获通过；<br style=\"margin: 0px; padding: 0px;\"/>6月25日，公司“基于物联网应用的系列智能终端与信息系统建设项目”顺利奠基；<br style=\"margin: 0px; padding: 0px;\"/>7月 7日，我公司首次公开发行股票并在创业板上市获得中国证监会的核准；<br style=\"margin: 0px; padding: 0px;\"/>7月29日，公司股票在深圳证券交易所创业板挂牌上市；<br style=\"margin: 0px; padding: 0px;\"/>7月25日，公司获得由郑州市委、郑州市人民政府颁发的“郑州市高成长型民营企业”荣誉称号；<br style=\"margin: 0px; padding: 0px;\"/>9月15日，公司被中国银行股份有限公司河南省分行授予“总行级中小企业重点客户”；<br style=\"margin: 0px; padding: 0px;\"/>9月24日，公司获得由中国信息协会颁发的“2011中国城市信息化产品创新奖”；<br style=\"margin: 0px; padding: 0px;\"/>11月16日，公司携“智慧城市”解决方案亮相深圳第十三届高交会，获得由国家发展和改革委员会颁发的“优秀展示奖”和中国国际高新技术成果交易会组委会颁发的“优秀产品证书”；<br style=\"margin: 0px; padding: 0px;\"/>11月29日，公司在2011中国移动支付产业年会上荣获“2011年度移动支付产业优秀方案奖”；</p><p style=\"margin-right: 10px; margin-left: 34px; padding: 0px; line-height: 24px; font-size: 12px; color: rgb(85, 85, 85); font-family: Arial, Helvetica, sans-serif; white-space: normal;\"><strong style=\"margin: 0px; padding: 0px; color: rgb(255, 0, 0); font-size: 14px;\">2010年</strong></p><p style=\"margin-right: 10px; margin-left: 34px; padding: 0px; line-height: 24px; font-size: 12px; color: rgb(85, 85, 85); font-family: Arial, Helvetica, sans-serif; white-space: normal;\">1月，公司成立生产、研发、营销、客服中心，组织架构更加完善；<br style=\"margin: 0px; padding: 0px;\"/>10月，公司取得了由工业和信息化部颁发的《增值电信业务经营许可证》；<br style=\"margin: 0px; padding: 0px;\"/>12月，公司被科学技术部火炬高技术产业开发中心评为“国家火炬计划重点高新技术企业”；</p><p style=\"margin-right: 10px; margin-left: 34px; padding: 0px; line-height: 24px; font-size: 12px; color: rgb(85, 85, 85); font-family: Arial, Helvetica, sans-serif; white-space: normal;\"><strong style=\"margin: 0px; padding: 0px; color: rgb(255, 0, 0); font-size: 14px;\">2009年</strong></p><p style=\"margin-right: 10px; margin-left: 34px; padding: 0px; line-height: 24px; font-size: 12px; color: rgb(85, 85, 85); font-family: Arial, Helvetica, sans-serif; white-space: normal;\">6月19日，经河南省科技厅批准,公司成立“河南省智能卡与射频识别应用工程技术研究中心”；<br style=\"margin: 0px; padding: 0px;\"/>6月26日，经郑州市科技局批准，公司成立“郑州市企业技术中心”；<br style=\"margin: 0px; padding: 0px;\"/>12月12日，公司取得由工业和信息化部颁发的计算机系统集成二级资质；新开普CPU校园一卡通系统在河南大学成功实施；</p><p style=\"margin-right: 10px; margin-left: 34px; padding: 0px; line-height: 24px; font-size: 12px; color: rgb(85, 85, 85); font-family: Arial, Helvetica, sans-serif; white-space: normal;\"><strong style=\"margin: 0px; padding: 0px; color: rgb(255, 0, 0); font-size: 14px;\">2008年</strong></p><p style=\"margin-right: 10px; margin-left: 34px; padding: 0px; line-height: 24px; font-size: 12px; color: rgb(85, 85, 85); font-family: Arial, Helvetica, sans-serif; white-space: normal;\">4月，通过CMMI L3认证，成为河南省首家同时也是一卡通行业首家通过CMMI L3认证的企业<br style=\"margin: 0px; padding: 0px;\"/>5月，公司正式更名为郑州新开普电子股份有限公司<br style=\"margin: 0px; padding: 0px;\"/>10月，中标山东淄博城市一卡通项目，正式进入城市一卡通领域。</p><p><br/></p>','default/single',''),('1445947810718','1445933824290','联系我们','','',NULL,NULL,'','','','',NULL,'',NULL,'<p style=\"margin: 0px 10px 20px 30px; padding: 0px; line-height: 22px; font-family: Arial, Helvetica, sans-serif; font-size: 12px; white-space: normal; background-color: rgb(254, 254, 254);\"><strong style=\"margin: 0px; padding: 0px;\">新开普电子股份有限公司</strong><br style=\"margin: 0px; padding: 0px;\"/>地址：郑州市高新技术产业开发区迎春街18号</p><p style=\"margin: 0px 10px 20px 30px; padding: 0px; line-height: 22px; font-family: Arial, Helvetica, sans-serif; font-size: 12px; white-space: normal; background-color: rgb(254, 254, 254);\"><strong style=\"margin: 0px; padding: 0px;\">全国统一服务热线</strong>：4006 300248</p><p style=\"margin: 0px 10px 20px 30px; padding: 0px; line-height: 22px; font-family: Arial, Helvetica, sans-serif; font-size: 12px; white-space: normal; background-color: rgb(254, 254, 254);\"><strong style=\"margin: 0px; padding: 0px;\">销售热线</strong><br style=\"margin: 0px; padding: 0px;\"/>电话：4006300248转1</p><p style=\"margin: 0px 10px 20px 30px; padding: 0px; line-height: 22px; font-family: Arial, Helvetica, sans-serif; font-size: 12px; white-space: normal; background-color: rgb(254, 254, 254);\"><strong style=\"margin: 0px; padding: 0px;\">售后服务热线</strong><br style=\"margin: 0px; padding: 0px;\"/>传真：0371-56599840</p><p style=\"margin: 0px 10px 20px 30px; padding: 0px; line-height: 22px; font-family: Arial, Helvetica, sans-serif; font-size: 12px; white-space: normal; background-color: rgb(254, 254, 254);\"><strong style=\"margin: 0px; padding: 0px;\">工程维修热线</strong><br style=\"margin: 0px; padding: 0px;\"/>电话：0371-56599111</p><p style=\"margin: 0px 10px 20px 30px; padding: 0px; line-height: 22px; font-family: Arial, Helvetica, sans-serif; font-size: 12px; white-space: normal; background-color: rgb(254, 254, 254);\"><strong style=\"margin: 0px; padding: 0px;\">人力资源热线</strong><br style=\"margin: 0px; padding: 0px;\"/>电话：0371-56599771</p><p style=\"margin: 0px 10px 20px 30px; padding: 0px; line-height: 22px; font-family: Arial, Helvetica, sans-serif; font-size: 12px; white-space: normal; background-color: rgb(254, 254, 254);\"><strong style=\"margin: 0px; padding: 0px;\">投资者热线</strong><br style=\"margin: 0px; padding: 0px;\"/>电话：0371-56599758<br style=\"margin: 0px; padding: 0px;\"/>传真：0371-56599716<br/></p><p><br/></p>','default/single',''),('1445948748061','1445934363146','江苏化工企业接受环境风险全面排查','','',NULL,NULL,'','','','',NULL,'',NULL,'<p style=\"margin-top: 0px; padding: 0px; border: 0px; list-style: none; word-wrap: normal; word-break: normal; line-height: 21px; color: rgb(73, 73, 73); font-family: simsun; font-size: 14px; white-space: normal; background-color: rgb(226, 226, 226);\">JSTL提供了能方便定义变量的标签&lt;c:set&gt;，能够将变量储存在JSP范围中或者JavaBean属性中。其语法格式分为如下五种。</p><p style=\"margin-top: 0px; padding: 0px; border: 0px; list-style: none; word-wrap: normal; word-break: normal; line-height: 21px; color: rgb(73, 73, 73); font-family: simsun; font-size: 14px; white-space: normal; background-color: rgb(226, 226, 226);\">（1）指定变量名以及变量值，不指定scope（范围）。</p><p style=\"margin-top: 0px; padding: 0px; border: 0px; list-style: none; word-wrap: normal; word-break: normal; line-height: 21px; color: rgb(73, 73, 73); font-family: simsun; font-size: 14px; white-space: normal; background-color: rgb(226, 226, 226);\">&lt;c:set var=&quot;username&quot; value=&quot;value&quot;&gt;&lt;/c:set&gt;</p><p style=\"margin-top: 0px; padding: 0px; border: 0px; list-style: none; word-wrap: normal; word-break: normal; line-height: 21px; color: rgb(73, 73, 73); font-family: simsun; font-size: 14px; white-space: normal; background-color: rgb(226, 226, 226);\">（2）将value的值储存到范围为scope的变量中。</p><p style=\"margin-top: 0px; padding: 0px; border: 0px; list-style: none; word-wrap: normal; word-break: normal; line-height: 21px; color: rgb(73, 73, 73); font-family: simsun; font-size: 14px; white-space: normal; background-color: rgb(226, 226, 226);\">&lt;c:set var=&quot;username&quot; value=&quot;value&quot; scope=”page | request | session | application”&gt;&lt;/c:set&gt;</p><p style=\"margin-top: 0px; padding: 0px; border: 0px; list-style: none; word-wrap: normal; word-break: normal; line-height: 21px; color: rgb(73, 73, 73); font-family: simsun; font-size: 14px; white-space: normal; background-color: rgb(226, 226, 226);\">（3）将本体内容的数据储存至范围为scope的变量中。</p><p style=\"margin-top: 0px; padding: 0px; border: 0px; list-style: none; word-wrap: normal; word-break: normal; line-height: 21px; color: rgb(73, 73, 73); font-family: simsun; font-size: 14px; white-space: normal; background-color: rgb(226, 226, 226);\">&lt;c:set var=&quot;varname&quot; scope=”page | request | session | application”&gt;</p><p style=\"margin-top: 0px; padding: 0px; border: 0px; list-style: none; word-wrap: normal; word-break: normal; line-height: 21px; color: rgb(73, 73, 73); font-family: simsun; font-size: 14px; white-space: normal; background-color: rgb(226, 226, 226);\">本体内容</p><p style=\"margin-top: 0px; padding: 0px; border: 0px; list-style: none; word-wrap: normal; word-break: normal; line-height: 21px; color: rgb(73, 73, 73); font-family: simsun; font-size: 14px; white-space: normal; background-color: rgb(226, 226, 226);\">&lt;/c:set&gt;</p><p style=\"margin-top: 0px; padding: 0px; border: 0px; list-style: none; word-wrap: normal; word-break: normal; line-height: 21px; color: rgb(73, 73, 73); font-family: simsun; font-size: 14px; white-space: normal; background-color: rgb(226, 226, 226);\">（4）将value值储存到targer对象的属性中。</p><p style=\"margin-top: 0px; padding: 0px; border: 0px; list-style: none; word-wrap: normal; word-break: normal; line-height: 21px; color: rgb(73, 73, 73); font-family: simsun; font-size: 14px; white-space: normal; background-color: rgb(226, 226, 226);\">&lt;c:set value=”value” target=”target” property=”propertyName”&gt;&lt;/c:set&gt;</p><p style=\"margin-top: 0px; padding: 0px; border: 0px; list-style: none; word-wrap: normal; word-break: normal; line-height: 21px; color: rgb(73, 73, 73); font-family: simsun; font-size: 14px; white-space: normal; background-color: rgb(226, 226, 226);\">（5）将本体内容的数据储存到targer对象的属性中。</p><p style=\"margin-top: 0px; padding: 0px; border: 0px; list-style: none; word-wrap: normal; word-break: normal; line-height: 21px; color: rgb(73, 73, 73); font-family: simsun; font-size: 14px; white-space: normal; background-color: rgb(226, 226, 226);\">&lt;c:set target=”target” property=”propertyName”&gt;</p><p style=\"margin-top: 0px; padding: 0px; border: 0px; list-style: none; word-wrap: normal; word-break: normal; line-height: 21px; color: rgb(73, 73, 73); font-family: simsun; font-size: 14px; white-space: normal; background-color: rgb(226, 226, 226);\">本体内容</p><p style=\"margin-top: 0px; padding: 0px; border: 0px; list-style: none; word-wrap: normal; word-break: normal; line-height: 21px; color: rgb(73, 73, 73); font-family: simsun; font-size: 14px; white-space: normal; background-color: rgb(226, 226, 226);\">&lt;/c:set&gt;</p><p><br/></p>','default/newsInfo',''),('1445948753286','1445934363146','江苏化工企业接受环境风险全面排查','','',NULL,NULL,'','','','',NULL,'',NULL,'<p style=\"margin-top: 0px; padding: 0px; border: 0px; list-style: none; word-wrap: normal; word-break: normal; line-height: 21px; color: rgb(73, 73, 73); font-family: simsun; font-size: 14px; white-space: normal; background-color: rgb(226, 226, 226);\">JSTL提供了能方便定义变量的标签&lt;c:set&gt;，能够将变量储存在JSP范围中或者JavaBean属性中。其语法格式分为如下五种。</p><p style=\"margin-top: 0px; padding: 0px; border: 0px; list-style: none; word-wrap: normal; word-break: normal; line-height: 21px; color: rgb(73, 73, 73); font-family: simsun; font-size: 14px; white-space: normal; background-color: rgb(226, 226, 226);\">（1）指定变量名以及变量值，不指定scope（范围）。</p><p style=\"margin-top: 0px; padding: 0px; border: 0px; list-style: none; word-wrap: normal; word-break: normal; line-height: 21px; color: rgb(73, 73, 73); font-family: simsun; font-size: 14px; white-space: normal; background-color: rgb(226, 226, 226);\">&lt;c:set var=&quot;username&quot; value=&quot;value&quot;&gt;&lt;/c:set&gt;</p><p style=\"margin-top: 0px; padding: 0px; border: 0px; list-style: none; word-wrap: normal; word-break: normal; line-height: 21px; color: rgb(73, 73, 73); font-family: simsun; font-size: 14px; white-space: normal; background-color: rgb(226, 226, 226);\">（2）将value的值储存到范围为scope的变量中。</p><p style=\"margin-top: 0px; padding: 0px; border: 0px; list-style: none; word-wrap: normal; word-break: normal; line-height: 21px; color: rgb(73, 73, 73); font-family: simsun; font-size: 14px; white-space: normal; background-color: rgb(226, 226, 226);\">&lt;c:set var=&quot;username&quot; value=&quot;value&quot; scope=”page | request | session | application”&gt;&lt;/c:set&gt;</p><p style=\"margin-top: 0px; padding: 0px; border: 0px; list-style: none; word-wrap: normal; word-break: normal; line-height: 21px; color: rgb(73, 73, 73); font-family: simsun; font-size: 14px; white-space: normal; background-color: rgb(226, 226, 226);\">（3）将本体内容的数据储存至范围为scope的变量中。</p><p style=\"margin-top: 0px; padding: 0px; border: 0px; list-style: none; word-wrap: normal; word-break: normal; line-height: 21px; color: rgb(73, 73, 73); font-family: simsun; font-size: 14px; white-space: normal; background-color: rgb(226, 226, 226);\">&lt;c:set var=&quot;varname&quot; scope=”page | request | session | application”&gt;</p><p style=\"margin-top: 0px; padding: 0px; border: 0px; list-style: none; word-wrap: normal; word-break: normal; line-height: 21px; color: rgb(73, 73, 73); font-family: simsun; font-size: 14px; white-space: normal; background-color: rgb(226, 226, 226);\">本体内容</p><p style=\"margin-top: 0px; padding: 0px; border: 0px; list-style: none; word-wrap: normal; word-break: normal; line-height: 21px; color: rgb(73, 73, 73); font-family: simsun; font-size: 14px; white-space: normal; background-color: rgb(226, 226, 226);\">&lt;/c:set&gt;</p><p style=\"margin-top: 0px; padding: 0px; border: 0px; list-style: none; word-wrap: normal; word-break: normal; line-height: 21px; color: rgb(73, 73, 73); font-family: simsun; font-size: 14px; white-space: normal; background-color: rgb(226, 226, 226);\">（4）将value值储存到targer对象的属性中。</p><p style=\"margin-top: 0px; padding: 0px; border: 0px; list-style: none; word-wrap: normal; word-break: normal; line-height: 21px; color: rgb(73, 73, 73); font-family: simsun; font-size: 14px; white-space: normal; background-color: rgb(226, 226, 226);\">&lt;c:set value=”value” target=”target” property=”propertyName”&gt;&lt;/c:set&gt;</p><p style=\"margin-top: 0px; padding: 0px; border: 0px; list-style: none; word-wrap: normal; word-break: normal; line-height: 21px; color: rgb(73, 73, 73); font-family: simsun; font-size: 14px; white-space: normal; background-color: rgb(226, 226, 226);\">（5）将本体内容的数据储存到targer对象的属性中。</p><p style=\"margin-top: 0px; padding: 0px; border: 0px; list-style: none; word-wrap: normal; word-break: normal; line-height: 21px; color: rgb(73, 73, 73); font-family: simsun; font-size: 14px; white-space: normal; background-color: rgb(226, 226, 226);\">&lt;c:set target=”target” property=”propertyName”&gt;</p><p style=\"margin-top: 0px; padding: 0px; border: 0px; list-style: none; word-wrap: normal; word-break: normal; line-height: 21px; color: rgb(73, 73, 73); font-family: simsun; font-size: 14px; white-space: normal; background-color: rgb(226, 226, 226);\">本体内容</p><p style=\"margin-top: 0px; padding: 0px; border: 0px; list-style: none; word-wrap: normal; word-break: normal; line-height: 21px; color: rgb(73, 73, 73); font-family: simsun; font-size: 14px; white-space: normal; background-color: rgb(226, 226, 226);\">&lt;/c:set&gt;</p><p><br/></p>','default/newsInfo',''),('1445948756494','1445934363146','江苏化工企业接受环境风险全面排查','','',NULL,NULL,'','','','',NULL,'',NULL,'<p style=\"margin-top: 0px; padding: 0px; border: 0px; list-style: none; word-wrap: normal; word-break: normal; line-height: 21px; color: rgb(73, 73, 73); font-family: simsun; font-size: 14px; white-space: normal; background-color: rgb(226, 226, 226);\">JSTL提供了能方便定义变量的标签&lt;c:set&gt;，能够将变量储存在JSP范围中或者JavaBean属性中。其语法格式分为如下五种。</p><p style=\"margin-top: 0px; padding: 0px; border: 0px; list-style: none; word-wrap: normal; word-break: normal; line-height: 21px; color: rgb(73, 73, 73); font-family: simsun; font-size: 14px; white-space: normal; background-color: rgb(226, 226, 226);\">（1）指定变量名以及变量值，不指定scope（范围）。</p><p style=\"margin-top: 0px; padding: 0px; border: 0px; list-style: none; word-wrap: normal; word-break: normal; line-height: 21px; color: rgb(73, 73, 73); font-family: simsun; font-size: 14px; white-space: normal; background-color: rgb(226, 226, 226);\">&lt;c:set var=&quot;username&quot; value=&quot;value&quot;&gt;&lt;/c:set&gt;</p><p style=\"margin-top: 0px; padding: 0px; border: 0px; list-style: none; word-wrap: normal; word-break: normal; line-height: 21px; color: rgb(73, 73, 73); font-family: simsun; font-size: 14px; white-space: normal; background-color: rgb(226, 226, 226);\">（2）将value的值储存到范围为scope的变量中。</p><p style=\"margin-top: 0px; padding: 0px; border: 0px; list-style: none; word-wrap: normal; word-break: normal; line-height: 21px; color: rgb(73, 73, 73); font-family: simsun; font-size: 14px; white-space: normal; background-color: rgb(226, 226, 226);\">&lt;c:set var=&quot;username&quot; value=&quot;value&quot; scope=”page | request | session | application”&gt;&lt;/c:set&gt;</p><p style=\"margin-top: 0px; padding: 0px; border: 0px; list-style: none; word-wrap: normal; word-break: normal; line-height: 21px; color: rgb(73, 73, 73); font-family: simsun; font-size: 14px; white-space: normal; background-color: rgb(226, 226, 226);\">（3）将本体内容的数据储存至范围为scope的变量中。</p><p style=\"margin-top: 0px; padding: 0px; border: 0px; list-style: none; word-wrap: normal; word-break: normal; line-height: 21px; color: rgb(73, 73, 73); font-family: simsun; font-size: 14px; white-space: normal; background-color: rgb(226, 226, 226);\">&lt;c:set var=&quot;varname&quot; scope=”page | request | session | application”&gt;</p><p style=\"margin-top: 0px; padding: 0px; border: 0px; list-style: none; word-wrap: normal; word-break: normal; line-height: 21px; color: rgb(73, 73, 73); font-family: simsun; font-size: 14px; white-space: normal; background-color: rgb(226, 226, 226);\">本体内容</p><p style=\"margin-top: 0px; padding: 0px; border: 0px; list-style: none; word-wrap: normal; word-break: normal; line-height: 21px; color: rgb(73, 73, 73); font-family: simsun; font-size: 14px; white-space: normal; background-color: rgb(226, 226, 226);\">&lt;/c:set&gt;</p><p style=\"margin-top: 0px; padding: 0px; border: 0px; list-style: none; word-wrap: normal; word-break: normal; line-height: 21px; color: rgb(73, 73, 73); font-family: simsun; font-size: 14px; white-space: normal; background-color: rgb(226, 226, 226);\">（4）将value值储存到targer对象的属性中。</p><p style=\"margin-top: 0px; padding: 0px; border: 0px; list-style: none; word-wrap: normal; word-break: normal; line-height: 21px; color: rgb(73, 73, 73); font-family: simsun; font-size: 14px; white-space: normal; background-color: rgb(226, 226, 226);\">&lt;c:set value=”value” target=”target” property=”propertyName”&gt;&lt;/c:set&gt;</p><p style=\"margin-top: 0px; padding: 0px; border: 0px; list-style: none; word-wrap: normal; word-break: normal; line-height: 21px; color: rgb(73, 73, 73); font-family: simsun; font-size: 14px; white-space: normal; background-color: rgb(226, 226, 226);\">（5）将本体内容的数据储存到targer对象的属性中。</p><p style=\"margin-top: 0px; padding: 0px; border: 0px; list-style: none; word-wrap: normal; word-break: normal; line-height: 21px; color: rgb(73, 73, 73); font-family: simsun; font-size: 14px; white-space: normal; background-color: rgb(226, 226, 226);\">&lt;c:set target=”target” property=”propertyName”&gt;</p><p style=\"margin-top: 0px; padding: 0px; border: 0px; list-style: none; word-wrap: normal; word-break: normal; line-height: 21px; color: rgb(73, 73, 73); font-family: simsun; font-size: 14px; white-space: normal; background-color: rgb(226, 226, 226);\">本体内容</p><p style=\"margin-top: 0px; padding: 0px; border: 0px; list-style: none; word-wrap: normal; word-break: normal; line-height: 21px; color: rgb(73, 73, 73); font-family: simsun; font-size: 14px; white-space: normal; background-color: rgb(226, 226, 226);\">&lt;/c:set&gt;</p><p><br/></p>','default/newsInfo',''),('1445948759983','1445934363146','江苏化工企业接受环境风险全面排查','','',NULL,NULL,'','','','',NULL,'',NULL,'<p>ewewfewfwefewewfewfwefewewfewfwefewewfewfwefewewfewfwefewewfewfwefewewfewfwefewewfewfwefewewfewfwefewewfewfwefewewfewfwefewewfewfwefewewfewfwefewewfewfwefewewfewfwefewewfewfwefewewfewfwefewewfewfwefewewfewfwefewewfewfwefewewfewfwefewewfewfwefewewfewfwefewewfewfwefewewfewfwefewewfewfwefewewfewfwefewewfewfwefewewfewfwefewewfewfwefewewfewfwefewewfewfwefewewfewfwefewewfewfwefewewfewfwefewewfewfwefewewfewfwefewewfewfwefewewfewfwefewewfewfwefewewfewfwefewewfewfwefewewfewfwefewewfewfwefewewfewfwefewewfewfwefewewfewfwefewewfewfwefewewfewfwefewewfewfwefewewfewfwefewewfewfwefewewfewfwefewewfewfwefewewfewfwefewewfewfwefewewfewfwefewewfewfwefewewfewfwefewewfewfwefewewfewfwefewewfewfwefewewfewfwefewewfewfwefewewfewfwefewewfewfwefewewfewfwefewewfewfwefewewfewfwefewewfewfwefewewfewfwefewewfewfwefewewfewfwefewewfewfwefewewfewfwefewewfewfwefewewfewfwefewewfewfwefewewfewfwefewewfewfwefewewfewfwefewewfewfwefewewfewfwefewewfewfwefewewfewfwefewewfewfwefewewfewfwefewewfewfwefewewfewfwefewewfewfwefewewfewfwefewewfewfwefewewfewfwefewewfewfwefewewfewfwefewewfewfwefewewfewfwefewewfewfwefewewfewfwefewewfewfwefewewfewfwefewewfewfwefewewfewfwefewewfewfwefewewfewfwefewewfewfwefewewfewfwefewewfewfwef</p>','default/newsInfo','');
/*!40000 ALTER TABLE `busi_document` ENABLE KEYS */;
UNLOCK TABLES;

--
-- Table structure for table `log`
--

DROP TABLE IF EXISTS `log`;
/*!40101 SET @saved_cs_client     = @@character_set_client */;
/*!40101 SET character_set_client = utf8 */;
CREATE TABLE `log` (
  `id` varchar(120) NOT NULL,
  `type` varchar(45) DEFAULT NULL,
  `create_by` varchar(45) DEFAULT NULL,
  `remote_addr` varchar(45) DEFAULT NULL,
  `user_agent` varchar(45) DEFAULT NULL,
  `request_uri` varchar(120) DEFAULT NULL,
  `Method` varchar(45) DEFAULT NULL,
  `params` varchar(1200) DEFAULT NULL,
  `exception` varchar(45) DEFAULT NULL,
  PRIMARY KEY (`id`)
) ENGINE=InnoDB DEFAULT CHARSET=utf8;
/*!40101 SET character_set_client = @saved_cs_client */;

--
-- Dumping data for table `log`
--

LOCK TABLES `log` WRITE;
/*!40000 ALTER TABLE `log` DISABLE KEYS */;
INSERT INTO `log` VALUES ('1444461791779','access','admin','/syst/admin',NULL,'/syst/admin/user/create','POST','username=11&password=&roleId=1',''),('1444462164666','access','admin','/syst/admin',NULL,'/syst/admin/user/create','POST','username=ewew&password=&roleId=1',''),('1444462267090','access','admin','/syst/admin',NULL,'/syst/admin/user/deleteById','POST','idstring=1444462156956',''),('1444473873451','access','admin','/syst/admin',NULL,'/syst/admin/dictionary/create','POST','id=&value=dsfdsf&label=fsdfs&type=dsf',''),('1444521665878','access','admin','/syst/admin',NULL,'/syst/admin/dictionary/create','POST','id=&value=klkl&label=klkl&type=dsf',''),('1444521698983','access','admin','/syst/admin',NULL,'/syst/admin/dictionary/deleteById','POST','idstring=1444521665766',''),('1444522698205','access','admin','/syst/admin',NULL,'/syst/admin/test/create','POST','id=&name=dsds&createDate=&updateDate=',''),('1444522751730','access','admin','/syst/admin',NULL,'/syst/admin/test/deleteById','POST','idstring=1444522696210',''),('1444522792673','access','admin','/syst/admin',NULL,'/syst/admin/test/create','POST','id=eww&name=wqwq&createDate=&updateDate=',''),('1444522818280','access','admin','/syst/admin',NULL,'/syst/admin/test/update/1444522792556','POST','id=1444522792556&name=wqwqiii&createDate=Sun Oct 11 08:19:53 CST 2015&updateDate=',''),('1444522877181','access','admin','/syst/admin',NULL,'/syst/admin/test/update/1444522792556','POST','id=1444522792556&name=wqwqiii&createDate=Sun Oct 11 08:19:53 CST 2015&updateDate=',''),('1444523023078','access','admin','/syst/admin',NULL,'/syst/admin/test/update/1444522792556','POST','id=1444522792556&name=wqwqii&createDate=Sun Oct 11 08:19:53 CST 2015&updateDate=',''),('1444523252297','access','admin','/syst/admin',NULL,'/syst/admin/user/update/2','POST','id=2&username=test1&password=&roleId=2',''),('1444523367070','access','admin','/syst/admin',NULL,'/syst/admin/test/update/1444522792556','POST','id=1444522792556&name=wqwqewew',''),('1444523435595','access','admin','/syst/admin',NULL,'/syst/admin/test/update/1444522792556','POST','id=1444522792556&name=wqwqiiiiii',''),('1444523458827','access','admin','/syst/admin',NULL,'/syst/admin/test/update/1444522792556','POST','id=1444522792556&name=test',''),('1444523589961','access','admin','/syst/admin',NULL,'/syst/admin/test/update/1444522792556','POST','id=1444522792556&name=test112',''),('1444526990037','access','admin','/syst/admin',NULL,'/syst/admin/organization/create','POST','parentId=&parentIds=&name=test&available=',''),('1444527152005','access','admin','/syst/admin',NULL,'/syst/admin/organization/create','POST','parentId=&parentIds=&name=test&available=',''),('1444534867380','access','admin','/syst/admin',NULL,'/syst/admin/organization/create','POST','parentId=&parentIds=&name=ass&available=',''),('1444548142682','access','admin','/syst/admin',NULL,'/syst/admin/resource/create','POST','parentId=2&name=组织管理&authName=organization:*&path=/organization&type=menu',''),('1444548969561','access','admin','/syst/admin',NULL,'/syst/admin/resource/create','POST','parentId=2&name=角色授权&authName=roleResource|*&path=/roleResource&type=menu',''),('1444550544945','access','admin','/syst/admin',NULL,'/syst/admin/resource/create','POST','parentId=2&name=组织授权&authName=organizationResource:*&path=/organizationResource&type=menu',''),('1444573320976','access','admin','/syst/admin',NULL,'/syst/admin/resource/create','POST','parentId=&name=关于系统&authName=&path=&type=menu',''),('1444573378659','access','admin','/syst/admin',NULL,'/syst/admin/resource/create','POST','parentId=1444573320799&name=产品信息&authName=&path=/productInfo&type=menu',''),('1444574410762','access','admin','/syst/admin',NULL,'/syst/admin/resource/deleteById','POST','idstring=1',''),('1444575788831','access','admin','/syst/admin',NULL,'/syst/admin/resource/create','POST','parentId=1444573320799&name=修改密码&authName=&path=/changePassword&type=menu',''),('1444628148087','access','admin','/syst/admin',NULL,'/syst/admin/resource/deleteById','POST','idstring=1444575788723',''),('1444631314573','access','admin','/syst/admin',NULL,'/syst/admin/resource/create','POST','parentId=2&name=字典管理&authName=&path=/dictionary&type=menu',''),('1444632936253','access','admin','/syst/admin',NULL,'/syst/admin/dictionary/deleteById','POST','idstring=1444473873037',''),('1444633076902','access','admin','/syst/admin',NULL,'/syst/admin/dictionary/create','POST','value=true&label=是&type=available',''),('1444633285726','access','admin','/syst/admin',NULL,'/syst/admin/dictionary/create','POST','value=false&label=否&type=available',''),('1444635718867','access','admin','/syst/admin',NULL,'/syst/admin/dictionary/create','POST','value=true&label=男&type=sex',''),('1444635730168','access','admin','/syst/admin',NULL,'/syst/admin/dictionary/create','POST','value=false&label=女&type=sex',''),('1444636328281','access','admin','/syst/admin',NULL,'/syst/admin/organization/create','POST','parentId=&name=公司&available=true',''),('1444636390553','access','admin','/syst/admin',NULL,'/syst/admin/organization/deleteById','POST','idstring=1444534865650',''),('1444636521753','access','admin','/syst/admin',NULL,'/syst/admin/organization/create','POST','parentId=1444636328008&name=财务部&available=true',''),('1444636560272','access','admin','/syst/admin',NULL,'/syst/admin/organization/create','POST','parentId=1444636328008&name=市场部&available=true',''),('1444636576043','access','admin','/syst/admin',NULL,'/syst/admin/organization/create','POST','parentId=1444636328008&name=研发部&available=true',''),('1444636666722','access','admin','/syst/admin',NULL,'/syst/admin/organization/create','POST','parentId=1444636575952&name=研发一部&available=true',''),('1444636687175','access','admin','/syst/admin',NULL,'/syst/admin/organization/create','POST','parentId=1444636575952&name=研发二部&available=true',''),('1444646456492','access','admin','/syst/admin',NULL,'/syst/admin/resource/update/1444573378567','POST','parentId=1444573320799&name=产品信息&authName=&path=/user/productInfo&type=menu',''),('1444657440163','access','admin','/syst/admin',NULL,'/syst/admin/user/create','POST','username=123&organizationId=1444636666661&password=&roleId=1',''),('1444658564224','access','admin','/syst/admin',NULL,'/syst/admin/user/deleteById','POST','idstring=1444658081768,1444657439316',''),('1444658595341','access','admin','/syst/admin',NULL,'/syst/admin/user/create','POST','username=123&organizationId=1444636666661&password=&roleId=1',''),('1444660524158','access','admin','/syst/admin',NULL,'/syst/admin/user/update/1444658591291','POST','id=1444658591291&username=123&organizationId=1444636521670&password=&roleId=1',''),('1444660940062','access','admin','/syst/admin',NULL,'/syst/admin/user/update/2','POST','id=2&username=test&organizationId=1444636328008&password=&roleId=2',''),('1444704614238','access','admin','/syst/admin',NULL,'/syst/admin/user/update/2','POST','id=2&username=test&organizationId=1444636328008&password=&roleId=2',''),('1444704720356','access','admin','/syst/admin',NULL,'/syst/admin/user/update/2','POST','id=2&username=test&organizationId=1444636328008&password=&roleId=2',''),('1444705528084','access','admin','/syst/admin',NULL,'/syst/admin/user/update/2','POST','id=2&username=test&organizationId=1444636328008&password=&roleId=1',''),('1444705760683','access','admin','/syst/admin',NULL,'/syst/admin/user/update/2','POST','id=2&username=test&organizationId=1444636328008&password=&roleId=1',''),('1444706427606','access','admin','/syst/admin',NULL,'/syst/admin/user/update/2','POST','id=2&username=test&organizationId=1444636560192&password=&roleId=1',''),('1444706750682','access','admin','/syst/admin',NULL,'/syst/admin/user/update/1','POST','id=1&username=admin&organizationId=1444636328008&password=&roleId=1',''),('1444707135766','access','admin','/syst/admin',NULL,'/syst/admin/user/update/1','POST','id=1&username=admin&organizationId=&password=&roleId=1',''),('1444707160889','access','admin','/syst/admin',NULL,'/syst/admin/user/update/1','POST','id=1&username=admin&organizationId=1444636521670&password=&roleId=1',''),('1444707442615','access','admin','/syst/admin',NULL,'/syst/admin/user/update/1444658591291','POST','id=1444658591291&username=123&organizationId=1444636560192&password=&roleId=1',''),('1444806244826','access','admin','/syst/admin',NULL,'/syst/admin/role/create','POST','name=test1',''),('1444876159396','access','admin','/syst/admin',NULL,'/syst/admin/user/create','POST','username=ewew&organizationId=1444636328008&password=&roleId=1',''),('1444885097090','access','admin','/syst/admin',NULL,'/syst/admin/resource/create','POST','parentId=&name=test&authName=&path=&type=menu',''),('1444885145375','access','admin','/syst/admin',NULL,'/syst/admin/resource/deleteById','POST','idstring=1444885095467',''),('1444890482621','access','admin','/syst/admin',NULL,'/syst/admin/organization/create','POST','parentId=1444636575952&name=研发三部&available=true',''),('1444891927652','access','admin','/syst/admin',NULL,'/syst/admin/organization/update/1444636560192','POST','id=1444636560192&parentId=1444636328008&name=市场部&available=false',''),('1444987150866','access','admin','/syst/admin',NULL,'/syst/admin/resource/create','POST','parentId=&name=数据库&authName=&path=&type=menu',''),('1444987227000','access','admin','/syst/admin',NULL,'/syst/admin/resource/create','POST','parentId=1444987149377&name=数据库备份管理&authName=dbBackup:*&path=/dbBackup&type=menu',''),('1445057609284','access','admin','/syst/admin',NULL,'/syst/admin/dbBackup/deleteById','POST','idstring=94ef4a1e-2c5a-421d-8d91-4e5401e54f0f',''),('1445065243584','access','admin','/syst/admin',NULL,'/syst/admin/resource/deleteById','POST','idstring=1444548968675,1444550544838',''),('1445075671821','access','admin','/syst/admin',NULL,'/syst/admin/resource/create','POST','parentId=&name=栏目&authName=channel:*&path=/channel&type=menu',''),('1445075703962','access','admin','/syst/admin',NULL,'/syst/admin/resource/create','POST','parentId=&name=文档&authName=document:*&path=/document&type=menu',''),('1445084486374','access','admin','/syst/admin',NULL,'/syst/admin/dictionary/create','POST','value=true&label=是&type=openMode',''),('1445084504353','access','admin','/syst/admin',NULL,'/syst/admin/dictionary/create','POST','value=false&label=否&type=openMode',''),('1445086466947','access','admin','/syst/admin',NULL,'/syst/admin/channel/create','POST','parentId=&linkAddr=&desc=&name=新闻&keyword=新闻，news&code=news&openMode=true',''),('1445086819068','access','admin','/syst/admin',NULL,'/syst/admin/channel/create','POST','parentId=&linkAddr=&desc=&name=新闻&keyword=新闻，news&code=news&openMode=true',''),('1445086834289','access','admin','/syst/admin',NULL,'/syst/admin/channel/create','POST','parentId=&linkAddr=&desc=&name=新闻&keyword=新闻，news&code=news&openMode=true',''),('1445130394900','access','admin','/syst/admin',NULL,'/syst/admin/channel/create','POST','descrition=新闻&parentId=&linkAddr=&name=新闻&keyword=新闻，news&code=news&openMode=true',''),('1445137715738','access','admin','/syst/admin',NULL,'/syst/admin/channel/create','POST','descrition=&parentId=&linkAddr=&name=test&keyword=&code=&openMode=true',''),('1445137720485','access','admin','/syst/admin',NULL,'/syst/admin/channel/deleteById','POST','idstring=1445137715690',''),('1445137723908','access','admin','/syst/admin',NULL,'/syst/admin/channel/deleteById','POST','idstring=1445137715690',''),('1445137772871','access','admin','/syst/admin',NULL,'/syst/admin/channel/create','POST','descrition=&parentId=&linkAddr=&name=test&keyword=&code=&openMode=true',''),('1445137782009','access','admin','/syst/admin',NULL,'/syst/admin/channel/deleteById','POST','idstring=1445137772831',''),('1445137809630','access','admin','/syst/admin',NULL,'/syst/admin/channel/create','POST','descrition=&parentId=&linkAddr=&name=test&keyword=&code=&openMode=true',''),('1445137815235','access','admin','/syst/admin',NULL,'/syst/admin/channel/deleteById','POST','idstring=1445137809586',''),('1445139154778','access','admin','/syst/admin',NULL,'/syst/admin/channel/update/1445130394473','POST','id=1445130394473&descrition=新闻&parentId=1445130394473&linkAddr=&name=新闻&keyword=新闻，news&code=news&openMode=true',''),('1445139264057','access','admin','/syst/admin',NULL,'/syst/admin/channel/update/1445130394473','POST','id=1445130394473&descrition=新闻&parentId=&linkAddr=&name=新闻&keyword=新闻，news&code=news&openMode=false',''),('1445139381681','access','admin','/syst/admin',NULL,'/syst/admin/channel/create','POST','descrition=&parentId=1445130394473&linkAddr=&name=体育&keyword=体育，sports&code=sports&openMode=true',''),('1445222940765','access','admin','/syst/admin',NULL,'/syst/admin/document/create','POST','content=&author=&title=&source=&color=&titleImage=&priority=&keyword=&fileAddr=&fileName=&sourceAddr=&size=',''),('1445242395078','access','admin','/syst/admin',NULL,'/syst/admin/document/create','POST','content=&author=黄记新&title=二少联手砍40分 雷霆结束掘金4连胜&editorValue=<p>谈汽车0-100加速度</p><h2>什么是汽车0-100加速度</h2><p>汽车0-100加速度是指汽车点火后从静止状态加速到100km/h所用的时间，民用车通常在7-10秒左右。</p><&source=&titleImage=&color=&priority=&fileAddr=&keyword=&fileName=&sourceAddr=&size=',''),('1445242558317','access','admin','/syst/admin',NULL,'/syst/admin/document/create','POST','content=&author=test&title=test&editorValue=<p>但是很舒服<br/></p>&source=&color=&titleImage=&priority=&fileAddr=&keyword=&fileName=&sourceAddr=&size=',''),('1445243132922','access','admin','/syst/admin',NULL,'/syst/admin/document/create','POST','content=&author=test&title=test&editorValue=<p>te额台湾问题为<br/></p>&source=&titleImage=&color=&priority=&fileAddr=&keyword=&fileName=&sourceAddr=&size=',''),('1445243351338','access','admin','/syst/admin',NULL,'/syst/admin/document/create','POST','content=&author=test&title=test&editorValue=<p>特提斯<br/></p>&source=&titleImage=&color=&priority=&fileAddr=&keyword=&fileName=&sourceAddr=&size=',''),('1445243390828','access','admin','/syst/admin',NULL,'/syst/admin/document/create','POST','content=&author=test&title=test&editorValue=<p>test<br/></p>&source=&titleImage=&color=&priority=&fileAddr=&keyword=&fileName=&sourceAddr=&size=',''),('1445243465003','access','admin','/syst/admin',NULL,'/syst/admin/document/create','POST','content=&author=速度多少&title=到时候&editorValue=<p>第三方的身份<br/></p>&source=&titleImage=&color=&priority=&fileAddr=&keyword=&fileName=&sourceAddr=&size=',''),('1445243727564','access','admin','/syst/admin',NULL,'/syst/admin/document/create','POST','content=&author=&title=&source=&color=&titleImage=&priority=&fileAddr=&keyword=&fileName=&sourceAddr=&size=',''),('1445244571986','access','admin','/syst/admin',NULL,'/syst/admin/document/create','POST','content=&author=&title=&source=&color=&titleImage=&priority=&keyword=&fileAddr=&fileName=&sourceAddr=&size=',''),('1445244631591','access','admin','/syst/admin',NULL,'/syst/admin/document/deleteById','POST','idstring=1445244571092,1445243727454,1445243464921,1445243390752',''),('1445245578403','access','admin','/syst/admin',NULL,'/syst/admin/document/create','POST','content=<p>的时候说的话<br/></p>&author=&title=&editorValue=<p>的时候说的话<br/></p>&source=&titleImage=&color=&priority=&fileAddr=&keyword=&fileName=&sourceAddr=&size=',''),('1445245594050','access','admin','/syst/admin',NULL,'/syst/admin/document/deleteById','POST','idstring=1445245577629',''),('1445245615601','access','admin','/syst/admin',NULL,'/syst/admin/document/create','POST','content=&author=&title=&source=&color=&titleImage=&priority=&keyword=&fileAddr=&fileName=&sourceAddr=&size=',''),('1445245640733','access','admin','/syst/admin',NULL,'/syst/admin/document/create','POST','content=<p>傻大时代<br/></p>&author=test&title=test&editorValue=<p>傻大时代<br/></p>&source=&titleImage=&color=&priority=&fileAddr=&keyword=test&fileName=&sourceAddr=&size=',''),('1445246336518','access','admin','/syst/admin',NULL,'/syst/admin/document/create','POST','content=<p><img src=\"/ueditor/jsp/upload/image/20151019/1445246260741001574.jpg\" style=\"\" title=\"14452462607&author=test&title=test&editorValue=<p><img src=\"/ueditor/jsp/upload/image/20151019/1445246260741001574.jpg\" style=\"\" title=\"14452462607&source=&titleImage=&color=&priority=&fileAddr=&keyword=&fileName=&sourceAddr=&size=',''),('1445249753622','access','admin','/syst/admin',NULL,'/syst/admin/document/create','POST','content=<p>适当放松的方式<br/></p>&author=&title=test&editorValue=<p>适当放松的方式<br/></p>&source=&titleImage=&color=&priority=&fileAddr=&keyword=&fileName=&sourceAddr=&size=',''),('1445249831820','access','admin','/syst/admin',NULL,'/syst/admin/document/deleteById','POST','idstring=1445245640651,1445245615476,1445243351210,1445243131971,1445242558182,1445242394645',''),('1445250072215','access','admin','/syst/admin',NULL,'/syst/admin/document/create','POST','content=<p>test<br/></p>&author=&title=test&editorValue=<p>test<br/></p>&source=&titleImage=&color=&priority=&fileAddr=&keyword=&fileName=&sourceAddr=&size=',''),('1445250101344','access','admin','/syst/admin',NULL,'/syst/admin/document/create','POST','editorValue=<p>发生的<br/></p>&channelId=1445130394473&keyword=&sourceAddr=&size=&content=<p>发生的<br/></p>&author=&title=时代复分&source=&titleImage=&color=&priority=&fileAddr=&fileName=',''),('1445250201938','access','admin','/syst/admin',NULL,'/syst/admin/document/create','POST','editorValue=<p>test<br/></p>&channelId=1445130394473&keyword=&sourceAddr=&size=&content=<p>test<br/></p>&author=&title=test&source=&color=&titleImage=&priority=&fileAddr=&fileName=',''),('1445250240497','access','admin','/syst/admin',NULL,'/syst/admin/document/create','POST','editorValue=<p>test<br/></p>&channelId=1445130394473&keyword=&sourceAddr=&size=&content=<p>test<br/></p>&author=&title=test&source=&color=&titleImage=&priority=&fileAddr=&fileName=',''),('1445250391899','access','admin','/syst/admin',NULL,'/syst/admin/document/deleteById','POST','idstring=1445250240419,1445250201825,1445250101228,1445250072114,1445249752872,1445246335614',''),('1445250404079','access','admin','/syst/admin',NULL,'/syst/admin/document/create','POST','editorValue=<p>test<br/></p>&channelId=1445130394473&keyword=&sourceAddr=&size=&content=<p>test<br/></p>&author=&title=test&source=&titleImage=&color=&priority=&fileAddr=&fileName=',''),('1445306615984','access','admin','/syst/admin',NULL,'/syst/admin/document/create','POST','editorValue=<p>的时候说的话说的话都是<br/></p>&channelId=1445139381638&keyword=&sourceAddr=&size=&content=<p>的时候说的话说的话都是<br/></p>&author=test&title=test&source=&color=&titleImage=&priority=&fileAddr=&fileName=',''),('1445309513544','access','admin','/syst/admin',NULL,'/syst/admin/document/update/1445250404016','POST','editorValue=<p>testfdgd<br/></p>&channelId=1445130394473&keyword=&sourceAddr=&size=&content=<p>testfdgd<br/></p>&id=1445250404016&author=yrdy&title=test&source=&color=&titleImage=&priority=&fileAddr=&fileName=',''),('1445311648453','access','admin','/syst/admin',NULL,'/syst/admin/channel/deleteById','POST','idstring=1445139381638',''),('1445311813384','access','admin','/syst/admin',NULL,'/syst/admin/channel/create','POST','descrition=体育&parentId=&linkAddr=&name=体育&keyword=sports,体育&code=sports&openMode=true',''),('1445312220776','access','admin','/syst/admin',NULL,'/syst/admin/channel/create','POST','descrition=娱乐，entertainment&parentId=&linkAddr=&name=娱乐&keyword=娱乐，entertainment&code=entertainment&openMode=true',''),('1445322326622','access','admin','/syst/admin',NULL,'/syst/admin/channel/create','POST','descrition=科技,tech&parentId=&linkAddr=&name=科技&keyword=科技,tech&code=tech&openMode=true',''),('1445322448238','access','admin','/syst/admin',NULL,'/syst/admin/channel/create','POST','descrition=图集，picture&parentId=&linkAddr=&name=图集&keyword=图集，picture&code=picture&openMode=true',''),('1445322475673','access','admin','/syst/admin',NULL,'/syst/admin/channel/create','POST','descrition=video，视频&parentId=&linkAddr=&name=视频&keyword=video，视频&code=video&openMode=true',''),('1445322552825','access','admin','/syst/admin',NULL,'/syst/admin/channel/create','POST','descrition=product，产品&parentId=&linkAddr=&name=产品&keyword=product，产品&code=product&openMode=true',''),('1445322582071','access','admin','/syst/admin',NULL,'/syst/admin/channel/create','POST','descrition=download，下载&parentId=&linkAddr=&name=下载&keyword=download，下载&code=download&openMode=true',''),('1445323572017','access','admin','/syst/admin',NULL,'/syst/admin/channel/create','POST','descrition=doc，文库&parentId=&linkAddr=&name=文库&keyword=doc，文库&code=doc&openMode=true',''),('1445323609582','access','admin','/syst/admin',NULL,'/syst/admin/channel/create','POST','descrition=notice，网站公告&parentId=&linkAddr=&name=网站公告&keyword=notice，网站公告&code=notice&openMode=true',''),('1445323635460','access','admin','/syst/admin',NULL,'/syst/admin/channel/create','POST','descrition=position，诚聘英才&parentId=&linkAddr=&name=诚聘英才&keyword=position，诚聘英才&code=position&openMode=true',''),('1445502180613','access','admin','/syst/admin',NULL,'/syst/admin/document/create','POST','content=<p>test</p>&author=test&editorValue=<p>test</p>&title=test&source=&titleImage=&color=&channelId=1445130394473&priority=&keyword=test&sourceAddr=',''),('1445506205169','access','admin','/syst/admin',NULL,'/syst/admin/channel/create','POST','descrition=society,&parentId=1445130394473&linkAddr=&name=社会&keyword=society,社会&code=society&openMode=true',''),('1445567200858','access','admin','/syst/admin',NULL,'/syst/admin/dictionary/create','POST','value=true&label=是&type=hidden',''),('1445567211571','access','admin','/syst/admin',NULL,'/syst/admin/dictionary/create','POST','value=false&label=否&type=hidden',''),('1445573148346','access','admin','/syst/admin',NULL,'/syst/admin/document/create','POST','content=<p>123</p>&author=123&editorValue=<p>123</p>&title=123&source=&titleImage=&color=&channelId=1445506204924&priority=&keyword=&sourceAddr=',''),('1445573235349','access','admin','/syst/admin',NULL,'/syst/admin/channel/create','POST','descrition=international,国际&parentId=1445130394473&linkAddr=&name=国际&keyword=international,国际&code=international&openMode=false',''),('1445573294906','access','admin','/syst/admin',NULL,'/syst/admin/document/create','POST','content=<p>英国派军舰赴地中海演习 西班牙称是恐吓行为</p>&author=123&editorValue=<p>英国派军舰赴地中海演习 西班牙称是恐吓行为</p>&title=英国派军舰赴地中海演习 西班牙称是恐吓行为&source=&titleImage=&color=&channelId=1445573235198&priority=&keyword=&sourceAddr=',''),('1445589799282','access','admin','/syst/admin',NULL,'/syst/admin/document/update/1445573294870','POST','editorValue=<p><span style=\"font-family: Verdana, Arial, Tahoma; font-size: 12px; background-color: rgb(255, 255&channelId=1445573235198&keyword=&sourceAddr=&size=&content=<p><span style=\"font-family: Verdana, Arial, Tahoma; font-size: 12px; background-color: rgb(255, 255&id=1445573294870&author=123&title=英国派军舰赴地中海演习 西班牙称是恐吓行为&source=&color=&titleImage=&priority=&fileAddr=&fileName=',''),('1445590069906','access','admin','/syst/admin',NULL,'/syst/admin/document/update/1445573294870','POST','editorValue=<p><span style=\"font-family: Verdana, Arial, Tahoma; font-size: 12px; background-color: rgb(255, 255&channelId=1445573235198&keyword=&sourceAddr=&size=&id=1445573294870&author=123&title=英国派军舰赴地中海演习 西班牙称是恐吓行为&source=&color=&titleImage=&priority=&fileAddr=&fileName=',''),('1445590572058','access','admin','/syst/admin',NULL,'/syst/admin/document/update/1445573294870','POST','editorValue=<p><span style=\"font-family: Verdana, Arial, Tahoma; font-size: 12px; background-color: rgb(255, 255&channelId=1445573235198&keyword=&sourceAddr=&size=&content=<p><span style=\"font-family: Verdana, Arial, Tahoma; font-size: 12px; background-color: rgb(255, 255&id=1445573294870&author=123&title=英国派军舰赴地中海演习 西班牙称是恐吓行为&source=&color=&titleImage=&priority=&fileAddr=&fileName=',''),('1445591560673','access','admin','/syst/admin',NULL,'/syst/admin/document/update/1445573294870','POST','editorValue=<p>腾讯财经讯 北京10月23日下午消息 据日本共同网文章，访日外国游客人数和消费额正在不断刷新历史纪录，今年1至9月分别达1448万人和25,967亿日元（约合人民币1368亿元），超过了去年全年&channelId=1445573235198&keyword=&sourceAddr=&size=&id=1445573294870&content=<p>腾讯财经讯 北京10月23日下午消息 据日本共同网文章，访日外国游客人数和消费额正在不断刷新历史纪录，今年1至9月分别达1448万人和25,967亿日元（约合人民币1368亿元），超过了去年全年&author=123&title=中国游客持续火爆 日媒：警惕过度依赖中国&source=&color=&titleImage=&priority=&fileAddr=&fileName=',''),('1445672557092','access','admin','/syst/admin',NULL,'/syst/admin/channel/create','POST','descrition=&parentId=1445311813162&linkAddr=sports/sdfsdf&name=&keyword=&code=sdfsdf&openMode=true',''),('1445672570275','access','admin','/syst/admin',NULL,'/syst/admin/channel/deleteById','POST','idstring=1445672555584',''),('1445672614253','access','admin','/syst/admin',NULL,'/syst/admin/channel/create','POST','descrition=篮球sports/basketball&parentId=1445311813162&linkAddr=sports/basketball&name=篮球&keyword=篮球,sports/basketball&code=basketball&openMode=true',''),('1445672877474','access','admin','/syst/admin',NULL,'/syst/admin/channel/update/1445130394473','POST','id=1445130394473&descrition=新闻&parentId=&linkAddr=news&name=新闻&keyword=新闻，news&code=news&openMode=false',''),('1445672953081','access','admin','/syst/admin',NULL,'/syst/admin/channel/update/1445506204924','POST','id=1445506204924&descrition=society,&parentId=1445130394473&linkAddr=news/society&name=社会&keyword=society,社会&code=society&openMode=true',''),('1445673027542','access','admin','/syst/admin',NULL,'/syst/admin/channel/update/1445573235198','POST','id=1445573235198&descrition=international,国际&parentId=1445130394473&linkAddr=news/international&name=国际&keyword=international,国际&code=international&openMode=false',''),('1445673404283','access','admin','/syst/admin',NULL,'/syst/admin/channel/update/1445311813162','POST','id=1445311813162&descrition=体育&parentId=&linkAddr=sports&name=体育&keyword=sports,体育&code=sports&openMode=true',''),('1445673528622','access','admin','/syst/admin',NULL,'/syst/admin/channel/update/1445312220733','POST','id=1445312220733&descrition=娱乐，entertainment&parentId=&linkAddr=entertainment&name=娱乐&keyword=娱乐，entertainment&code=entertainment&openMode=true',''),('1445673647872','access','admin','/syst/admin',NULL,'/syst/admin/channel/update/1445322325956','POST','id=1445322325956&descrition=科技,tech&parentId=&linkAddr=tech&name=科技&keyword=科技,tech&code=tech&openMode=true',''),('1445673674307','access','admin','/syst/admin',NULL,'/syst/admin/channel/update/1445322448152','POST','id=1445322448152&descrition=图集，picture&parentId=&linkAddr=picture&name=图集&keyword=图集，picture&code=picture&openMode=true',''),('1445673687411','access','admin','/syst/admin',NULL,'/syst/admin/channel/update/1445322475610','POST','id=1445322475610&descrition=video，视频&parentId=&linkAddr=video&name=视频&keyword=video，视频&code=video&openMode=true',''),('1445673701949','access','admin','/syst/admin',NULL,'/syst/admin/channel/update/1445322552743','POST','id=1445322552743&descrition=product，产品&parentId=&linkAddr=product&name=产品&keyword=product，产品&code=product&openMode=true',''),('1445673718112','access','admin','/syst/admin',NULL,'/syst/admin/channel/update/1445322582001','POST','id=1445322582001&descrition=download，下载&parentId=&linkAddr=download&name=下载&keyword=download，下载&code=download&openMode=true',''),('1445673730813','access','admin','/syst/admin',NULL,'/syst/admin/channel/update/1445323571971','POST','id=1445323571971&descrition=doc，文库&parentId=&linkAddr=doc&name=文库&keyword=doc，文库&code=doc&openMode=true',''),('1445673745577','access','admin','/syst/admin',NULL,'/syst/admin/channel/update/1445323609464','POST','id=1445323609464&descrition=notice，网站公告&parentId=&linkAddr=notice&name=网站公告&keyword=notice，网站公告&code=notice&openMode=true',''),('1445673765566','access','admin','/syst/admin',NULL,'/syst/admin/channel/update/1445323635367','POST','id=1445323635367&descrition=position，诚聘英才&parentId=&linkAddr=position&name=诚聘英才&keyword=position，诚聘英才&code=position&openMode=true',''),('1445740435156','access','admin','/syst/admin',NULL,'/syst/admin/dictionary/create','POST','value=false&label=true&type=asdocument',''),('1445740454680','access','admin','/syst/admin',NULL,'/syst/admin/dictionary/create','POST','value=false&label=否&type=asdocument',''),('1445740478911','access','admin','/syst/admin',NULL,'/syst/admin/dictionary/update/1445740433805','POST','id=1445740433805&value=false&label=是&type=asdocument',''),('1445740575737','access','admin','/syst/admin',NULL,'/syst/admin/dictionary/update/1445740433805','POST','id=1445740433805&value=true&label=是&type=asdocument',''),('1445741407519','access','admin','/syst/admin',NULL,'/syst/admin/channel/update/1445506204924','POST','id=1445506204924&descrition=society,&parentId=1445130394473&linkAddr=news/society&hidden=false&name=社会&keyword=society,社会&code=society&channelTemplete=&openMode=false&asdocument=false',''),('1445823925396','access','admin','/syst/admin',NULL,'/syst/admin/channel/create','POST','descrition=关于我们，aboutus&parentId=&linkAddr=aboutus&hidden=true&name=关于我们&keyword=关于我们，aboutus&code=aboutus&channelTemplete=default/test.jsp&openMode=false&asdocument=true',''),('1445824762514','access','admin','/syst/admin',NULL,'/syst/admin/channel/update/1445823924985','POST','id=1445823924985&descrition=关于我们，aboutus&parentId=&linkAddr=aboutus&hidden=true&name=关于我们&keyword=关于我们，aboutus&code=aboutus&channelTemplete=default/test.jsp&openMode=false&asdocument=true',''),('1445826571690','access','admin','/syst/admin',NULL,'/syst/admin/document/create','POST','editorValue=<h1 style=\"margin: 15px 35px; padding: 0px 0px 15px; font-size: 18px; color: rgb(51, 51, 51); font-s&channelId=1445823924985&keyword=&documentTemplete=default/test.jsp&sourceAddr=&content=<h1 style=\"margin: 15px 35px; padding: 0px 0px 15px; font-size: 18px; color: rgb(51, 51, 51); font-s&author=&title=关于我们&source=&color=&titleImage=&hidden=true&priority=',''),('1445829887884','access','admin','/syst/admin',NULL,'/syst/admin/channel/update/1445823924985','POST','id=1445823924985&descrition=关于我们，aboutus&parentId=&linkAddr=aboutus&hidden=true&name=关于我们&keyword=关于我们，aboutus&code=aboutus&channelTemplete=default/test&openMode=false&asdocument=true',''),('1445830274478','access','admin','/syst/admin',NULL,'/syst/admin/document/update/1445826571527','POST','editorValue=<h1 style=\"margin: 15px 35px; padding: 0px 0px 15px; font-size: 18px; color: rgb(51, 51, 51); font-s&channelId=1445823924985&documentTemplete=default/test&keyword=&sourceAddr=&size=&id=1445826571527&content=<h1 style=\"margin: 15px 35px; padding: 0px 0px 15px; font-size: 18px; color: rgb(51, 51, 51); font-s&author=&title=关于我们&source=&titleImage=&color=&priority=&hidden=true&fileAddr=',''),('1445832244499','access','admin','/syst/admin',NULL,'/syst/admin/document/update/1445826571527','POST','editorValue=<h1 style=\"margin: 15px 35px; padding: 0px 0px 15px; font-size: 18px; color: rgb(51, 51, 51); font-s&channelId=1445823924985&documentTemplete=default/test&keyword=&sourceAddr=&size=&id=1445826571527&content=<h1 style=\"margin: 15px 35px; padding: 0px 0px 15px; font-size: 18px; color: rgb(51, 51, 51); font-s&author=&title=公司简介&source=&titleImage=&color=&priority=&hidden=true&fileAddr=',''),('1445832556633','access','admin','/syst/admin',NULL,'/syst/admin/document/create','POST','editorValue=<h1 style=\"white-space: normal; margin: 15px 35px; padding: 0px 0px 15px; font-size: 18px; color: rg&channelId=1445823924985&keyword=发展历程&documentTemplete=&sourceAddr=&content=<h1 style=\"white-space: normal; margin: 15px 35px; padding: 0px 0px 15px; font-size: 18px; color: rg&author=&title=发展历程&source=&color=&titleImage=&hidden=true&priority=',''),('1445842678345','access','admin','/syst/admin',NULL,'/syst/admin/channel/create','POST','descrition=dsfsdf&parentId=1445823924985&linkAddr=aboutus/qiyewenhua&hidden=false&name=企业文化&keyword=企业文化,qiyewenhua&code=qiyewenhua&openMode=false&asdocument=true&documentId=',''),('1445842761024','access','admin','/syst/admin',NULL,'/syst/admin/channel/deleteById','POST','idstring=1445842677582',''),('1445842816896','access','admin','/syst/admin',NULL,'/syst/admin/channel/create','POST','descrition=&parentId=1445823924985&linkAddr=aboutus/qiyewenhua&hidden=false&name=企业文化&keyword=&code=qiyewenhua&openMode=false&asdocument=true&documentId=1445832556483',''),('1445843145227','access','admin','/syst/admin',NULL,'/syst/admin/channel/create','POST','descrition=&parentId=1445823924985&linkAddr=aboutus/quarlitySystem&hidden=false&name=质量体系&keyword=&code=quarlitySystem&openMode=false&asdocument=true&documentId=1445832556483',''),('1445843356238','access','admin','/syst/admin',NULL,'/syst/admin/channel/deleteById','POST','idstring=1445843145145',''),('1445844279362','access','admin','/syst/admin',NULL,'/syst/admin/channel/create','POST','descrition=发展历程,history&parentId=1445823924985&linkAddr=aboutus/history&hidden=false&name=发展历程&keyword=发展历程,history&code=history&openMode=false&asdocument=true&documentId=1445832556483',''),('1445844789708','access','admin','/syst/admin',NULL,'/syst/admin/channel/update/1445844279063','POST','id=1445844279063&descrition=发展历程,history&parentId=1445823924985&linkAddr=aboutus/history&hidden=false&name=发展历程&keyword=发展历程,history&code=history&channelTemplete=&openMode=false&asdocument=true',''),('1445846106656','access','admin','/syst/admin',NULL,'/syst/admin/document/update/1445832556483','POST','editorValue=<h1 style=\"white-space: normal; margin: 15px 35px; padding: 0px 0px 15px; font-size: 18px; color: rg&channelId=1445823924985&documentTemplete=default/test&keyword=发展历程&sourceAddr=&size=&id=1445832556483&content=<h1 style=\"white-space: normal; margin: 15px 35px; padding: 0px 0px 15px; font-size: 18px; color: rg&author=&title=发展历程&source=&titleImage=&color=&priority=&hidden=true&fileAddr=',''),('1445846786079','access','admin','/syst/admin',NULL,'/syst/admin/channel/update/1445823924985','POST','id=1445823924985&descrition=关于我们，aboutus&parentId=&linkAddr=aboutus&hidden=true&name=关于我们&keyword=关于我们，aboutus&code=aboutus&openMode=false&asdocument=true',''),('1445846932758','access','admin','/syst/admin',NULL,'/syst/admin/channel/update/1445823924985','POST','id=1445823924985&descrition=关于我们，aboutus&parentId=&linkAddr=aboutus&hidden=true&name=关于我们&keyword=关于我们，aboutus&code=aboutus&openMode=false&asdocument=true',''),('1445847054095','access','admin','/syst/admin',NULL,'/syst/admin/channel/update/1445823924985','POST','id=1445823924985&descrition=关于我们，aboutus&parentId=&linkAddr=aboutus&hidden=true&name=关于我们&keyword=关于我们，aboutus&code=aboutus&channelTemplete=&openMode=false&asdocument=true',''),('1445847307130','access','admin','/syst/admin',NULL,'/syst/admin/channel/update/1445823924985','POST','id=1445823924985&descrition=关于我们，aboutus&parentId=&linkAddr=aboutus&hidden=true&name=关于我们&keyword=关于我们，aboutus&code=aboutus&channelTemplete=&openMode=false&asdocument=true&documentId=1445826571527',''),('1445932612080','access','admin','/syst/admin',NULL,'/syst/admin/log/deleteById','POST','idstring=1445853807130,1445852169204,1445852116529',''),('1445933542372','access','admin','/syst/admin',NULL,'/syst/admin/channel/deleteById','POST','idstring=1445130394473,1445506204924,1445573235198,1445311813162,1445672614195,1445312220733,1445322325956,14',''),('1445933614803','access','admin','/syst/admin',NULL,'/syst/admin/channel/create','POST','descrition=&parentId=&linkAddr=/&hidden=false&name=公司主页&keyword=公司主页，网聚&code=/&channelTemplete=&openMode=false&asdocument=false&documentId=',''),('1445933697755','access','admin','/syst/admin',NULL,'/syst/admin/channel/create','POST','descrition=&parentId=&linkAddr=aboutus&hidden=false&name=关于我们&keyword=公司主页，关于我们&code=aboutus&channelTemplete=&openMode=false&asdocument=false&documentId=',''),('1445933756152','access','admin','/syst/admin',NULL,'/syst/admin/channel/create','POST','descrition=&parentId=1445933697685&linkAddr=aboutus/organization&hidden=false&name=组织架构&keyword=组织架构&code=organization&channelTemplete=&openMode=false&asdocument=false&documentId=',''),('1445933793481','access','admin','/syst/admin',NULL,'/syst/admin/channel/create','POST','descrition=&parentId=1445933697685&linkAddr=aboutus/history&hidden=false&name=公司历史&keyword=公司历史&code=history&channelTemplete=&openMode=false&asdocument=false&documentId=',''),('1445933824337','access','admin','/syst/admin',NULL,'/syst/admin/channel/create','POST','descrition=contact&parentId=1445933697685&linkAddr=aboutus/contact&hidden=false&name=联系我们&keyword=联系我们&code=contact&channelTemplete=&openMode=false&asdocument=false&documentId=',''),('1445933911063','access','admin','/syst/admin',NULL,'/syst/admin/channel/create','POST','descrition=product产品展示&parentId=&linkAddr=product&hidden=false&name=产品展示&keyword=产品展示&code=product&channelTemplete=&openMode=false&asdocument=false&documentId=',''),('1445934192770','access','admin','/syst/admin',NULL,'/syst/admin/channel/create','POST','descrition=医药原料及中间体&parentId=1445933910969&linkAddr=product/yyyljzhjt&hidden=false&name=医药原料及中间体&keyword=医药原料及中间体&code=yyyljzhjt&channelTemplete=&openMode=false&asdocument=false&documentId=',''),('1445934220843','access','admin','/syst/admin',NULL,'/syst/admin/channel/create','POST','descrition=无机化工产品&parentId=1445933910969&linkAddr=product/wjhgchp&hidden=false&name=无机化工产品&keyword=无机化工产品&code=wjhgchp&channelTemplete=&openMode=false&asdocument=false&documentId=',''),('1445934282778','access','admin','/syst/admin',NULL,'/syst/admin/channel/create','POST','descrition=香精香料及植物提取物&parentId=1445933910969&linkAddr=product/xjxljzhwtqw&hidden=false&name=香精香料及植物提取物&keyword=香精香料及植物提取物&code=xjxljzhwtqw&channelTemplete=&openMode=false&asdocument=false&documentId=',''),('1445934363192','access','admin','/syst/admin',NULL,'/syst/admin/channel/create','POST','descrition=新闻中心&parentId=&linkAddr=news&hidden=false&name=新闻中心&keyword=新闻中心&code=news&channelTemplete=&openMode=false&asdocument=false&documentId=',''),('1445934469054','access','admin','/syst/admin',NULL,'/syst/admin/channel/create','POST','descrition=招聘信息,jobs&parentId=&linkAddr=jobs&hidden=false&name=招聘信息&keyword=招聘信息,jobs&code=jobs&channelTemplete=&openMode=false&asdocument=false&documentId=',''),('1445940555174','access','admin','/syst/admin',NULL,'/syst/admin/document/create','POST','editorValue=<h1 label=\"标题居中\" style=\"font-size: 32px; font-weight: bold; border-bottom-color: rgb(204, 204, 204);&channelId=1445933697685&keyword=&documentTemplete=&sourceAddr=&content=<h1 label=\"标题居中\" style=\"font-size: 32px; font-weight: bold; border-bottom-color: rgb(204, 204, 204);&author=&title=公司简介&source=&color=&titleImage=&hidden=true&priority=',''),('1445940588755','access','admin','/syst/admin',NULL,'/syst/admin/channel/update/1445933697685','POST','id=1445933697685&descrition=&parentId=&linkAddr=aboutus&hidden=false&name=关于我们&keyword=公司主页，关于我们&code=aboutus&openMode=false&asdocument=true&documentId=1445940554062',''),('1445941023750','access','admin','/syst/admin',NULL,'/syst/admin/document/update/1445940554062','POST','editorValue=<h1 label=\"标题居中\" style=\"font-size: 32px; font-weight: bold; border-bottom-color: rgb(204, 204, 204);&channelId=1445933697685&documentTemplete=WEB-INF//default/single&keyword=&sourceAddr=&size=&id=1445940554062&content=<h1 label=\"标题居中\" style=\"font-size: 32px; font-weight: bold; border-bottom-color: rgb(204, 204, 204);&author=&title=公司简介&source=&titleImage=&color=&priority=&hidden=true&fileAddr=',''),('1445941122676','access','admin','/syst/admin',NULL,'/syst/admin/channel/update/1445933697685','POST','id=1445933697685&descrition=&parentId=&linkAddr=aboutus&hidden=false&name=关于我们&keyword=公司主页，关于我们&code=aboutus&channelTemplete=&openMode=false&asdocument=true&documentId=1445940554062',''),('1445941188235','access','admin','/syst/admin',NULL,'/syst/admin/document/update/1445940554062','POST','editorValue=<h1 label=\"标题居中\" style=\"font-size: 32px; font-weight: bold; border-bottom-color: rgb(204, 204, 204);&channelId=1445933697685&documentTemplete=default/single&keyword=&sourceAddr=&size=&id=1445940554062&content=<h1 label=\"标题居中\" style=\"font-size: 32px; font-weight: bold; border-bottom-color: rgb(204, 204, 204);&author=&title=公司简介&source=&titleImage=&color=&priority=&hidden=true&fileAddr=',''),('1445941803721','access','admin','/syst/admin',NULL,'/syst/admin/document/update/1445940554062','POST','editorValue=<p style=\"white-space: normal;\">&nbsp; 新开普电子股份有限公司2000年成立于郑州高新技术产业开发区，注册资本28544万元。公司专业致力于开发以智能卡及RFID&channelId=1445933697685&documentTemplete=default/single&keyword=&sourceAddr=&size=&id=1445940554062&content=<p style=\"white-space: normal;\">&nbsp; 新开普电子股份有限公司2000年成立于郑州高新技术产业开发区，注册资本28544万元。公司专业致力于开发以智能卡及RFID&author=&title=公司简介&source=&titleImage=&color=&priority=&hidden=true&fileAddr=',''),('1445941847365','access','admin','/syst/admin',NULL,'/syst/admin/document/update/1445940554062','POST','editorValue=<p style=\"white-space: normal;\"><span style=\"font-size: 14px;\">&nbsp;&nbsp;&nbsp;&nbsp;新开普电子股份有限公司20&channelId=1445933697685&documentTemplete=default/single&keyword=&sourceAddr=&size=&id=1445940554062&content=<p style=\"white-space: normal;\"><span style=\"font-size: 14px;\">&nbsp;&nbsp;&nbsp;&nbsp;新开普电子股份有限公司20&author=&title=公司简介&source=&titleImage=&color=&priority=&hidden=true&fileAddr=',''),('1445944238969','access','admin','/syst/admin',NULL,'/syst/admin/document/create','POST','editorValue=<p style=\"margin-right: 10px; margin-left: 34px; padding: 0px; line-height: 24px; font-size: 12px; c&channelId=&keyword=&documentTemplete=default/single&sourceAddr=&content=<p style=\"margin-right: 10px; margin-left: 34px; padding: 0px; line-height: 24px; font-size: 12px; c&author=&title=公司历史&source=&color=&titleImage=&hidden=true&priority=',''),('1445944340703','access','admin','/syst/admin',NULL,'/syst/admin/document/create','POST','editorValue=<p style=\"margin-right: 10px; margin-left: 34px; padding: 0px; line-height: 24px; font-size: 12px; c&channelId=1445933793433&keyword=&documentTemplete=default/single&sourceAddr=&content=<p style=\"margin-right: 10px; margin-left: 34px; padding: 0px; line-height: 24px; font-size: 12px; c&author=&title=公司历史&source=&color=&titleImage=&hidden=true&priority=',''),('1445944375088','access','admin','/syst/admin',NULL,'/syst/admin/channel/update/1445933793433','POST','id=1445933793433&descrition=&parentId=1445933697685&linkAddr=aboutus/history&hidden=false&name=公司历史&keyword=公司历史&code=history&openMode=false&asdocument=true&documentId=1445944340585',''),('1445947810766','access','admin','/syst/admin',NULL,'/syst/admin/document/create','POST','editorValue=<p style=\"margin: 0px 10px 20px 30px; padding: 0px; line-height: 22px; font-family: Arial, Helvetica&channelId=1445933824290&keyword=&documentTemplete=default/single&sourceAddr=&content=<p style=\"margin: 0px 10px 20px 30px; padding: 0px; line-height: 22px; font-family: Arial, Helvetica&author=&title=联系我们&source=&color=&titleImage=&hidden=true&priority=',''),('1445947842295','access','admin','/syst/admin',NULL,'/syst/admin/channel/update/1445933824290','POST','descrition=contact&keyword=联系我们&code=contact&id=1445933824290&parentId=1445933697685&linkAddr=aboutus/contact&hidden=false&name=联系我们&openMode=false&asdocument=true&documentId=1445947810718',''),('1445947886011','access','admin','/syst/admin',NULL,'/syst/admin/document/update/1445947810718','POST','editorValue=<p style=\"margin: 0px 10px 20px 30px; padding: 0px; line-height: 22px; font-family: Arial, Helvetica&channelId=1445933824290&documentTemplete=default/single&keyword=&sourceAddr=&size=&id=1445947810718&content=<p style=\"margin: 0px 10px 20px 30px; padding: 0px; line-height: 22px; font-family: Arial, Helvetica&author=&title=联系我们&source=&titleImage=&color=&priority=&hidden=true&fileAddr=',''),('1445948172030','access','admin','/syst/admin',NULL,'/syst/admin/channel/update/1445934363146','POST','descrition=新闻中心&keyword=新闻中心&code=news&id=1445934363146&parentId=&linkAddr=news&hidden=false&name=新闻中心&channelTemplete=default/news&openMode=false&asdocument=false&documentId=',''),('1445948748159','access','admin','/syst/admin',NULL,'/syst/admin/document/create','POST','editorValue=<p style=\"margin-top: 0px; padding: 0px; border: 0px; list-style: none; word-wrap: normal; word-brea&channelId=1445934363146&keyword=&documentTemplete=&sourceAddr=&content=<p style=\"margin-top: 0px; padding: 0px; border: 0px; list-style: none; word-wrap: normal; word-brea&author=&title=江苏化工企业接受环境风险全面排查&source=&color=&titleImage=&hidden=true&priority=',''),('1445948753346','access','admin','/syst/admin',NULL,'/syst/admin/document/create','POST','editorValue=<p style=\"margin-top: 0px; padding: 0px; border: 0px; list-style: none; word-wrap: normal; word-brea&channelId=1445934363146&keyword=&documentTemplete=&sourceAddr=&content=<p style=\"margin-top: 0px; padding: 0px; border: 0px; list-style: none; word-wrap: normal; word-brea&author=&title=江苏化工企业接受环境风险全面排查&source=&color=&titleImage=&hidden=true&priority=',''),('1445948756562','access','admin','/syst/admin',NULL,'/syst/admin/document/create','POST','editorValue=<p style=\"margin-top: 0px; padding: 0px; border: 0px; list-style: none; word-wrap: normal; word-brea&channelId=1445934363146&keyword=&documentTemplete=&sourceAddr=&content=<p style=\"margin-top: 0px; padding: 0px; border: 0px; list-style: none; word-wrap: normal; word-brea&author=&title=江苏化工企业接受环境风险全面排查&source=&color=&titleImage=&hidden=true&priority=',''),('1445948760119','access','admin','/syst/admin',NULL,'/syst/admin/document/create','POST','editorValue=<p style=\"margin-top: 0px; padding: 0px; border: 0px; list-style: none; word-wrap: normal; word-brea&channelId=1445934363146&keyword=&documentTemplete=&sourceAddr=&content=<p style=\"margin-top: 0px; padding: 0px; border: 0px; list-style: none; word-wrap: normal; word-brea&author=&title=江苏化工企业接受环境风险全面排查&source=&color=&titleImage=&hidden=true&priority=',''),('1445953109624','access','admin','/syst/admin',NULL,'/syst/admin/document/update/1445948759983','POST','editorValue=<p style=\"margin-top: 0px; padding: 0px; border: 0px; list-style: none; word-wrap: normal; word-brea&channelId=1445934363146&documentTemplete=default/newsInfo&keyword=&sourceAddr=&size=&id=1445948759983&content=<p style=\"margin-top: 0px; padding: 0px; border: 0px; list-style: none; word-wrap: normal; word-brea&author=&title=江苏化工企业接受环境风险全面排查&source=&titleImage=&color=&priority=&hidden=true&fileAddr=',''),('1445953590061','access','admin','/syst/admin',NULL,'/syst/admin/document/update/1445948756494','POST','editorValue=<p style=\"margin-top: 0px; padding: 0px; border: 0px; list-style: none; word-wrap: normal; word-brea&channelId=1445934363146&documentTemplete=default/newsInfo&keyword=&sourceAddr=&size=&id=1445948756494&content=<p style=\"margin-top: 0px; padding: 0px; border: 0px; list-style: none; word-wrap: normal; word-brea&author=&title=江苏化工企业接受环境风险全面排查&source=&titleImage=&color=&priority=&hidden=true&fileAddr=',''),('1445953599612','access','admin','/syst/admin',NULL,'/syst/admin/document/update/1445948753286','POST','editorValue=<p style=\"margin-top: 0px; padding: 0px; border: 0px; list-style: none; word-wrap: normal; word-brea&channelId=1445934363146&documentTemplete=default/newsInfo&keyword=&sourceAddr=&size=&id=1445948753286&content=<p style=\"margin-top: 0px; padding: 0px; border: 0px; list-style: none; word-wrap: normal; word-brea&author=&title=江苏化工企业接受环境风险全面排查&source=&titleImage=&color=&priority=&hidden=true&fileAddr=',''),('1445953610225','access','admin','/syst/admin',NULL,'/syst/admin/document/update/1445948748061','POST','editorValue=<p style=\"margin-top: 0px; padding: 0px; border: 0px; list-style: none; word-wrap: normal; word-brea&channelId=1445934363146&documentTemplete=default/newsInfo&keyword=&sourceAddr=&size=&id=1445948748061&content=<p style=\"margin-top: 0px; padding: 0px; border: 0px; list-style: none; word-wrap: normal; word-brea&author=&title=江苏化工企业接受环境风险全面排查&source=&titleImage=&color=&priority=&hidden=true&fileAddr=',''),('1445955237243','access','admin','/syst/admin',NULL,'/syst/admin/channel/update/1445933697685','POST','id=1445933697685&descrition=&parentId=&linkAddr=channel/aboutus&hidden=false&name=关于我们&keyword=公司主页，关于我们&code=aboutus&channelTemplete=&openMode=false&asdocument=true&documentId=1445940554062',''),('1445955269165','access','admin','/syst/admin',NULL,'/syst/admin/channel/update/1445933756067','POST','id=1445933756067&descrition=&parentId=1445933697685&linkAddr=channel/aboutus/organization&hidden=false&name=组织架构&keyword=组织架构&code=organization&channelTemplete=&openMode=false&asdocument=false&documentId=',''),('1445955283881','access','admin','/syst/admin',NULL,'/syst/admin/channel/update/1445933793433','POST','id=1445933793433&descrition=&parentId=1445933697685&linkAddr=channel/aboutus/history&hidden=false&name=公司历史&keyword=公司历史&code=history&channelTemplete=&openMode=false&asdocument=true&documentId=1445944340585',''),('1445955301385','access','admin','/syst/admin',NULL,'/syst/admin/channel/update/1445933824290','POST','id=1445933824290&descrition=contact&parentId=1445933697685&linkAddr=channel/aboutus/contact&hidden=false&name=联系我们&keyword=联系我们&code=contact&channelTemplete=&openMode=false&asdocument=true&documentId=1445947810718',''),('1445955314967','access','admin','/syst/admin',NULL,'/syst/admin/channel/update/1445934363146','POST','id=1445934363146&descrition=新闻中心&parentId=&linkAddr=channel/news&hidden=false&name=新闻中心&keyword=新闻中心&code=news&channelTemplete=default/news&openMode=false&asdocument=false&documentId=',''),('1446003030012','access','admin','/syst/admin',NULL,'/syst/admin/channel/update/1445933697685','POST','id=1445933697685&descrition=&parentId=&linkAddr=aboutus&hidden=false&name=关于我们&keyword=公司主页，关于我们&code=aboutus&channelTemplete=&openMode=false&asdocument=true&documentId=1445940554062',''),('1446003041908','access','admin','/syst/admin',NULL,'/syst/admin/channel/update/1445933756067','POST','id=1445933756067&descrition=&parentId=1445933697685&linkAddr=aboutus/organization&hidden=false&name=组织架构&keyword=组织架构&code=organization&channelTemplete=&openMode=false&asdocument=false&documentId=',''),('1446003056076','access','admin','/syst/admin',NULL,'/syst/admin/channel/update/1445933793433','POST','id=1445933793433&descrition=&parentId=1445933697685&linkAddr=aboutus/history&hidden=false&name=公司历史&keyword=公司历史&code=history&channelTemplete=&openMode=false&asdocument=true&documentId=1445944340585',''),('1446003069473','access','admin','/syst/admin',NULL,'/syst/admin/channel/update/1445933824290','POST','id=1445933824290&descrition=contact&parentId=1445933697685&linkAddr=aboutus/contact&hidden=false&name=联系我们&keyword=联系我们&code=contact&channelTemplete=&openMode=false&asdocument=true&documentId=1445947810718',''),('1446003087149','access','admin','/syst/admin',NULL,'/syst/admin/channel/update/1445933614530','POST','id=1445933614530&descrition=&parentId=&linkAddr=&hidden=false&name=公司主页&keyword=公司主页，网聚&code=/&channelTemplete=&openMode=false&asdocument=false&documentId=',''),('1446032319136','access','admin','/syst/admin',NULL,'/syst/admin/channel/update/1445933697685','POST','id=1445933697685&descrition=&parentId=&linkAddr=aboutes&hidden=false&name=关于我们&keyword=公司主页，关于我们&code=about&channelTemplete=&openMode=false&asdocument=true&documentId=1445940554062',''),('1446032369984','access','admin','/syst/admin',NULL,'/syst/admin/channel/update/1445933756067','POST','id=1445933756067&descrition=&parentId=1445933697685&linkAddr=aboutes/organizationes&hidden=false&name=组织架构&keyword=组织架构&code=organizationes&channelTemplete=&openMode=false&asdocument=false&documentId=',''),('1446032499158','access','admin','/syst/admin',NULL,'/syst/admin/channel/update/1445933793433','POST','id=1445933793433&descrition=&parentId=1445933697685&linkAddr=aboutes/historyes&hidden=false&name=公司历史&keyword=公司历史&code=historyes&channelTemplete=&openMode=false&asdocument=true&documentId=1445944340585',''),('1446084590226','access','admin','/syst/admin',NULL,'/syst/admin/document/update/1445948759983','POST','editorValue=<p>ewewfewfwefewewfewfwefewewfewfwefewewfewfwefewewfewfwefewewfewfwefewewfewfwefewewfewfwefewewfewfw&channelId=1445934363146&documentTemplete=default/newsInfo&keyword=&sourceAddr=&size=&id=1445948759983&content=<p>ewewfewfwefewewfewfwefewewfewfwefewewfewfwefewewfewfwefewewfewfwefewewfewfwefewewfewfwefewewfewfw&author=&title=江苏化工企业接受环境风险全面排查&source=&titleImage=&color=&priority=&hidden=true&fileAddr=',''),('1446084670061','access','admin','/syst/admin',NULL,'/syst/admin/channel/update/1445933697685','POST','id=1445933697685&descrition=&parentId=&linkAddr=aboutus&hidden=false&name=关于我们&keyword=公司主页，关于我们&code=aboutus&channelTemplete=&openMode=false&asdocument=true&documentId=1445940554062',''),('1446084790743','access','admin','/syst/admin',NULL,'/syst/admin/channel/update/1445933756067','POST','id=1445933756067&descrition=&parentId=1445933697685&linkAddr=aboutus/organization&hidden=false&name=组织架构&keyword=组织架构&code=organization&channelTemplete=&openMode=false&asdocument=false&documentId=',''),('1446084825096','access','admin','/syst/admin',NULL,'/syst/admin/channel/update/1445933793433','POST','id=1445933793433&descrition=&parentId=1445933697685&linkAddr=aboutus/history&hidden=false&name=公司历史&keyword=公司历史&code=history&channelTemplete=&openMode=false&asdocument=true&documentId=1445944340585','');
/*!40000 ALTER TABLE `log` ENABLE KEYS */;
UNLOCK TABLES;

--
-- Table structure for table `t_qunhu_info`
--

DROP TABLE IF EXISTS `t_qunhu_info`;
/*!40101 SET @saved_cs_client     = @@character_set_client */;
/*!40101 SET character_set_client = utf8 */;
CREATE TABLE `t_qunhu_info` (
  `id` int(11) NOT NULL AUTO_INCREMENT,
  `create_Name` varchar(120) DEFAULT NULL COMMENT '数据规则：qunhu20150929_4455,qunhu+当天时间+4455是上一条记录的“_”后面的数字+1',
  `table_Name` varchar(120) DEFAULT NULL COMMENT '数据表名',
  `times` varchar(120) DEFAULT NULL,
  `callbs` varchar(120) DEFAULT NULL,
  `countB` int(11) DEFAULT NULL,
  `filename` varchar(120) DEFAULT NULL,
  `ip` varchar(120) DEFAULT NULL,
  `leixing` int(11) DEFAULT '0',
  PRIMARY KEY (`id`)
) ENGINE=InnoDB AUTO_INCREMENT=7 DEFAULT CHARSET=utf8;
/*!40101 SET character_set_client = @saved_cs_client */;

--
-- Dumping data for table `t_qunhu_info`
--

LOCK TABLES `t_qunhu_info` WRITE;
/*!40000 ALTER TABLE `t_qunhu_info` DISABLE KEYS */;
INSERT INTO `t_qunhu_info` VALUES (1,'1',NULL,NULL,NULL,NULL,NULL,NULL,1),(2,'1',NULL,NULL,NULL,NULL,NULL,NULL,2),(3,'2',NULL,NULL,NULL,NULL,NULL,NULL,1),(4,'2',NULL,NULL,NULL,NULL,NULL,NULL,2),(5,'3',NULL,NULL,NULL,NULL,NULL,NULL,1),(6,'3',NULL,NULL,NULL,NULL,NULL,NULL,2);
/*!40000 ALTER TABLE `t_qunhu_info` ENABLE KEYS */;
UNLOCK TABLES;

--
-- Table structure for table `tb_db_backup`
--

DROP TABLE IF EXISTS `tb_db_backup`;
/*!40101 SET @saved_cs_client     = @@character_set_client */;
/*!40101 SET character_set_client = utf8 */;
CREATE TABLE `tb_db_backup` (
  `id` varchar(120) NOT NULL,
  `name` varchar(120) DEFAULT NULL COMMENT '名称',
  `path` varchar(120) DEFAULT NULL COMMENT '存放路径',
  `create_date` datetime DEFAULT NULL COMMENT '创建日期',
  PRIMARY KEY (`id`)
) ENGINE=InnoDB DEFAULT CHARSET=utf8 COMMENT='数据库备份表';
/*!40101 SET character_set_client = @saved_cs_client */;

--
-- Dumping data for table `tb_db_backup`
--

LOCK TABLES `tb_db_backup` WRITE;
/*!40000 ALTER TABLE `tb_db_backup` DISABLE KEYS */;
INSERT INTO `tb_db_backup` VALUES ('11b1bb7d-491f-48a4-ac63-46d99ea5790d','2015_10_24.sql','D://MySQl//\\2015_10_24.sql','2015-10-24 12:00:03'),('1d947cae-f777-4d18-be8b-1d797fbc8f87','2015_10_29.sql','D://MySQl//\\2015_10_29.sql','2015-10-29 10:24:09'),('34640bf4-fac1-49f0-a75b-5f8ca55259ec','2015_10_23.sql','D://MySQl//\\2015_10_23.sql','2015-10-23 12:00:03'),('5c2743ca-4427-492e-b4e1-689ab59c7c14','2015_10_18.sql','D://MySQl//\\2015_10_18.sql','2015-10-18 12:00:04'),('6eebdd27-5552-410f-a615-88415c9ed892','2015_10_21.sql','D://MySQl//\\2015_10_21.sql','2015-10-21 12:00:05'),('7ce396a0-f3ad-49de-9611-f712b2e0510d','2015_10_19.sql','D://MySQl//\\2015_10_19.sql','2015-10-19 12:00:02'),('826da792-bf99-4c7b-9399-465bf96790a9','2015_10_28.sql','D://MySQl//\\2015_10_28.sql','2015-10-28 12:00:03'),('d75b6acf-a9b5-40cf-ae4b-71920bfafebd','2015_10_25.sql','D://MySQl//\\2015_10_25.sql','2015-10-25 15:34:24'),('def9aad5-3e60-4791-8d68-d78e507cca6e','2015_10_17.sql','D://MySQl//\\2015_10_17.sql','2015-10-17 14:29:14'),('f1f7fce9-0288-48b1-9dfb-bff01cec1baf','2015_10_26.sql','D://MySQl//\\2015_10_26.sql','2015-10-26 12:00:02');
/*!40000 ALTER TABLE `tb_db_backup` ENABLE KEYS */;
UNLOCK TABLES;

--
-- Table structure for table `tb_dictionary`
--

DROP TABLE IF EXISTS `tb_dictionary`;
/*!40101 SET @saved_cs_client     = @@character_set_client */;
/*!40101 SET character_set_client = utf8 */;
CREATE TABLE `tb_dictionary` (
  `id` varchar(120) NOT NULL,
  `type` varchar(45) DEFAULT NULL,
  `label` varchar(45) DEFAULT NULL,
  `value` varchar(45) DEFAULT NULL,
  PRIMARY KEY (`id`)
) ENGINE=InnoDB DEFAULT CHARSET=utf8;
/*!40101 SET character_set_client = @saved_cs_client */;

--
-- Dumping data for table `tb_dictionary`
--

LOCK TABLES `tb_dictionary` WRITE;
/*!40000 ALTER TABLE `tb_dictionary` DISABLE KEYS */;
INSERT INTO `tb_dictionary` VALUES ('1444633076622','available','是','true'),('1444633285663','available','否','false'),('1444635718573','sex','男','true'),('1444635730059','sex','女','false'),('1445084486206','openMode','是','true'),('1445084504313','openMode','否','false'),('1445567200072','hidden','是','true'),('1445567211523','hidden','否','false'),('1445740433805','asdocument','是','true'),('1445740454594','asdocument','否','false');
/*!40000 ALTER TABLE `tb_dictionary` ENABLE KEYS */;
UNLOCK TABLES;

--
-- Table structure for table `tb_organization`
--

DROP TABLE IF EXISTS `tb_organization`;
/*!40101 SET @saved_cs_client     = @@character_set_client */;
/*!40101 SET character_set_client = utf8 */;
CREATE TABLE `tb_organization` (
  `id` varchar(120) NOT NULL,
  `name` varchar(120) DEFAULT NULL,
  `parent_id` varchar(120) DEFAULT NULL,
  `parent_ids` varchar(1200) DEFAULT NULL,
  `available` tinyint(1) DEFAULT '1',
  `create_date` datetime DEFAULT NULL,
  `update_date` datetime DEFAULT NULL,
  PRIMARY KEY (`id`),
  KEY `fk_orga_orga_idx` (`parent_id`),
  CONSTRAINT `fk_orga_orga` FOREIGN KEY (`parent_id`) REFERENCES `tb_organization` (`id`) ON DELETE CASCADE ON UPDATE CASCADE
) ENGINE=InnoDB DEFAULT CHARSET=utf8;
/*!40101 SET character_set_client = @saved_cs_client */;

--
-- Dumping data for table `tb_organization`
--

LOCK TABLES `tb_organization` WRITE;
/*!40000 ALTER TABLE `tb_organization` DISABLE KEYS */;
INSERT INTO `tb_organization` VALUES ('1444636328008','公司',NULL,NULL,1,'2015-10-12 15:52:08',NULL),('1444636521670','财务部','1444636328008','1444636328008',1,'2015-10-12 15:55:22',NULL),('1444636560192','市场部','1444636328008','1444636328008',0,NULL,'2015-10-15 14:52:00'),('1444636575952','研发部','1444636328008','1444636328008',1,'2015-10-12 15:56:16',NULL),('1444636666661','研发一部','1444636575952','1444636328008,1444636575952',1,'2015-10-12 15:57:47',NULL),('1444636687117','研发二部','1444636575952','1444636328008,1444636575952',1,'2015-10-12 15:58:07',NULL),('1444890482058','研发三部','1444636575952','1444636328008,1444636575952',1,'2015-10-15 14:28:02',NULL);
/*!40000 ALTER TABLE `tb_organization` ENABLE KEYS */;
UNLOCK TABLES;

--
-- Table structure for table `tb_organization_resource`
--

DROP TABLE IF EXISTS `tb_organization_resource`;
/*!40101 SET @saved_cs_client     = @@character_set_client */;
/*!40101 SET character_set_client = utf8 */;
CREATE TABLE `tb_organization_resource` (
  `id` varchar(120) NOT NULL,
  `organization_id` varchar(120) DEFAULT NULL,
  `resource_id` varchar(120) DEFAULT NULL,
  PRIMARY KEY (`id`),
  KEY `fk_tb_organization_resource_organization_idx` (`organization_id`),
  KEY `fk_tb_organization_resource_resource_idx` (`resource_id`),
  CONSTRAINT `fk_tb_organization_resource_organization` FOREIGN KEY (`organization_id`) REFERENCES `tb_organization` (`id`) ON DELETE CASCADE ON UPDATE CASCADE,
  CONSTRAINT `fk_tb_organization_resource_resource` FOREIGN KEY (`resource_id`) REFERENCES `tb_resource` (`id`) ON DELETE CASCADE ON UPDATE CASCADE
) ENGINE=InnoDB DEFAULT CHARSET=utf8;
/*!40101 SET character_set_client = @saved_cs_client */;

--
-- Dumping data for table `tb_organization_resource`
--

LOCK TABLES `tb_organization_resource` WRITE;
/*!40000 ALTER TABLE `tb_organization_resource` DISABLE KEYS */;
INSERT INTO `tb_organization_resource` VALUES ('0f9d93eb-11e8-4a60-b0a9-ded22fbbc250','1444636328008','2'),('12392a7c-251f-4ba9-b58e-c599cfe4bfa4','1444636328008','1444987149377'),('3ac842dd-658a-4097-ac91-78128b453972','1444636328008','14'),('3e45459a-b500-4803-b7ec-ff028d2a89fa','1444636328008','1444573378567'),('4795b80e-2d0d-42ee-8cf1-ef78a847dae6','1444636328008','15'),('5351f315-922d-4e6d-9853-171c1dee7eaf','1444636328008','1444548142152'),('66abf7f8-b73f-45c3-ab15-8a124841715a','1444636328008','7'),('6d3421f6-4769-4760-99d8-1e0ae547d6a7','1444636328008','5'),('7207372f-d4f2-41fa-afe8-6aabfb4c6d07','1444636328008','1445075669752'),('75560d18-ad7c-4052-b675-225c1ee3e6ee','1444636328008','9'),('837653a2-4795-445e-8d7c-2119e7d3719f','1444636328008','1444987225918'),('84a441d3-a794-4dd3-9f21-f5910d8f7243','1444636328008','17'),('8bd40b78-2103-48d1-a8e9-6ddd1051b51a','1444636328008','6'),('91618d1d-92a1-4d34-b63a-50b8cc79d6c5','1444636328008','16'),('9b9e3d97-fb15-4165-bd93-e5515d6550f8','1444636328008','1444631314253'),('a36a55f5-4726-41dd-a45f-27a495b0a905','1444636328008','13'),('a4443347-7ca7-444a-b7d2-0051cfba93a3','1444636328008','3'),('b052209b-fe23-47d6-8ebd-2c03cfe1abe4','1444636328008','1444459418042'),('b2ba56d4-5db6-4b2b-91fa-e0d7d0648571','1444636328008','4'),('bbb185df-a91c-4bde-9161-b3dd02320446','1444636328008','12'),('cc07ba67-2833-45ad-a5a0-57098fc0eeb6','1444636560192','1444573378567'),('d1d152b4-0e7a-46b7-9fc0-8c418dc0867a','1444636328008','1445075702637'),('d4a303a3-a4c5-49e9-b3af-7cdaf1694f76','1444636328008','1444573320799'),('d8041cc7-9bd1-42bf-a01d-6b901a9f0952','1444636328008','10'),('df33aac9-cfac-4039-abbf-cf98aac377f3','1444636328008','11'),('ee0e640d-2787-4aae-9dbf-d07d6ae12c0b','1444636328008','8'),('ff58c11c-1fcb-42c5-9b3b-cf7363880aa6','1444636560192','1444573320799');
/*!40000 ALTER TABLE `tb_organization_resource` ENABLE KEYS */;
UNLOCK TABLES;

--
-- Table structure for table `tb_resource`
--

DROP TABLE IF EXISTS `tb_resource`;
/*!40101 SET @saved_cs_client     = @@character_set_client */;
/*!40101 SET character_set_client = utf8 */;
CREATE TABLE `tb_resource` (
  `id` varchar(120) NOT NULL,
  `name` varchar(120) DEFAULT NULL COMMENT '菜单名',
  `parentids` varchar(1200) DEFAULT NULL COMMENT '父亲节点集，用逗号分开',
  `parent_id` varchar(120) DEFAULT NULL COMMENT '父亲节点',
  `auth_name` varchar(120) DEFAULT NULL COMMENT '权限名称',
  `path` varchar(120) DEFAULT NULL COMMENT '访问路径，以“/”开头',
  `type` varchar(45) DEFAULT 'menu',
  PRIMARY KEY (`id`),
  KEY `fk_tb_resource_tb_resource_idx` (`parent_id`),
  CONSTRAINT `fk_tb_resource_tb_resource` FOREIGN KEY (`parent_id`) REFERENCES `tb_resource` (`id`) ON DELETE CASCADE ON UPDATE CASCADE
) ENGINE=InnoDB DEFAULT CHARSET=utf8;
/*!40101 SET character_set_client = @saved_cs_client */;

--
-- Dumping data for table `tb_resource`
--

LOCK TABLES `tb_resource` WRITE;
/*!40000 ALTER TABLE `tb_resource` DISABLE KEYS */;
INSERT INTO `tb_resource` VALUES ('10','角色管理删除','2,8','8','role:delete',NULL,'button'),('11','角色管理修改','2,8','8','role:update',NULL,'button'),('12','角色管理查询','2,8','8','role:view',NULL,'button'),('13','资源管理','2','2','resource:*','/resource','menu'),('14','资源管理新增','2,13','13','resource:create',NULL,'button'),('1444459418042','日志管理','2','2','log:*','/log','menu'),('1444548142152','组织管理','2','2','organization:*','/organization','menu'),('1444573320799','关于系统',NULL,NULL,'','','menu'),('1444573378567','产品信息','1444573320799','1444573320799','','/user/productInfo','menu'),('1444631314253','字典管理','2','2','','/dictionary','menu'),('1444987149377','数据库',NULL,NULL,'','','menu'),('1444987225918','数据库备份管理','1444987149377','1444987149377','dbBackup:*','/dbBackup','menu'),('1445075669752','栏目',NULL,NULL,'channel:*','/channel','menu'),('1445075702637','文档',NULL,NULL,'document:*','/document','menu'),('15','资源管理删除','2,13','13','resource:delete',NULL,'button'),('16','资源管理修改','2,13','13','resource:update',NULL,'button'),('17','资源管理查询','2,13','13','resource:view',NULL,'button'),('2','系统管理',NULL,NULL,NULL,NULL,'menu'),('3','用户管理','2','2','user:*','/user','menu'),('4','用户管理新增','2,3','3','user:create',NULL,'button'),('5','用户管理删除','2,3','3','user:delete',NULL,'button'),('6','用户管理修改','2,3','3','user:update',NULL,'button'),('7','用户管理查询','2,3','3','user:view',NULL,'button'),('8','角色管理','2','2','role:*','/role','menu'),('9','角色管理新增','2,8','8','role:create',NULL,'button');
/*!40000 ALTER TABLE `tb_resource` ENABLE KEYS */;
UNLOCK TABLES;

--
-- Table structure for table `tb_role`
--

DROP TABLE IF EXISTS `tb_role`;
/*!40101 SET @saved_cs_client     = @@character_set_client */;
/*!40101 SET character_set_client = utf8 */;
CREATE TABLE `tb_role` (
  `id` varchar(120) NOT NULL,
  `name` varchar(120) DEFAULT NULL,
  PRIMARY KEY (`id`)
) ENGINE=InnoDB DEFAULT CHARSET=utf8;
/*!40101 SET character_set_client = @saved_cs_client */;

--
-- Dumping data for table `tb_role`
--

LOCK TABLES `tb_role` WRITE;
/*!40000 ALTER TABLE `tb_role` DISABLE KEYS */;
INSERT INTO `tb_role` VALUES ('1','admin'),('1444806243281','test1'),('2','test');
/*!40000 ALTER TABLE `tb_role` ENABLE KEYS */;
UNLOCK TABLES;

--
-- Table structure for table `tb_role_resource`
--

DROP TABLE IF EXISTS `tb_role_resource`;
/*!40101 SET @saved_cs_client     = @@character_set_client */;
/*!40101 SET character_set_client = utf8 */;
CREATE TABLE `tb_role_resource` (
  `id` varchar(120) NOT NULL,
  `role_id` varchar(120) DEFAULT NULL,
  `resource_id` varchar(120) DEFAULT NULL,
  PRIMARY KEY (`id`),
  KEY `fk_tb_role_tb_resource_tb_role_idx` (`role_id`),
  KEY `fk_tb_role_tb_resource_tb_resource_idx` (`resource_id`),
  CONSTRAINT `fk_tb_role_tb_resource_tb_resource` FOREIGN KEY (`resource_id`) REFERENCES `tb_resource` (`id`) ON DELETE CASCADE ON UPDATE CASCADE,
  CONSTRAINT `fk_tb_role_tb_resource_tb_role` FOREIGN KEY (`role_id`) REFERENCES `tb_role` (`id`) ON DELETE CASCADE ON UPDATE CASCADE
) ENGINE=InnoDB DEFAULT CHARSET=utf8;
/*!40101 SET character_set_client = @saved_cs_client */;

--
-- Dumping data for table `tb_role_resource`
--

LOCK TABLES `tb_role_resource` WRITE;
/*!40000 ALTER TABLE `tb_role_resource` DISABLE KEYS */;
INSERT INTO `tb_role_resource` VALUES ('0797c5ef-4f56-4d08-a1c8-bf20648944ab','1','5'),('09d44537-bdff-473a-b24b-673f63269634','1','1445075702637'),('10cc1c5d-3640-43f0-bf83-57a099873b00','2','1444573378567'),('270e0ed4-e3fd-4997-bad6-d85800174473','1','1444987149377'),('284958e8-c476-4681-a0b4-6bc45bc7eba7','1','17'),('2beaa4fc-0988-4e46-b48b-775b60d10cb1','1','8'),('38932177-7cbd-4ccf-a645-017a709e2aad','1','1444548142152'),('40cb7208-818e-4430-8618-366039e5e8f7','1','3'),('4556d2b9-22a4-4660-a47d-7029aa3ee04c','1444806243281','17'),('4605eb8b-ea6e-4d9b-83bb-f62e0929b644','1444806243281','1444573378567'),('510f47c1-394a-45b3-9c8d-6163871e7687','2','1444459418042'),('5f3a6a11-1aa3-4026-a2af-c129acbe144c','1','1445075669752'),('67ba66e7-b516-472d-a096-f7e2cce79532','1','12'),('773e2fb8-d128-488f-ae21-945870114b85','1','1444631314253'),('777bc588-2439-4fac-879d-888f844d7c46','1','14'),('862d6ea2-77b3-43db-a6c2-312af660b526','1','13'),('9bf0c1f6-247e-4e0c-82b5-358c25c8b808','1','6'),('ac7ee335-a549-42da-ade1-c48bca21a8dd','1','10'),('b4088fde-1b81-478b-acfb-c296161adaf5','2','1444573320799'),('bc23968f-e031-42a5-abe5-349569d9d2b5','1','16'),('bc2c0199-9d0c-4354-b90d-e248002ead9d','1444806243281','1444573320799'),('c08c5d53-3a87-4fb2-aeed-e21d93579e2f','1','1444459418042'),('c8792208-308d-4ac4-ad62-6c399553cffa','1','15'),('cb9ac7ad-d8d1-4972-9db9-30ff891986bc','1','11'),('cbea1613-5d9e-49c1-9f2b-2dd646a3dfc8','1','7'),('d3eeddea-c230-4bec-83ca-a4fd6a0f0247','1','4'),('e8551643-269c-4020-9f26-09a6f2efd3b3','1','2'),('eb60300d-81ba-4c99-b804-bb584169a7c6','1','9'),('f612040f-70fc-4891-b509-d573162b43c1','1','1444573320799'),('fb93f8a2-79d1-4c7f-84a8-64ae1b1a8499','1','1444573378567'),('fde12915-4947-4348-8df2-2e05fb1a61e4','1','1444987225918');
/*!40000 ALTER TABLE `tb_role_resource` ENABLE KEYS */;
UNLOCK TABLES;

--
-- Table structure for table `tb_user`
--

DROP TABLE IF EXISTS `tb_user`;
/*!40101 SET @saved_cs_client     = @@character_set_client */;
/*!40101 SET character_set_client = utf8 */;
CREATE TABLE `tb_user` (
  `id` varchar(120) NOT NULL,
  `username` varchar(120) DEFAULT NULL,
  `password` varchar(1200) DEFAULT NULL,
  `login_date` date DEFAULT NULL,
  `create_date` date DEFAULT NULL,
  `update_date` date DEFAULT NULL,
  `show_name` varchar(45) DEFAULT NULL COMMENT '显示名称',
  `email` varchar(45) DEFAULT NULL COMMENT '邮箱',
  `mobile` varchar(45) DEFAULT NULL,
  `login_count` varchar(45) DEFAULT NULL COMMENT '登录次数',
  `login_ip` varchar(45) DEFAULT NULL COMMENT '登录IP',
  `last_login` datetime DEFAULT NULL COMMENT '上一次登录',
  `sex` tinyint(4) DEFAULT NULL,
  PRIMARY KEY (`id`)
) ENGINE=InnoDB DEFAULT CHARSET=utf8;
/*!40101 SET character_set_client = @saved_cs_client */;

--
-- Dumping data for table `tb_user`
--

LOCK TABLES `tb_user` WRITE;
/*!40000 ALTER TABLE `tb_user` DISABLE KEYS */;
INSERT INTO `tb_user` VALUES ('1','admin','123456',NULL,NULL,'2015-10-13',NULL,NULL,NULL,NULL,NULL,NULL,NULL),('1444658591291','123','123',NULL,'2015-10-12','2015-10-13',NULL,NULL,NULL,NULL,NULL,NULL,NULL),('1444876158506','ewew','weew',NULL,'2015-10-15',NULL,NULL,NULL,NULL,NULL,NULL,NULL,NULL),('2','test','test',NULL,'2015-10-04','2015-10-13',NULL,NULL,NULL,NULL,NULL,NULL,NULL);
/*!40000 ALTER TABLE `tb_user` ENABLE KEYS */;
UNLOCK TABLES;

--
-- Table structure for table `tb_user_organization`
--

DROP TABLE IF EXISTS `tb_user_organization`;
/*!40101 SET @saved_cs_client     = @@character_set_client */;
/*!40101 SET character_set_client = utf8 */;
CREATE TABLE `tb_user_organization` (
  `id` varchar(120) NOT NULL,
  `user_id` varchar(120) DEFAULT NULL,
  `organization_id` varchar(120) DEFAULT NULL,
  PRIMARY KEY (`id`),
  KEY `fk_tb_user_user_organization_idx` (`user_id`),
  KEY `fk_tb_organization_user_organization_idx` (`organization_id`),
  CONSTRAINT `fk_tb_organization_user_organization` FOREIGN KEY (`organization_id`) REFERENCES `tb_organization` (`id`) ON DELETE CASCADE ON UPDATE CASCADE,
  CONSTRAINT `fk_tb_user_user_organization` FOREIGN KEY (`user_id`) REFERENCES `tb_user` (`id`) ON DELETE CASCADE ON UPDATE CASCADE
) ENGINE=InnoDB DEFAULT CHARSET=utf8;
/*!40101 SET character_set_client = @saved_cs_client */;

--
-- Dumping data for table `tb_user_organization`
--

LOCK TABLES `tb_user_organization` WRITE;
/*!40000 ALTER TABLE `tb_user_organization` DISABLE KEYS */;
INSERT INTO `tb_user_organization` VALUES ('1444658593922','1444658591291','1444636560192'),('1444705754985','2','1444636560192'),('1444707160835','1','1444636521670'),('1444876158913','1444876158506','1444636328008');
/*!40000 ALTER TABLE `tb_user_organization` ENABLE KEYS */;
UNLOCK TABLES;

--
-- Table structure for table `tb_user_role`
--

DROP TABLE IF EXISTS `tb_user_role`;
/*!40101 SET @saved_cs_client     = @@character_set_client */;
/*!40101 SET character_set_client = utf8 */;
CREATE TABLE `tb_user_role` (
  `id` varchar(120) NOT NULL,
  `user_id` varchar(120) NOT NULL,
  `tb_role_id` varchar(120) NOT NULL,
  PRIMARY KEY (`id`),
  KEY `fk_tb_user_role_tb_user_idx` (`user_id`),
  KEY `fk_tb_user_role_tb_role1_idx` (`tb_role_id`),
  CONSTRAINT `fk_tb_user_role_tb_role1` FOREIGN KEY (`tb_role_id`) REFERENCES `tb_role` (`id`) ON DELETE CASCADE ON UPDATE CASCADE,
  CONSTRAINT `fk_tb_user_role_tb_user` FOREIGN KEY (`user_id`) REFERENCES `tb_user` (`id`) ON DELETE CASCADE ON UPDATE CASCADE
) ENGINE=InnoDB DEFAULT CHARSET=utf8;
/*!40101 SET character_set_client = @saved_cs_client */;

--
-- Dumping data for table `tb_user_role`
--

LOCK TABLES `tb_user_role` WRITE;
/*!40000 ALTER TABLE `tb_user_role` DISABLE KEYS */;
INSERT INTO `tb_user_role` VALUES ('1','1','1'),('1444658593667','1444658591291','1'),('1444876158742','1444876158506','1'),('2','2','1');
/*!40000 ALTER TABLE `tb_user_role` ENABLE KEYS */;
UNLOCK TABLES;

--
-- Table structure for table `test`
--

DROP TABLE IF EXISTS `test`;
/*!40101 SET @saved_cs_client     = @@character_set_client */;
/*!40101 SET character_set_client = utf8 */;
CREATE TABLE `test` (
  `id` varchar(120) NOT NULL,
  `name` varchar(45) DEFAULT NULL,
  `create_date` datetime DEFAULT NULL,
  `update_date` datetime DEFAULT NULL,
  PRIMARY KEY (`id`)
) ENGINE=InnoDB DEFAULT CHARSET=utf8;
/*!40101 SET character_set_client = @saved_cs_client */;

--
-- Dumping data for table `test`
--

LOCK TABLES `test` WRITE;
/*!40000 ALTER TABLE `test` DISABLE KEYS */;
INSERT INTO `test` VALUES ('1444522792556','test112','2015-10-11 08:19:53','2015-10-11 08:33:10');
/*!40000 ALTER TABLE `test` ENABLE KEYS */;
UNLOCK TABLES;
/*!40103 SET TIME_ZONE=@OLD_TIME_ZONE */;

/*!40101 SET SQL_MODE=@OLD_SQL_MODE */;
/*!40014 SET FOREIGN_KEY_CHECKS=@OLD_FOREIGN_KEY_CHECKS */;
/*!40014 SET UNIQUE_CHECKS=@OLD_UNIQUE_CHECKS */;
/*!40101 SET CHARACTER_SET_CLIENT=@OLD_CHARACTER_SET_CLIENT */;
/*!40101 SET CHARACTER_SET_RESULTS=@OLD_CHARACTER_SET_RESULTS */;
/*!40101 SET COLLATION_CONNECTION=@OLD_COLLATION_CONNECTION */;
/*!40111 SET SQL_NOTES=@OLD_SQL_NOTES */;

-- Dump completed on 2015-10-29 10:24:44
