-- MySQL dump 10.13  Distrib 5.6.20, for Win64 (x86_64)
--
-- Host: 127.0.0.1    Database: jcincms3
-- ------------------------------------------------------
-- Server version	5.6.20

/*!40101 SET @OLD_CHARACTER_SET_CLIENT=@@CHARACTER_SET_CLIENT */;
/*!40101 SET @OLD_CHARACTER_SET_RESULTS=@@CHARACTER_SET_RESULTS */;
/*!40101 SET @OLD_COLLATION_CONNECTION=@@COLLATION_CONNECTION */;
/*!40101 SET NAMES utf8 */;
/*!40103 SET @OLD_TIME_ZONE=@@TIME_ZONE */;
/*!40103 SET TIME_ZONE='+00:00' */;
/*!40014 SET @OLD_UNIQUE_CHECKS=@@UNIQUE_CHECKS, UNIQUE_CHECKS=0 */;
/*!40014 SET @OLD_FOREIGN_KEY_CHECKS=@@FOREIGN_KEY_CHECKS, FOREIGN_KEY_CHECKS=0 */;
/*!40101 SET @OLD_SQL_MODE=@@SQL_MODE, SQL_MODE='NO_AUTO_VALUE_ON_ZERO' */;
/*!40111 SET @OLD_SQL_NOTES=@@SQL_NOTES, SQL_NOTES=0 */;

--
-- Table structure for table `act_ge_bytearray`
--

DROP TABLE IF EXISTS `act_ge_bytearray`;
/*!40101 SET @saved_cs_client     = @@character_set_client */;
/*!40101 SET character_set_client = utf8 */;
CREATE TABLE `act_ge_bytearray` (
  `ID_` varchar(64) COLLATE utf8_bin NOT NULL DEFAULT '',
  `REV_` int(11) DEFAULT NULL,
  `NAME_` varchar(255) COLLATE utf8_bin DEFAULT NULL,
  `DEPLOYMENT_ID_` varchar(64) COLLATE utf8_bin DEFAULT NULL,
  `BYTES_` longblob,
  `GENERATED_` tinyint(4) DEFAULT NULL,
  PRIMARY KEY (`ID_`),
  KEY `ACT_FK_BYTEARR_DEPL` (`DEPLOYMENT_ID_`),
  CONSTRAINT `ACT_FK_BYTEARR_DEPL` FOREIGN KEY (`DEPLOYMENT_ID_`) REFERENCES `act_re_deployment` (`ID_`)
) ENGINE=InnoDB DEFAULT CHARSET=utf8 COLLATE=utf8_bin;
/*!40101 SET character_set_client = @saved_cs_client */;

--
-- Dumping data for table `act_ge_bytearray`
--

LOCK TABLES `act_ge_bytearray` WRITE;
/*!40000 ALTER TABLE `act_ge_bytearray` DISABLE KEYS */;
/*!40000 ALTER TABLE `act_ge_bytearray` ENABLE KEYS */;
UNLOCK TABLES;

--
-- Table structure for table `act_id_group`
--

DROP TABLE IF EXISTS `act_id_group`;
/*!40101 SET @saved_cs_client     = @@character_set_client */;
/*!40101 SET character_set_client = utf8 */;
CREATE TABLE `act_id_group` (
  `ID_` varchar(64) COLLATE utf8_bin NOT NULL DEFAULT '',
  `REV_` int(11) DEFAULT NULL,
  `NAME_` varchar(255) COLLATE utf8_bin DEFAULT NULL,
  `TYPE_` varchar(255) COLLATE utf8_bin DEFAULT NULL,
  PRIMARY KEY (`ID_`)
) ENGINE=InnoDB DEFAULT CHARSET=utf8 COLLATE=utf8_bin;
/*!40101 SET character_set_client = @saved_cs_client */;

--
-- Dumping data for table `act_id_group`
--

LOCK TABLES `act_id_group` WRITE;
/*!40000 ALTER TABLE `act_id_group` DISABLE KEYS */;
/*!40000 ALTER TABLE `act_id_group` ENABLE KEYS */;
UNLOCK TABLES;

--
-- Table structure for table `act_re_deployment`
--

DROP TABLE IF EXISTS `act_re_deployment`;
/*!40101 SET @saved_cs_client     = @@character_set_client */;
/*!40101 SET character_set_client = utf8 */;
CREATE TABLE `act_re_deployment` (
  `ID_` varchar(64) COLLATE utf8_bin NOT NULL DEFAULT '',
  `NAME_` varchar(255) COLLATE utf8_bin DEFAULT NULL,
  `CATEGORY_` varchar(255) COLLATE utf8_bin DEFAULT NULL,
  `TENANT_ID_` varchar(255) COLLATE utf8_bin DEFAULT '',
  `DEPLOY_TIME_` timestamp(3) NOT NULL DEFAULT CURRENT_TIMESTAMP(3) ON UPDATE CURRENT_TIMESTAMP(3),
  PRIMARY KEY (`ID_`)
) ENGINE=InnoDB DEFAULT CHARSET=utf8 COLLATE=utf8_bin;
/*!40101 SET character_set_client = @saved_cs_client */;

--
-- Dumping data for table `act_re_deployment`
--

LOCK TABLES `act_re_deployment` WRITE;
/*!40000 ALTER TABLE `act_re_deployment` DISABLE KEYS */;
/*!40000 ALTER TABLE `act_re_deployment` ENABLE KEYS */;
UNLOCK TABLES;

--
-- Table structure for table `act_re_procdef`
--

DROP TABLE IF EXISTS `act_re_procdef`;
/*!40101 SET @saved_cs_client     = @@character_set_client */;
/*!40101 SET character_set_client = utf8 */;
CREATE TABLE `act_re_procdef` (
  `ID_` varchar(64) COLLATE utf8_bin NOT NULL,
  `REV_` int(11) DEFAULT NULL,
  `CATEGORY_` varchar(255) COLLATE utf8_bin DEFAULT NULL,
  `NAME_` varchar(255) COLLATE utf8_bin DEFAULT NULL,
  `KEY_` varchar(255) COLLATE utf8_bin NOT NULL,
  `VERSION_` int(11) NOT NULL,
  `DEPLOYMENT_ID_` varchar(64) COLLATE utf8_bin DEFAULT NULL,
  `RESOURCE_NAME_` varchar(4000) COLLATE utf8_bin DEFAULT NULL,
  `DGRM_RESOURCE_NAME_` varchar(4000) COLLATE utf8_bin DEFAULT NULL,
  `DESCRIPTION_` varchar(4000) COLLATE utf8_bin DEFAULT NULL,
  `HAS_START_FORM_KEY_` tinyint(4) DEFAULT NULL,
  `HAS_GRAPHICAL_NOTATION_` tinyint(4) DEFAULT NULL,
  `SUSPENSION_STATE_` int(11) DEFAULT NULL,
  `TENANT_ID_` varchar(255) COLLATE utf8_bin DEFAULT '',
  PRIMARY KEY (`ID_`),
  UNIQUE KEY `ACT_UNIQ_PROCDEF` (`KEY_`,`VERSION_`,`TENANT_ID_`)
) ENGINE=InnoDB DEFAULT CHARSET=utf8 COLLATE=utf8_bin;
/*!40101 SET character_set_client = @saved_cs_client */;

--
-- Dumping data for table `act_re_procdef`
--

LOCK TABLES `act_re_procdef` WRITE;
/*!40000 ALTER TABLE `act_re_procdef` DISABLE KEYS */;
/*!40000 ALTER TABLE `act_re_procdef` ENABLE KEYS */;
UNLOCK TABLES;

--
-- Table structure for table `act_ru_execution`
--

DROP TABLE IF EXISTS `act_ru_execution`;
/*!40101 SET @saved_cs_client     = @@character_set_client */;
/*!40101 SET character_set_client = utf8 */;
CREATE TABLE `act_ru_execution` (
  `ID_` varchar(64) COLLATE utf8_bin NOT NULL DEFAULT '',
  `REV_` int(11) DEFAULT NULL,
  `PROC_INST_ID_` varchar(64) COLLATE utf8_bin DEFAULT NULL,
  `BUSINESS_KEY_` varchar(255) COLLATE utf8_bin DEFAULT NULL,
  `PARENT_ID_` varchar(64) COLLATE utf8_bin DEFAULT NULL,
  `PROC_DEF_ID_` varchar(64) COLLATE utf8_bin DEFAULT NULL,
  `SUPER_EXEC_` varchar(64) COLLATE utf8_bin DEFAULT NULL,
  `ACT_ID_` varchar(255) COLLATE utf8_bin DEFAULT NULL,
  `IS_ACTIVE_` tinyint(4) DEFAULT NULL,
  `IS_CONCURRENT_` tinyint(4) DEFAULT NULL,
  `IS_SCOPE_` tinyint(4) DEFAULT NULL,
  `IS_EVENT_SCOPE_` tinyint(4) DEFAULT NULL,
  `SUSPENSION_STATE_` int(11) DEFAULT NULL,
  `CACHED_ENT_STATE_` int(11) DEFAULT NULL,
  `TENANT_ID_` varchar(255) COLLATE utf8_bin DEFAULT '',
  `NAME_` varchar(255) COLLATE utf8_bin DEFAULT NULL,
  `LOCK_TIME_` timestamp(3) NULL DEFAULT NULL,
  PRIMARY KEY (`ID_`),
  KEY `ACT_IDX_EXEC_BUSKEY` (`BUSINESS_KEY_`),
  KEY `ACT_FK_EXE_PROCINST` (`PROC_INST_ID_`),
  KEY `ACT_FK_EXE_PARENT` (`PARENT_ID_`),
  KEY `ACT_FK_EXE_SUPER` (`SUPER_EXEC_`),
  KEY `ACT_FK_EXE_PROCDEF` (`PROC_DEF_ID_`),
  CONSTRAINT `ACT_FK_EXE_PARENT` FOREIGN KEY (`PARENT_ID_`) REFERENCES `act_ru_execution` (`ID_`),
  CONSTRAINT `ACT_FK_EXE_PROCDEF` FOREIGN KEY (`PROC_DEF_ID_`) REFERENCES `act_re_procdef` (`ID_`),
  CONSTRAINT `ACT_FK_EXE_PROCINST` FOREIGN KEY (`PROC_INST_ID_`) REFERENCES `act_ru_execution` (`ID_`) ON DELETE CASCADE ON UPDATE CASCADE,
  CONSTRAINT `ACT_FK_EXE_SUPER` FOREIGN KEY (`SUPER_EXEC_`) REFERENCES `act_ru_execution` (`ID_`)
) ENGINE=InnoDB DEFAULT CHARSET=utf8 COLLATE=utf8_bin;
/*!40101 SET character_set_client = @saved_cs_client */;

--
-- Dumping data for table `act_ru_execution`
--

LOCK TABLES `act_ru_execution` WRITE;
/*!40000 ALTER TABLE `act_ru_execution` DISABLE KEYS */;
/*!40000 ALTER TABLE `act_ru_execution` ENABLE KEYS */;
UNLOCK TABLES;

--
-- Table structure for table `busi_channel`
--

DROP TABLE IF EXISTS `busi_channel`;
/*!40101 SET @saved_cs_client     = @@character_set_client */;
/*!40101 SET character_set_client = utf8 */;
CREATE TABLE `busi_channel` (
  `id` varchar(120) NOT NULL COMMENT 'id标识符',
  `name` varchar(45) DEFAULT NULL COMMENT '名称',
  `code` varchar(45) DEFAULT NULL COMMENT '代码',
  `keyword` varchar(45) DEFAULT NULL COMMENT '关键词',
  `link_addr` varchar(120) DEFAULT NULL COMMENT '链接地址',
  `open_mode` varchar(45) DEFAULT NULL COMMENT '打开模式',
  `descrition` varchar(120) DEFAULT NULL COMMENT '描述',
  `parent_id` varchar(120) DEFAULT NULL,
  `channel_templete` varchar(120) DEFAULT NULL COMMENT '栏目模板',
  `document_templete` varchar(120) DEFAULT NULL COMMENT '文档模板',
  `hidden` bit(1) DEFAULT NULL COMMENT '是否显示',
  `asdocument` bit(1) DEFAULT NULL,
  `document_id` varchar(120) DEFAULT NULL,
  `sort` int(11) DEFAULT '0',
  `parent_ids` varchar(1200) DEFAULT NULL,
  `link_addr_zh` varchar(1200) DEFAULT NULL COMMENT '中文连接导航',
  `create_date` datetime DEFAULT NULL COMMENT '创建日期',
  `update_date` datetime DEFAULT NULL COMMENT '更新日期',
  `create_by` varchar(120) DEFAULT NULL COMMENT '创建人',
  `update_by` varchar(120) DEFAULT NULL COMMENT '更新人',
  `gene_template` varchar(120) DEFAULT NULL,
  `image` varchar(120) DEFAULT NULL COMMENT '图片',
  PRIMARY KEY (`id`),
  KEY `fk_busi_channel_busichannel_idx` (`parent_id`),
  CONSTRAINT `fk_busi_channel_busichannel` FOREIGN KEY (`parent_id`) REFERENCES `busi_channel` (`id`) ON DELETE CASCADE ON UPDATE CASCADE
) ENGINE=InnoDB DEFAULT CHARSET=utf8 COMMENT='栏目表';
/*!40101 SET character_set_client = @saved_cs_client */;

--
-- Dumping data for table `busi_channel`
--

LOCK TABLES `busi_channel` WRITE;
/*!40000 ALTER TABLE `busi_channel` DISABLE KEYS */;
INSERT INTO `busi_channel` VALUES ('1451531199872','产品','product','product,timeswo,cms,java,jsp,开源免费','channel/product','false','JCINCMS是集简单、健壮、灵活、开源几大特点的开源内容管理系统,目前占领了国内开源CMS的大部份市场，目前已经有超过三十万个站点正在使用是',NULL,NULL,NULL,'\0','','1452222962997',1,'',NULL,'2016-01-08 11:17:16',NULL,'admin',NULL,NULL,''),('1451531531116','案例中心','cases','JCINCMS,Java,开源免费,安全','channel/cases','false','JCINCMSCMS是基于Java集成spring，mybatis开发的一款内容管理系统，有着高效，安全，简单，易用等特点',NULL,'zhiwo-channel.jsp',NULL,'\0','\0','',2,'',NULL,'2016-01-08 20:56:08',NULL,'admin',NULL,NULL,''),('1451532049377','关于我们','aboutus','JCINCMS,Java,开源免费,安全','channel/aboutus','false','JCINCMSCMS是基于Java集成spring，mybatis开发的一款内容管理系统，有着高效，安全，简单，易用等特点',NULL,'',NULL,'\0','','1451556536767',3,'',NULL,'2016-01-09 16:01:52',NULL,'admin',NULL,NULL,''),('1451532077867','新闻中心','news','JCINCMS,Java,开源免费,安全','channel/news','false','JCINCMSCMS是基于Java集成spring，mybatis开发的一款内容管理系统，有着高效，安全，简单，易用等特点',NULL,'zhiwo-newscenter.jsp',NULL,'\0','\0','',4,'',NULL,'2016-01-10 12:00:56',NULL,'admin',NULL,'template/zhiwo-newscenter.ftl',''),('1451539099301','文档','documents','documents','channel/documents','false','文档，JCINCMS文档',NULL,'',NULL,'\0','\0','',5,'',NULL,'2016-01-08 20:47:28',NULL,'admin',NULL,NULL,''),('1451554883394','招聘','jobs','招聘,jobs','channel/jobs','false','JCINCMS,公司因业务拓展需要招聘Java以及页面设计师',NULL,'zhiwo-channel.jsp',NULL,'\0','\0','',6,'',NULL,'2016-01-08 20:47:39',NULL,'admin',NULL,NULL,''),('1451555062363','联系我们','contactus','联系我们,contactus','channel/aboutus/contactus','false','联系我们,contactus','1451532049377',NULL,NULL,'\0','','1451641894582',1,'1451532049377',NULL,'2016-01-01 17:52:30',NULL,'admin',NULL,NULL,''),('1451555208927','服务网络','servicenet','服务网络,service','channel/aboutus/servicenet','false','JCINCMS是集简单、健壮、灵活、开源几大特点的开源内容管理系统,目前占领了国内开源CMS的大部份市场，目前已经有超过三十万个站点正在使用是','1451532049377',NULL,NULL,'\0','','1451641173216',2,'1451532049377',NULL,'2016-01-01 17:42:17',NULL,'admin',NULL,NULL,''),('1451555446829','企业文化','culture','企业文化','channel/aboutus/culture','false','JCINCMS是集简单、健壮、灵活、开源几大特点的开源内容管理系统,目前占领了国内开源CMS的大部份市场，目前已经有超过三十万个站点正在使用','1451532049377',NULL,NULL,'\0','','1451642283835',3,'1451532049377',NULL,'2016-01-01 17:58:26',NULL,'admin',NULL,NULL,''),('1451639823950','产品概述','summary','Java，JCINCMS，产品','channel/product/summary','false','JCINCMS是集简单、健壮、灵活、安全几大特点的内容管理系统，目前已经有超过三十万个站点正在使用','1451531199872','',NULL,'\0','\0','',1,'1451531199872',NULL,'2016-01-01 17:17:04',NULL,'admin',NULL,NULL,''),('1451639886477','产品特性','property','Java，JCINCMS，产品特性，免费','channel/product/property','false','JCINCMS是集简单、健壮、灵活、安全几大特点的内容管理系统，目前已经有超过三十万个站点正在使用','1451531199872','',NULL,'\0','\0','',1,'1451531199872',NULL,'2016-01-01 17:18:06',NULL,'admin',NULL,NULL,''),('1451639970202','运行环境','environment','Java，JCINCMS，运行环境，免费','channel/product/environment','false','JCINCMS是集简单、健壮、灵活、安全几大特点的内容管理系统，目前已经有超过三十万个站点正在使用','1451531199872','',NULL,'\0','\0','',3,'1451531199872',NULL,'2016-01-01 17:19:30',NULL,'admin',NULL,NULL,''),('1451640151377','产品体验','experience','Java，JCINCMS，产品体验，免费','channel/product/experience','false','JCINCMS是集简单、健壮、灵活、安全几大特点的内容管理系统，目前已经有超过三十万个站点正在使用','1451531199872','',NULL,'\0','\0','',4,'1451531199872',NULL,'2016-01-01 17:22:31',NULL,'admin',NULL,NULL,''),('1452135656248','智沃招聘','zhiwojobs','','channel/jobs','false','','1451554883394','',NULL,'\0','\0','',1,'1451554883394',NULL,'2016-01-07 11:09:54',NULL,'admin',NULL,NULL,''),('1452257979546','行业','industry','行业，industry','channel/cases/industry','false','行业网站','1451531531116','channel.jsp',NULL,'\0','\0','',1,'1451531531116',NULL,'2016-01-08 20:59:40',NULL,'admin',NULL,NULL,'');
/*!40000 ALTER TABLE `busi_channel` ENABLE KEYS */;
UNLOCK TABLES;

--
-- Table structure for table `busi_comment`
--

DROP TABLE IF EXISTS `busi_comment`;
/*!40101 SET @saved_cs_client     = @@character_set_client */;
/*!40101 SET character_set_client = utf8 */;
CREATE TABLE `busi_comment` (
  `id` varchar(120) NOT NULL,
  `document_id` varchar(120) DEFAULT NULL,
  `create_date` datetime DEFAULT NULL,
  `update_date` datetime DEFAULT NULL,
  `content` varchar(1200) DEFAULT NULL,
  `parent_ids` varchar(1200) DEFAULT NULL,
  `parent_id` varchar(120) DEFAULT NULL,
  `hidden` bit(1) DEFAULT b'0' COMMENT '是否隐藏',
  `ip` varchar(120) DEFAULT NULL COMMENT 'IP地址',
  `commenter` varchar(120) DEFAULT '匿名' COMMENT '评论人',
  PRIMARY KEY (`id`),
  KEY `tb_comment_docu_idx` (`document_id`),
  KEY `comment_fk_comment_idx` (`parent_id`),
  CONSTRAINT `comment_fk_comment` FOREIGN KEY (`parent_id`) REFERENCES `busi_comment` (`id`) ON DELETE CASCADE ON UPDATE CASCADE,
  CONSTRAINT `comment_fk_docu` FOREIGN KEY (`document_id`) REFERENCES `busi_document` (`id`) ON DELETE CASCADE ON UPDATE CASCADE
) ENGINE=InnoDB DEFAULT CHARSET=utf8 COMMENT='文章评论表';
/*!40101 SET character_set_client = @saved_cs_client */;

--
-- Dumping data for table `busi_comment`
--

LOCK TABLES `busi_comment` WRITE;
/*!40000 ALTER TABLE `busi_comment` DISABLE KEYS */;
/*!40000 ALTER TABLE `busi_comment` ENABLE KEYS */;
UNLOCK TABLES;

--
-- Table structure for table `busi_document`
--

DROP TABLE IF EXISTS `busi_document`;
/*!40101 SET @saved_cs_client     = @@character_set_client */;
/*!40101 SET character_set_client = utf8 */;
CREATE TABLE `busi_document` (
  `id` varchar(120) NOT NULL,
  `channel_id` varchar(120) DEFAULT NULL,
  `title` varchar(120) DEFAULT NULL COMMENT '标题',
  `color` varchar(10) DEFAULT NULL COMMENT '颜色',
  `keyword` varchar(45) DEFAULT NULL COMMENT '关键词',
  `descrition` varchar(1200) DEFAULT NULL COMMENT '描述',
  `priority` int(11) DEFAULT NULL COMMENT '优先级',
  `source` varchar(45) DEFAULT NULL COMMENT '来源',
  `source_addr` varchar(1200) DEFAULT NULL COMMENT '来源地址',
  `author` varchar(45) DEFAULT NULL COMMENT '作者',
  `title_image` varchar(120) DEFAULT NULL COMMENT '标题图片',
  `file_name` varchar(120) DEFAULT NULL,
  `file_addr` varchar(120) DEFAULT NULL,
  `size` bigint(20) DEFAULT NULL COMMENT '文件大小',
  `content` longtext COMMENT '内容',
  `document_templete` varchar(120) DEFAULT NULL COMMENT '文档模板',
  `hidden` bit(1) DEFAULT b'0' COMMENT '是否显示',
  `assets_ids` varchar(1200) DEFAULT NULL,
  `recommend` bit(1) DEFAULT b'0' COMMENT '是否推荐',
  `click_count` int(11) DEFAULT '0',
  `create_date` datetime DEFAULT NULL,
  `update_date` datetime DEFAULT NULL,
  `content_short` varchar(400) DEFAULT NULL,
  `m_gene_template` varchar(120) DEFAULT NULL COMMENT '移动端页面生成模板',
  `gene_template` varchar(120) DEFAULT NULL COMMENT 'pc端页面生成模板',
  PRIMARY KEY (`id`),
  KEY `fk_busi_doc_channel_idx` (`channel_id`),
  CONSTRAINT `fk_busi_doc_channel` FOREIGN KEY (`channel_id`) REFERENCES `busi_channel` (`id`) ON DELETE CASCADE ON UPDATE CASCADE
) ENGINE=InnoDB DEFAULT CHARSET=utf8 COMMENT='文档';
/*!40101 SET character_set_client = @saved_cs_client */;

--
-- Dumping data for table `busi_document`
--

LOCK TABLES `busi_document` WRITE;
/*!40000 ALTER TABLE `busi_document` DISABLE KEYS */;
INSERT INTO `busi_document` VALUES ('1451556536767','1451532049377','公司简介','','公司简介',NULL,NULL,'','','','','','',NULL,'<p style=\"margin: 10px; padding: 0px; line-height: 27px; text-indent: 2em; font-size: 13px; color: rgb(85, 85, 85); font-family: Arial, Helvetica, sans-serif; white-space: normal; text-align: left;\"><span style=\"font-size: 16px; font-family: 微软雅黑, &#39;Microsoft YaHei&#39;;\">广州智沃信息技术有限公司在2015年成立于广州，公司专业致力于中小企业网站以及微信公众号服务开发，为各类行业提供应用解决方案,面向城市、校园、企事业以及银行。公司的技术骨干都先后任职过金蝶和中兴等知名企业，技术力量雄厚；公司的推出的建站产品JCINCMS是基于Java的开源框架Spring和Mybatis，采用大量中小企业成熟使用的Mysql数据库，具有稳定，高效，安全，适配手机端等特点。公司始终将客户的利益放在第一位，致力于为客户提供优质的软件服务，欢迎联系我们洽谈业务。</span></p><p style=\"margin: 10px; padding: 0px; line-height: 27px; text-indent: 2em; font-size: 13px; color: rgb(85, 85, 85); font-family: Arial, Helvetica, sans-serif; white-space: normal; text-align: left;\"><br/></p>','zhiwo-aboutus.jsp','','','\0',NULL,NULL,'2016-01-11 22:09:28','广州智沃信息技术有限公司在2015年成立于广州，公司专业致力于中小企业网站以及微信公众号服务开发，为各类行业提供应用解决方案,面向城市、校园、企事业以及银行。公司的技术骨干都先后任职过金蝶和中兴等知名企业，技术力量雄厚；公司的推出的建站产品JCINCMS是基于Java的开源框架Spring和Mybatis，采用大量中小企业成熟使用的Mysql数据库，具有稳定，高效，安全，适配手机端等特点。公司始终','','template/zhiwo-aboutus.ftl'),('1451558430895','1452135656248','java招聘','','',NULL,NULL,'','','','','','',NULL,'<p style=\"line-height: normal;\"><span style=\"font-family: 微软雅黑, &#39;Microsoft YaHei&#39;; font-size: 14px;\">业务人员</span></p><p style=\"line-height: normal;\"><span style=\"font-family: 微软雅黑, &#39;Microsoft YaHei&#39;; font-size: 14px;\">岗位职责和要求：</span></p><p style=\"line-height: normal;\"><span style=\"font-family: 微软雅黑, &#39;Microsoft YaHei&#39;; font-size: 14px;\"></span></p><p style=\"white-space: normal; line-height: normal;\"><span style=\"font-family: 微软雅黑, &#39;Microsoft YaHei&#39;; font-size: 14px;\">1、善于沟通，把握客户需求；</span></p><p style=\"white-space: normal; line-height: normal;\"><span style=\"font-family: 微软雅黑, &#39;Microsoft YaHei&#39;; font-size: 14px;\">2、思维严谨，工作目标明确，抗压能力强；</span></p><p style=\"white-space: normal; line-height: normal;\"><span style=\"font-family: 微软雅黑, &#39;Microsoft YaHei&#39;; font-size: 14px;\">3、有计算机行业背景堪佳；</span></p><p><br/></p><p style=\"line-height: normal;\"><span style=\"font-family: 微软雅黑, &#39;Microsoft YaHei&#39;; font-size: 14px;\">Java高级开发工程师</span></p><p style=\"line-height: normal;\"><span style=\"font-family: 微软雅黑, &#39;Microsoft YaHei&#39;; font-size: 14px;\">岗位职责和要求：</span></p><p style=\"line-height: normal;\"><span style=\"font-family: 微软雅黑, &#39;Microsoft YaHei&#39;; font-size: 14px;\">1、计算机软件相关专业，本科及以上学历；</span></p><p style=\"line-height: normal;\"><span style=\"font-family: 微软雅黑, &#39;Microsoft YaHei&#39;; font-size: 14px;\">2、思维严谨，工作目标明确；</span></p><p style=\"line-height: normal;\"><span style=\"font-family: 微软雅黑, &#39;Microsoft YaHei&#39;; font-size: 14px;\">3、两年以上的工作经验，或其中至少一年以上参与中大型网站开发经验；</span></p><p style=\"line-height: normal;\"><span style=\"font-family: 微软雅黑, &#39;Microsoft YaHei&#39;; font-size: 14px;\">4、精通servlet，JSP，Struts，Spring，hibenate，Velocity 。并熟悉Tomcat和Apache.</span></p><p style=\"line-height: normal;\"><span style=\"font-family: 微软雅黑, &#39;Microsoft YaHei&#39;; font-size: 14px;\">5<span style=\"font-family: 微软雅黑, &#39;Microsoft YaHei&#39;; font-size: 14px;\">、</span>熟练掌握以下数据库中致少一种: PostgreSQL, MySQL</span></p><p style=\"line-height: normal;\"><span style=\"font-family: 微软雅黑, &#39;Microsoft YaHei&#39;; font-size: 14px;\">6<span style=\"font-family: 微软雅黑, &#39;Microsoft YaHei&#39;; font-size: 14px;\">、</span>熟悉WEB相关知识(如HTML, JAVASCRIPT, CSS等)</span></p><p style=\"line-height: normal;\"><span style=\"font-family: 微软雅黑, &#39;Microsoft YaHei&#39;; font-size: 14px;\">7、能够独立完成项目经理所分配的软件开发任务。</span></p><p style=\"line-height: normal;\"><span style=\"font-family: 微软雅黑, &#39;Microsoft YaHei&#39;; font-size: 14px;\">8、具有较强的分析设计能力。</span></p><p style=\"line-height: normal;\"><span style=\"font-family: 微软雅黑, &#39;Microsoft YaHei&#39;; font-size: 14px;\">9、良好的沟通能力及团队合作精神，责任心强</span></p><p><br/></p><p style=\"white-space: normal; line-height: normal;\"><span style=\"font-family: 微软雅黑, &#39;Microsoft YaHei&#39;; font-size: 14px;\">前端平面设计师</span></p><p style=\"white-space: normal; line-height: normal;\"><span style=\"font-family: 微软雅黑, &#39;Microsoft YaHei&#39;; font-size: 14px;\">岗位职责和要求：</span></p><p style=\"white-space: normal; line-height: normal;\"><span style=\"font-family: 微软雅黑, &#39;Microsoft YaHei&#39;; font-size: 14px;\">1、熟练使用Photoshop，能够将页面切片；</span></p><p style=\"white-space: normal; line-height: normal;\"><span style=\"font-family: 微软雅黑, &#39;Microsoft YaHei&#39;; font-size: 14px;\">2、熟悉div+css，能够使用Javascript堪佳；</span></p><p style=\"white-space: normal; line-height: normal;\"><span style=\"font-family: 微软雅黑, &#39;Microsoft YaHei&#39;; font-size: 14px;\">3、两年以上的工作经验；</span></p><p style=\"white-space: normal; line-height: normal;\"><span style=\"font-family: 微软雅黑, &#39;Microsoft YaHei&#39;; font-size: 14px;\"><br/></span></p><p style=\"white-space: normal; line-height: normal;\"><span style=\"font-family: 微软雅黑, &#39;Microsoft YaHei&#39;; font-size: 14px;\">请将相关简历发送至635152644@qq.com，合则约见。</span></p><p><br/></p><p><br/></p>','zhiwo-doc.jsp','','','\0',NULL,NULL,'2016-01-07 11:06:43','业务人员岗位职责和要求：1、善于沟通，把握客户需求；2、思维严谨，工作目标明确，抗压能力强；3、有计算机行业背景堪佳；Java高级开发工程师岗位职责和要求：1、计算机软件相关专业，本科及以上学历；2、思维严谨，工作目标明确；3、两年以上的工作经验，或其中至少一年以上参与中大型网站开发经验；4、精通servlet，JSP，Struts，Spring，hibenate，Velocity 。并熟悉Tom','',''),('1451641173216','1451555208927','服务网络','','timeswo时沃,服务网络',NULL,NULL,'','','','','','',NULL,'<p style=\"text-align: left;\"><span style=\"font-family: 微软雅黑, &#39;Microsoft YaHei&#39;;\">&nbsp;&nbsp;&nbsp;&nbsp;公司本部设置在广州，在其它若干城市也设有业务代表，欢迎联系我们。</span></p><p style=\"text-align: left;\"><span style=\"font-family: 微软雅黑, &#39;Microsoft YaHei&#39;;\"><span style=\"font-family: 微软雅黑, &#39;Microsoft YaHei&#39;;\">&nbsp; &nbsp; 上海——公司顾问：何先生 电话：192 1730 0512</span></span></p><p style=\"text-align: left;\"><span style=\"font-family: 微软雅黑, &#39;Microsoft YaHei&#39;;\"><span style=\"font-family: 微软雅黑, &#39;Microsoft YaHei&#39;;\">&nbsp; &nbsp; 广州——<span style=\"font-family: 微软雅黑, &#39;Microsoft YaHei&#39;;\">公司顾问</span>：黄先生 电话：158 7532 7032</span></span></p><p style=\"text-align: left;\"><span style=\"font-family: 微软雅黑, &#39;Microsoft YaHei&#39;;\"><span style=\"font-family: 微软雅黑, &#39;Microsoft YaHei&#39;;\">&nbsp; &nbsp; 佛山——</span><span style=\"font-family: 微软雅黑, &#39;Microsoft YaHei&#39;;\"><span style=\"font-family: 微软雅黑, &#39;Microsoft YaHei&#39;;\">公司顾问</span>：林先生 电话：</span><span style=\"font-family: 微软雅黑, &#39;Microsoft YaHei&#39;;\">159 1579 2260</span></span></p><p style=\"text-align: left;\"><span style=\"font-family: 微软雅黑, &#39;Microsoft YaHei&#39;;\"><span style=\"font-family: 微软雅黑, &#39;Microsoft YaHei&#39;;\"><span style=\"font-family: 微软雅黑, &#39;Microsoft YaHei&#39;;\">&nbsp; &nbsp; 潮汕——</span><span style=\"font-family: 微软雅黑, &#39;Microsoft YaHei&#39;;\"><span style=\"font-family: 微软雅黑, &#39;Microsoft YaHei&#39;;\">公司顾问</span>：黄先生 电话：</span><span style=\"font-family: 微软雅黑, &#39;Microsoft YaHei&#39;;\">139 2620 5227</span></span></span></p>','zhiwo-aboutus.jsp','','','\0',NULL,NULL,'2016-01-11 21:54:50','公司本部设置在广州，在其它若干城市也设有业务代表，欢迎联系我们。    上海——公司顾问：何先生 电话：192 1730 0512    广州——公司顾问：黄先生 电话：158 7532 7032    佛山——公司顾问：林先生 电话：159 1579 2260    潮汕——公司顾问：黄先生 电话：139 2620 5227','','template/zhiwo-aboutus.ftl'),('1451641894582','1451555062363','联系我们','','联系我们',NULL,NULL,'','','','','','',NULL,'<p style=\"margin: 0px 10px 20px 30px; padding: 0px; line-height: 22px; font-family: Arial, Helvetica, sans-serif; font-size: 12px; white-space: normal; background-color: rgb(254, 254, 254);\"><span style=\"font-size: 16px; font-family: 微软雅黑, &#39;Microsoft YaHei&#39;;\"><strong style=\"margin: 0px; padding: 0px;\">新开普电子股份有限公司</strong><br style=\"margin: 0px; padding: 0px;\"/>地址：郑州市高新技术产业开发区迎春街18号</span></p><p style=\"margin: 0px 10px 20px 30px; padding: 0px; line-height: 22px; font-family: Arial, Helvetica, sans-serif; font-size: 12px; white-space: normal; background-color: rgb(254, 254, 254);\"><span style=\"font-size: 16px; font-family: 微软雅黑, &#39;Microsoft YaHei&#39;;\"><strong style=\"margin: 0px; padding: 0px;\">全国统一服务热线</strong>：4006 300248</span></p><p style=\"margin: 0px 10px 20px 30px; padding: 0px; line-height: 22px; font-family: Arial, Helvetica, sans-serif; font-size: 12px; white-space: normal; background-color: rgb(254, 254, 254);\"><span style=\"font-size: 16px; font-family: 微软雅黑, &#39;Microsoft YaHei&#39;;\"><strong style=\"margin: 0px; padding: 0px;\">销售热线</strong><br style=\"margin: 0px; padding: 0px;\"/>电话：4006300248转1</span></p><p style=\"margin: 0px 10px 20px 30px; padding: 0px; line-height: 22px; font-family: Arial, Helvetica, sans-serif; font-size: 12px; white-space: normal; background-color: rgb(254, 254, 254);\"><span style=\"font-size: 16px; font-family: 微软雅黑, &#39;Microsoft YaHei&#39;;\"><strong style=\"margin: 0px; padding: 0px;\">售后服务热线</strong><br style=\"margin: 0px; padding: 0px;\"/>传真：0371-56599840</span></p><p style=\"margin: 0px 10px 20px 30px; padding: 0px; line-height: 22px; font-family: Arial, Helvetica, sans-serif; font-size: 12px; white-space: normal; background-color: rgb(254, 254, 254);\"><span style=\"font-size: 16px; font-family: 微软雅黑, &#39;Microsoft YaHei&#39;;\"><strong style=\"margin: 0px; padding: 0px;\">工程维修热线</strong><br style=\"margin: 0px; padding: 0px;\"/>电话：0371-56599111</span></p><p style=\"margin: 0px 10px 20px 30px; padding: 0px; line-height: 22px; font-family: Arial, Helvetica, sans-serif; font-size: 12px; white-space: normal; background-color: rgb(254, 254, 254);\"><span style=\"font-size: 16px; font-family: 微软雅黑, &#39;Microsoft YaHei&#39;;\"><strong style=\"margin: 0px; padding: 0px;\">人力资源热线</strong><br style=\"margin: 0px; padding: 0px;\"/>电话：0371-56599771</span></p><p style=\"margin: 0px 10px 20px 30px; padding: 0px; line-height: 22px; font-family: Arial, Helvetica, sans-serif; font-size: 12px; white-space: normal; background-color: rgb(254, 254, 254);\"><span style=\"font-size: 16px; font-family: 微软雅黑, &#39;Microsoft YaHei&#39;;\"><strong style=\"margin: 0px; padding: 0px;\">投资者热线</strong><br style=\"margin: 0px; padding: 0px;\"/>电话：0371-56599758<br style=\"margin: 0px; padding: 0px;\"/>传真：0371-56599716<br style=\"margin: 0px; padding: 0px;\"/>邮箱：</span><img src=\"http://www.newcapec.com.cn/images/zqemail.gif\" class=\"email\" style=\"margin: 0px 5px 0px 0px; padding: 0px; border: 0px; clip: rect(auto auto auto auto); vertical-align: -20%;\"/></p><p><br/></p>','zhiwo-aboutus.jsp','','','\0',NULL,NULL,'2016-01-09 16:14:54','新开普电子股份有限公司地址：郑州市高新技术产业开发区迎春街18号全国统一服务热线：4006 300248销售热线电话：4006300248转1售后服务热线传真：0371-56599840工程维修热线电话：0371-56599111人力资源热线电话：0371-56599771投资者热线电话：0371-56599758传真：0371-56599716邮箱：','','template/zhiwo-aboutus.ftl'),('1451642283835','1451555446829','企业文化','','',NULL,NULL,'','','','','','',NULL,'<p style=\"text-align: left;\"><span style=\"font-family: 微软雅黑, &#39;Microsoft YaHei&#39;;\">我们的<span style=\"font-family: 微软雅黑, &#39;Microsoft YaHei&#39;; color: rgb(255, 0, 0);\">宗旨</span></span></p><p style=\"text-align: left;\"><span style=\"font-family: 微软雅黑, &#39;Microsoft YaHei&#39;;\">为用户服务，我们能做的更好！</span></p><p style=\"text-align: left;\"><span style=\"font-family: 微软雅黑, &#39;Microsoft YaHei&#39;;\"><br/></span></p><p style=\"text-align: left;\"><span style=\"font-family: 微软雅黑, &#39;Microsoft YaHei&#39;;\">我们的<span style=\"font-family: 微软雅黑, &#39;Microsoft YaHei&#39;; color: rgb(255, 0, 0);\">核心价值观</span></span></p><p style=\"text-align: left;\"><span style=\"font-family: 微软雅黑, &#39;Microsoft YaHei&#39;;\">以人为本、共同成长</span></p><p style=\"text-align: left;\"><span style=\"font-family: 微软雅黑, &#39;Microsoft YaHei&#39;;\">鼓励创新、注重细节</span></p><p style=\"text-align: left;\"><span style=\"font-family: 微软雅黑, &#39;Microsoft YaHei&#39;;\">关注过程、重视结果&nbsp;</span></p><p style=\"text-align: left;\"><span style=\"font-family: 微软雅黑, &#39;Microsoft YaHei&#39;;\"><br/></span></p><p style=\"text-align: left;\"><span style=\"font-family: 微软雅黑, &#39;Microsoft YaHei&#39;;\">我们的<span style=\"font-family: 微软雅黑, &#39;Microsoft YaHei&#39;; color: rgb(255, 0, 0);\">文化</span></span></p><p style=\"text-align: left;\"><span style=\"font-family: 微软雅黑, &#39;Microsoft YaHei&#39;;\">诚实与公平</span></p><p style=\"text-align: left;\"><span style=\"font-family: 微软雅黑, &#39;Microsoft YaHei&#39;;\">尊重与关心个人</span></p><p style=\"text-align: left;\"><span style=\"font-family: 微软雅黑, &#39;Microsoft YaHei&#39;;\">团队合作、良好沟通</span></p><p><br/></p><p><br/></p>','zhiwo-aboutus.jsp','','','\0',NULL,NULL,'2016-01-11 22:10:14','我们的宗旨为用户服务，我们能做的更好！我们的核心价值观以人为本、共同成长鼓励创新、注重细节关注过程、重视结果 我们的文化诚实与公平尊重与关心个人团队合作、良好沟通','','template/zhiwo-aboutus.ftl'),('1451967078595','1451532077867','新开普＆郑州升达学院签订校企合作战略协议','','',NULL,NULL,'','','','','','',NULL,'<p>2015年12月23日16:00，新开普电子股份有限公司与郑州升达经贸管理学院“人才服务校企合作战略协议“签约授牌仪式在郑州升达经贸管理学院隆重举行。</p><p><br/></p><p><br/></p><p><br/></p><p>新开普电子股份有限公司董事长杨维国，郑州升达经贸管理学院院长崔慕岳教授，执行董事王新奇，副院长段丰乐，以及新开普职业教育事业部总经理马振刚，战略投资部副总经理韩雪等人出席了签约授牌仪式。</p><p><br/></p><p><br/></p><p><br/></p><p>杨维国在致辞中表示，新开普作为国内专注于校园信息化的上市企业，通过转化线下高校市场资源和线上“互联网+智慧校园”的成果，目前正着力于“开启人才服务的新模式”，通过郑州升达经贸管理学院的深度合作，将为更多学生搭建就业直通车，为更多企业输送更多的优秀IT人才，也会更好的实现公司发展IT人才教育的战略。双方未来将围绕IT人才培养领域，在专业建设、实习实训、学生培养、教师实践，工程师交叉任职等多层面，进行深度合作与资源整合，实现优势互补、共同发展。</p><p><br/></p><p><br/></p><p><br/></p><p>崔慕岳指出，升达学院坚持把人才培养质量作为学院发展的生命线，此次校企合作，是升达学院推进转型发展、凝练办学特色、全面提高人才培养质量的又一重要举措，既体现了双方真诚合作、共同发展的良好愿望，又体现了我们服务社会，服务学生的共同期盼。希望我们紧密合作、优势互补、资源共享、互惠互利、共同发展，为社会培育更多的优秀人才！</p><p><br/></p>','zhiwo-newsdoc.jsp','','','\0',NULL,NULL,'2016-01-10 22:00:05','2015年12月23日16:00，新开普电子股份有限公司与郑州升达经贸管理学院“人才服务校企合作战略协议“签约授牌仪式在郑州升达经贸管理学院隆重举行。新开普电子股份有限公司董事长杨维国，郑州升达经贸管理学院院长崔慕岳教授，执行董事王新奇，副院长段丰乐，以及新开普职业教育事业部总经理马振刚，战略投资部副总经理韩雪等人出席了签约授牌仪式。杨维国在致辞中表示，新开普作为国内专注于校园信息化的上市企业，通','','template/zhiwo-newsdoc.ftl'),('1452140840800','1451532077867','简讯：我公司又一批软件产品被认定为《优秀软件产品》','','',NULL,NULL,'','','','','','',NULL,'<p style=\"margin: 10px; padding: 0px; line-height: 27px; text-indent: 0em; font-size: 13px; color: rgb(85, 85, 85); font-family: Arial, Helvetica, sans-serif; white-space: normal; text-align: left;\">近日，河南省软件服务业协会发布了“关于表彰2014年度河南省软件服务业优秀软件企业、优秀软件产品的通知（豫软服协【2015】02号）”，我公司4项产品被评为《2014年度优秀软件产品》：新开普R108智能膜式燃气表嵌入式软件V3.0、新开普金融IC卡行业应用运营服务平台V1.0、新开普电力线载波通信单元固件系统V1.0、新开普校情分析系统V1.0）。</p><p style=\"margin: 10px; padding: 0px; line-height: 27px; text-indent: 0em; font-size: 13px; color: rgb(85, 85, 85); font-family: Arial, Helvetica, sans-serif; white-space: normal; text-align: left;\">这一表彰认定既是对新开普自主创新能力和产品质量的认可，同时还可以进一步提升“新开普”品牌的知名度和美誉度，我们将以此为契机，进一步加大技术研发投入，自主研发出更优秀的产品来回报社会各界的支持与厚爱。</p><p><br/></p>','zhiwo-newsdoc.jsp','','','\0',10,NULL,'2016-01-10 21:59:32','近日，河南省软件服务业协会发布了“关于表彰2014年度河南省软件服务业优秀软件企业、优秀软件产品的通知（豫软服协【2015】02号）”，我公司4项产品被评为《2014年度优秀软件产品》：新开普R108智能膜式燃气表嵌入式软件V3.0、新开普金融IC卡行业应用运营服务平台V1.0、新开普电力线载波通信单元固件系统V1.0、新开普校情分析系统V1.0）。这一表彰认定既是对新开普自主创新能力和产品质量的','','template/zhiwo-newsdoc.ftl'),('1452222962997','1451531199872','产品介绍','','产品介绍',NULL,NULL,'','','','','','',NULL,'<h2 style=\"margin: 0px; padding: 0px; font-size: 12px; line-height: 22px; color: rgb(11, 102, 168); font-family: Tahoma, Helvetica, Arial, sans-serif; white-space: normal; text-align: left; background-color: rgb(255, 255, 255);\">DedeCMS内容管理系统软件简介</h2><p style=\"margin-top: 0px; margin-bottom: 0px; padding: 0px; color: rgb(102, 102, 102); font-family: Tahoma, Helvetica, Arial, sans-serif; font-size: 12px; line-height: 22px; white-space: normal; text-align: left; background-color: rgb(255, 255, 255);\">欢迎使用国内最专业的PHP网站内容管理系统-织梦内容管理系统，他将是您轻松建站的首选利器。采用XML名字空间风格核心模板：模板全部使用文件形式保存，对用户设计模板、网站升级转移均提供很大的便利，健壮的模板标签为站长DIY 自己的网站提供了强有力的支持。高效率标签缓存机制：允许对类同的标签进行缓存，在生成 HTML的时候，有利于提高系统反应速度，降低系统消耗的资源。模型与模块概念并存：在模型不能满足用户所有需求的情况下，DedeCMS推出一些互动的模块对系统进行补充，尽量满足用户的需求。众多的应用支持：为用户提供了各类网站建设的一体化解决方案，在本版本中，增加了分类、书库、黄页、圈子、问答等模块，补充一些用户的特殊要求。面向未来过渡：织梦团队的组建为织梦CMS的发展提供坚实的基础，在织梦团队未来的构想中，它以后将会具有更大的灵活性和稳定的性能。</p><p style=\"margin-top: 0px; margin-bottom: 0px; padding: 0px; color: rgb(102, 102, 102); font-family: Tahoma, Helvetica, Arial, sans-serif; font-size: 12px; line-height: 22px; white-space: normal; text-align: left; background-color: rgb(255, 255, 255);\">&nbsp;</p><h2 style=\"margin: 0px; padding: 0px; font-size: 12px; line-height: 22px; color: rgb(11, 102, 168); font-family: Tahoma, Helvetica, Arial, sans-serif; white-space: normal; text-align: left; background-color: rgb(255, 255, 255);\">DedeCMS应用领域</h2><p style=\"margin-top: 0px; margin-bottom: 0px; padding: 0px; color: rgb(102, 102, 102); font-family: Tahoma, Helvetica, Arial, sans-serif; font-size: 12px; line-height: 22px; white-space: normal; text-align: left; background-color: rgb(255, 255, 255);\">DedeCMS最适合应用于以下领域：<br/>•企业网站，无论大型还是中小型企业，利用网络传递信息在一定程度上提高了办事的效率，提高企业的竞争力；<br/>•政府机关，通过建立政府门户，有利于各种信息和资源的整合，为政府和社会公众之间加强联系和沟通，从而使政府可以更快、更便捷、更有效开展工作；<br/>•教育机构，通过网络信息的引入，使得教育机构之间及教育机构内部和教育者之间进行信息传递，全面提升教育类网站的层面；<br/>•媒体机构，互联网这种新媒体已经强而有力的冲击了传统媒体，在这个演变过程中，各类媒体机构应对自己核心有一个重新认识和重新发展的过程，建立一个数字技术平台以适应数字化时代的需求；<br/>•行业网站，针对不同行业，强化内部的信息划分，体现行业的特色，网站含有行业的动态信息、产品、市场、技术、人才等信息，树立行业信息权威形象，为行业内产品供应链管理，提供实际的商业机会；<br/>•个人站长，兴趣为主导，建立各种题材新颖，内容丰富的网站，通过共同兴趣的信息交流，可以让您形成自己具有特色的用户圈，产生个人需求，并为其服务；<br/>•收费网站，内容收费类型的网站，用户可以在线提供产品销售，或者内容收费，简单清晰的盈利模式，确保您以最小的投资，取得最大的回报；</p><p><br/></p>','zhiwo-product.jsp','','','\0',NULL,NULL,'2016-01-09 22:00:23','DedeCMS内容管理系统软件简介欢迎使用国内最专业的PHP网站内容管理系统-织梦内容管理系统，他将是您轻松建站的首选利器。采用XML名字空间风格核心模板：模板全部使用文件形式保存，对用户设计模板、网站升级转移均提供很大的便利，健壮的模板标签为站长DIY 自己的网站提供了强有力的支持。高效率标签缓存机制：允许对类同的标签进行缓存，在生成 HTML的时候，有利于提高系统反应速度，降低系统消耗的资源。','','template/zhiwo-product.ftl');
/*!40000 ALTER TABLE `busi_document` ENABLE KEYS */;
UNLOCK TABLES;

--
-- Table structure for table `log`
--

DROP TABLE IF EXISTS `log`;
/*!40101 SET @saved_cs_client     = @@character_set_client */;
/*!40101 SET character_set_client = utf8 */;
CREATE TABLE `log` (
  `id` varchar(120) NOT NULL,
  `type` varchar(45) DEFAULT NULL,
  `create_by` varchar(45) DEFAULT NULL,
  `remote_addr` varchar(45) DEFAULT NULL,
  `user_agent` varchar(45) DEFAULT NULL,
  `request_uri` varchar(120) DEFAULT NULL,
  `Method` varchar(45) DEFAULT NULL,
  `params` varchar(1200) DEFAULT NULL,
  `exception` varchar(45) DEFAULT NULL,
  PRIMARY KEY (`id`)
) ENGINE=InnoDB DEFAULT CHARSET=utf8;
/*!40101 SET character_set_client = @saved_cs_client */;

--
-- Dumping data for table `log`
--

LOCK TABLES `log` WRITE;
/*!40000 ALTER TABLE `log` DISABLE KEYS */;
INSERT INTO `log` VALUES ('1444461791779','access','admin','/syst/admin',NULL,'/syst/admin/user/create','POST','username=11&password=&roleId=1',''),('1444462164666','access','admin','/syst/admin',NULL,'/syst/admin/user/create','POST','username=ewew&password=&roleId=1',''),('1444462267090','access','admin','/syst/admin',NULL,'/syst/admin/user/deleteById','POST','idstring=1444462156956',''),('1444473873451','access','admin','/syst/admin',NULL,'/syst/admin/dictionary/create','POST','id=&value=dsfdsf&label=fsdfs&type=dsf',''),('1444521665878','access','admin','/syst/admin',NULL,'/syst/admin/dictionary/create','POST','id=&value=klkl&label=klkl&type=dsf',''),('1444521698983','access','admin','/syst/admin',NULL,'/syst/admin/dictionary/deleteById','POST','idstring=1444521665766',''),('1444522698205','access','admin','/syst/admin',NULL,'/syst/admin/test/create','POST','id=&name=dsds&createDate=&updateDate=',''),('1444522751730','access','admin','/syst/admin',NULL,'/syst/admin/test/deleteById','POST','idstring=1444522696210',''),('1444522792673','access','admin','/syst/admin',NULL,'/syst/admin/test/create','POST','id=eww&name=wqwq&createDate=&updateDate=',''),('1444522818280','access','admin','/syst/admin',NULL,'/syst/admin/test/update/1444522792556','POST','id=1444522792556&name=wqwqiii&createDate=Sun Oct 11 08:19:53 CST 2015&updateDate=',''),('1444522877181','access','admin','/syst/admin',NULL,'/syst/admin/test/update/1444522792556','POST','id=1444522792556&name=wqwqiii&createDate=Sun Oct 11 08:19:53 CST 2015&updateDate=',''),('1444523023078','access','admin','/syst/admin',NULL,'/syst/admin/test/update/1444522792556','POST','id=1444522792556&name=wqwqii&createDate=Sun Oct 11 08:19:53 CST 2015&updateDate=',''),('1444523252297','access','admin','/syst/admin',NULL,'/syst/admin/user/update/2','POST','id=2&username=test1&password=&roleId=2',''),('1444523367070','access','admin','/syst/admin',NULL,'/syst/admin/test/update/1444522792556','POST','id=1444522792556&name=wqwqewew',''),('1444523435595','access','admin','/syst/admin',NULL,'/syst/admin/test/update/1444522792556','POST','id=1444522792556&name=wqwqiiiiii',''),('1444523458827','access','admin','/syst/admin',NULL,'/syst/admin/test/update/1444522792556','POST','id=1444522792556&name=test',''),('1444523589961','access','admin','/syst/admin',NULL,'/syst/admin/test/update/1444522792556','POST','id=1444522792556&name=test112',''),('1444526990037','access','admin','/syst/admin',NULL,'/syst/admin/organization/create','POST','parentId=&parentIds=&name=test&available=',''),('1444527152005','access','admin','/syst/admin',NULL,'/syst/admin/organization/create','POST','parentId=&parentIds=&name=test&available=',''),('1444534867380','access','admin','/syst/admin',NULL,'/syst/admin/organization/create','POST','parentId=&parentIds=&name=ass&available=',''),('1444548142682','access','admin','/syst/admin',NULL,'/syst/admin/resource/create','POST','parentId=2&name=组织管理&authName=organization:*&path=/organization&type=menu',''),('1444548969561','access','admin','/syst/admin',NULL,'/syst/admin/resource/create','POST','parentId=2&name=角色授权&authName=roleResource|*&path=/roleResource&type=menu',''),('1444550544945','access','admin','/syst/admin',NULL,'/syst/admin/resource/create','POST','parentId=2&name=组织授权&authName=organizationResource:*&path=/organizationResource&type=menu',''),('1444573320976','access','admin','/syst/admin',NULL,'/syst/admin/resource/create','POST','parentId=&name=关于系统&authName=&path=&type=menu',''),('1444573378659','access','admin','/syst/admin',NULL,'/syst/admin/resource/create','POST','parentId=1444573320799&name=产品信息&authName=&path=/productInfo&type=menu',''),('1444574410762','access','admin','/syst/admin',NULL,'/syst/admin/resource/deleteById','POST','idstring=1',''),('1444575788831','access','admin','/syst/admin',NULL,'/syst/admin/resource/create','POST','parentId=1444573320799&name=修改密码&authName=&path=/changePassword&type=menu',''),('1444628148087','access','admin','/syst/admin',NULL,'/syst/admin/resource/deleteById','POST','idstring=1444575788723',''),('1444631314573','access','admin','/syst/admin',NULL,'/syst/admin/resource/create','POST','parentId=2&name=字典管理&authName=&path=/dictionary&type=menu',''),('1444632936253','access','admin','/syst/admin',NULL,'/syst/admin/dictionary/deleteById','POST','idstring=1444473873037',''),('1444633076902','access','admin','/syst/admin',NULL,'/syst/admin/dictionary/create','POST','value=true&label=是&type=available',''),('1444633285726','access','admin','/syst/admin',NULL,'/syst/admin/dictionary/create','POST','value=false&label=否&type=available',''),('1444635718867','access','admin','/syst/admin',NULL,'/syst/admin/dictionary/create','POST','value=true&label=男&type=sex',''),('1444635730168','access','admin','/syst/admin',NULL,'/syst/admin/dictionary/create','POST','value=false&label=女&type=sex',''),('1444636328281','access','admin','/syst/admin',NULL,'/syst/admin/organization/create','POST','parentId=&name=公司&available=true',''),('1444636390553','access','admin','/syst/admin',NULL,'/syst/admin/organization/deleteById','POST','idstring=1444534865650',''),('1444636521753','access','admin','/syst/admin',NULL,'/syst/admin/organization/create','POST','parentId=1444636328008&name=财务部&available=true',''),('1444636560272','access','admin','/syst/admin',NULL,'/syst/admin/organization/create','POST','parentId=1444636328008&name=市场部&available=true',''),('1444636576043','access','admin','/syst/admin',NULL,'/syst/admin/organization/create','POST','parentId=1444636328008&name=研发部&available=true',''),('1444636666722','access','admin','/syst/admin',NULL,'/syst/admin/organization/create','POST','parentId=1444636575952&name=研发一部&available=true',''),('1444636687175','access','admin','/syst/admin',NULL,'/syst/admin/organization/create','POST','parentId=1444636575952&name=研发二部&available=true',''),('1444646456492','access','admin','/syst/admin',NULL,'/syst/admin/resource/update/1444573378567','POST','parentId=1444573320799&name=产品信息&authName=&path=/user/productInfo&type=menu',''),('1444657440163','access','admin','/syst/admin',NULL,'/syst/admin/user/create','POST','username=123&organizationId=1444636666661&password=&roleId=1',''),('1444658564224','access','admin','/syst/admin',NULL,'/syst/admin/user/deleteById','POST','idstring=1444658081768,1444657439316',''),('1444658595341','access','admin','/syst/admin',NULL,'/syst/admin/user/create','POST','username=123&organizationId=1444636666661&password=&roleId=1',''),('1444660524158','access','admin','/syst/admin',NULL,'/syst/admin/user/update/1444658591291','POST','id=1444658591291&username=123&organizationId=1444636521670&password=&roleId=1',''),('1444660940062','access','admin','/syst/admin',NULL,'/syst/admin/user/update/2','POST','id=2&username=test&organizationId=1444636328008&password=&roleId=2',''),('1444704614238','access','admin','/syst/admin',NULL,'/syst/admin/user/update/2','POST','id=2&username=test&organizationId=1444636328008&password=&roleId=2',''),('1444704720356','access','admin','/syst/admin',NULL,'/syst/admin/user/update/2','POST','id=2&username=test&organizationId=1444636328008&password=&roleId=2',''),('1444705528084','access','admin','/syst/admin',NULL,'/syst/admin/user/update/2','POST','id=2&username=test&organizationId=1444636328008&password=&roleId=1',''),('1444705760683','access','admin','/syst/admin',NULL,'/syst/admin/user/update/2','POST','id=2&username=test&organizationId=1444636328008&password=&roleId=1',''),('1444706427606','access','admin','/syst/admin',NULL,'/syst/admin/user/update/2','POST','id=2&username=test&organizationId=1444636560192&password=&roleId=1',''),('1444706750682','access','admin','/syst/admin',NULL,'/syst/admin/user/update/1','POST','id=1&username=admin&organizationId=1444636328008&password=&roleId=1',''),('1444707135766','access','admin','/syst/admin',NULL,'/syst/admin/user/update/1','POST','id=1&username=admin&organizationId=&password=&roleId=1',''),('1444707160889','access','admin','/syst/admin',NULL,'/syst/admin/user/update/1','POST','id=1&username=admin&organizationId=1444636521670&password=&roleId=1',''),('1444707442615','access','admin','/syst/admin',NULL,'/syst/admin/user/update/1444658591291','POST','id=1444658591291&username=123&organizationId=1444636560192&password=&roleId=1',''),('1444806244826','access','admin','/syst/admin',NULL,'/syst/admin/role/create','POST','name=test1',''),('1444876159396','access','admin','/syst/admin',NULL,'/syst/admin/user/create','POST','username=ewew&organizationId=1444636328008&password=&roleId=1',''),('1444885097090','access','admin','/syst/admin',NULL,'/syst/admin/resource/create','POST','parentId=&name=test&authName=&path=&type=menu',''),('1444885145375','access','admin','/syst/admin',NULL,'/syst/admin/resource/deleteById','POST','idstring=1444885095467',''),('1444890482621','access','admin','/syst/admin',NULL,'/syst/admin/organization/create','POST','parentId=1444636575952&name=研发三部&available=true',''),('1444891927652','access','admin','/syst/admin',NULL,'/syst/admin/organization/update/1444636560192','POST','id=1444636560192&parentId=1444636328008&name=市场部&available=false',''),('1444987150866','access','admin','/syst/admin',NULL,'/syst/admin/resource/create','POST','parentId=&name=数据库&authName=&path=&type=menu',''),('1444987227000','access','admin','/syst/admin',NULL,'/syst/admin/resource/create','POST','parentId=1444987149377&name=数据库备份管理&authName=dbBackup:*&path=/dbBackup&type=menu',''),('1445057609284','access','admin','/syst/admin',NULL,'/syst/admin/dbBackup/deleteById','POST','idstring=94ef4a1e-2c5a-421d-8d91-4e5401e54f0f',''),('1445065243584','access','admin','/syst/admin',NULL,'/syst/admin/resource/deleteById','POST','idstring=1444548968675,1444550544838',''),('1445075671821','access','admin','/syst/admin',NULL,'/syst/admin/resource/create','POST','parentId=&name=栏目&authName=channel:*&path=/channel&type=menu',''),('1445075703962','access','admin','/syst/admin',NULL,'/syst/admin/resource/create','POST','parentId=&name=文档&authName=document:*&path=/document&type=menu',''),('1445084486374','access','admin','/syst/admin',NULL,'/syst/admin/dictionary/create','POST','value=true&label=是&type=openMode',''),('1445084504353','access','admin','/syst/admin',NULL,'/syst/admin/dictionary/create','POST','value=false&label=否&type=openMode',''),('1445086466947','access','admin','/syst/admin',NULL,'/syst/admin/channel/create','POST','parentId=&linkAddr=&desc=&name=新闻&keyword=新闻，news&code=news&openMode=true',''),('1445086819068','access','admin','/syst/admin',NULL,'/syst/admin/channel/create','POST','parentId=&linkAddr=&desc=&name=新闻&keyword=新闻，news&code=news&openMode=true',''),('1445086834289','access','admin','/syst/admin',NULL,'/syst/admin/channel/create','POST','parentId=&linkAddr=&desc=&name=新闻&keyword=新闻，news&code=news&openMode=true',''),('1445130394900','access','admin','/syst/admin',NULL,'/syst/admin/channel/create','POST','descrition=新闻&parentId=&linkAddr=&name=新闻&keyword=新闻，news&code=news&openMode=true',''),('1445137715738','access','admin','/syst/admin',NULL,'/syst/admin/channel/create','POST','descrition=&parentId=&linkAddr=&name=test&keyword=&code=&openMode=true',''),('1445137720485','access','admin','/syst/admin',NULL,'/syst/admin/channel/deleteById','POST','idstring=1445137715690',''),('1445137723908','access','admin','/syst/admin',NULL,'/syst/admin/channel/deleteById','POST','idstring=1445137715690',''),('1445137772871','access','admin','/syst/admin',NULL,'/syst/admin/channel/create','POST','descrition=&parentId=&linkAddr=&name=test&keyword=&code=&openMode=true',''),('1445137782009','access','admin','/syst/admin',NULL,'/syst/admin/channel/deleteById','POST','idstring=1445137772831',''),('1445137809630','access','admin','/syst/admin',NULL,'/syst/admin/channel/create','POST','descrition=&parentId=&linkAddr=&name=test&keyword=&code=&openMode=true',''),('1445137815235','access','admin','/syst/admin',NULL,'/syst/admin/channel/deleteById','POST','idstring=1445137809586',''),('1445139154778','access','admin','/syst/admin',NULL,'/syst/admin/channel/update/1445130394473','POST','id=1445130394473&descrition=新闻&parentId=1445130394473&linkAddr=&name=新闻&keyword=新闻，news&code=news&openMode=true',''),('1445139264057','access','admin','/syst/admin',NULL,'/syst/admin/channel/update/1445130394473','POST','id=1445130394473&descrition=新闻&parentId=&linkAddr=&name=新闻&keyword=新闻，news&code=news&openMode=false',''),('1445139381681','access','admin','/syst/admin',NULL,'/syst/admin/channel/create','POST','descrition=&parentId=1445130394473&linkAddr=&name=体育&keyword=体育，sports&code=sports&openMode=true',''),('1445222940765','access','admin','/syst/admin',NULL,'/syst/admin/document/create','POST','content=&author=&title=&source=&color=&titleImage=&priority=&keyword=&fileAddr=&fileName=&sourceAddr=&size=',''),('1445242395078','access','admin','/syst/admin',NULL,'/syst/admin/document/create','POST','content=&author=黄记新&title=二少联手砍40分 雷霆结束掘金4连胜&editorValue=<p>谈汽车0-100加速度</p><h2>什么是汽车0-100加速度</h2><p>汽车0-100加速度是指汽车点火后从静止状态加速到100km/h所用的时间，民用车通常在7-10秒左右。</p><&source=&titleImage=&color=&priority=&fileAddr=&keyword=&fileName=&sourceAddr=&size=',''),('1445242558317','access','admin','/syst/admin',NULL,'/syst/admin/document/create','POST','content=&author=test&title=test&editorValue=<p>但是很舒服<br/></p>&source=&color=&titleImage=&priority=&fileAddr=&keyword=&fileName=&sourceAddr=&size=',''),('1445243132922','access','admin','/syst/admin',NULL,'/syst/admin/document/create','POST','content=&author=test&title=test&editorValue=<p>te额台湾问题为<br/></p>&source=&titleImage=&color=&priority=&fileAddr=&keyword=&fileName=&sourceAddr=&size=',''),('1445243351338','access','admin','/syst/admin',NULL,'/syst/admin/document/create','POST','content=&author=test&title=test&editorValue=<p>特提斯<br/></p>&source=&titleImage=&color=&priority=&fileAddr=&keyword=&fileName=&sourceAddr=&size=',''),('1445243390828','access','admin','/syst/admin',NULL,'/syst/admin/document/create','POST','content=&author=test&title=test&editorValue=<p>test<br/></p>&source=&titleImage=&color=&priority=&fileAddr=&keyword=&fileName=&sourceAddr=&size=',''),('1445243465003','access','admin','/syst/admin',NULL,'/syst/admin/document/create','POST','content=&author=速度多少&title=到时候&editorValue=<p>第三方的身份<br/></p>&source=&titleImage=&color=&priority=&fileAddr=&keyword=&fileName=&sourceAddr=&size=',''),('1445243727564','access','admin','/syst/admin',NULL,'/syst/admin/document/create','POST','content=&author=&title=&source=&color=&titleImage=&priority=&fileAddr=&keyword=&fileName=&sourceAddr=&size=',''),('1445244571986','access','admin','/syst/admin',NULL,'/syst/admin/document/create','POST','content=&author=&title=&source=&color=&titleImage=&priority=&keyword=&fileAddr=&fileName=&sourceAddr=&size=',''),('1445244631591','access','admin','/syst/admin',NULL,'/syst/admin/document/deleteById','POST','idstring=1445244571092,1445243727454,1445243464921,1445243390752',''),('1445245578403','access','admin','/syst/admin',NULL,'/syst/admin/document/create','POST','content=<p>的时候说的话<br/></p>&author=&title=&editorValue=<p>的时候说的话<br/></p>&source=&titleImage=&color=&priority=&fileAddr=&keyword=&fileName=&sourceAddr=&size=',''),('1445245594050','access','admin','/syst/admin',NULL,'/syst/admin/document/deleteById','POST','idstring=1445245577629',''),('1445245615601','access','admin','/syst/admin',NULL,'/syst/admin/document/create','POST','content=&author=&title=&source=&color=&titleImage=&priority=&keyword=&fileAddr=&fileName=&sourceAddr=&size=',''),('1445245640733','access','admin','/syst/admin',NULL,'/syst/admin/document/create','POST','content=<p>傻大时代<br/></p>&author=test&title=test&editorValue=<p>傻大时代<br/></p>&source=&titleImage=&color=&priority=&fileAddr=&keyword=test&fileName=&sourceAddr=&size=',''),('1445246336518','access','admin','/syst/admin',NULL,'/syst/admin/document/create','POST','content=<p><img src=\"/ueditor/jsp/upload/image/20151019/1445246260741001574.jpg\" style=\"\" title=\"14452462607&author=test&title=test&editorValue=<p><img src=\"/ueditor/jsp/upload/image/20151019/1445246260741001574.jpg\" style=\"\" title=\"14452462607&source=&titleImage=&color=&priority=&fileAddr=&keyword=&fileName=&sourceAddr=&size=',''),('1445249753622','access','admin','/syst/admin',NULL,'/syst/admin/document/create','POST','content=<p>适当放松的方式<br/></p>&author=&title=test&editorValue=<p>适当放松的方式<br/></p>&source=&titleImage=&color=&priority=&fileAddr=&keyword=&fileName=&sourceAddr=&size=',''),('1445249831820','access','admin','/syst/admin',NULL,'/syst/admin/document/deleteById','POST','idstring=1445245640651,1445245615476,1445243351210,1445243131971,1445242558182,1445242394645',''),('1445250072215','access','admin','/syst/admin',NULL,'/syst/admin/document/create','POST','content=<p>test<br/></p>&author=&title=test&editorValue=<p>test<br/></p>&source=&titleImage=&color=&priority=&fileAddr=&keyword=&fileName=&sourceAddr=&size=',''),('1445250101344','access','admin','/syst/admin',NULL,'/syst/admin/document/create','POST','editorValue=<p>发生的<br/></p>&channelId=1445130394473&keyword=&sourceAddr=&size=&content=<p>发生的<br/></p>&author=&title=时代复分&source=&titleImage=&color=&priority=&fileAddr=&fileName=',''),('1445250201938','access','admin','/syst/admin',NULL,'/syst/admin/document/create','POST','editorValue=<p>test<br/></p>&channelId=1445130394473&keyword=&sourceAddr=&size=&content=<p>test<br/></p>&author=&title=test&source=&color=&titleImage=&priority=&fileAddr=&fileName=',''),('1445250240497','access','admin','/syst/admin',NULL,'/syst/admin/document/create','POST','editorValue=<p>test<br/></p>&channelId=1445130394473&keyword=&sourceAddr=&size=&content=<p>test<br/></p>&author=&title=test&source=&color=&titleImage=&priority=&fileAddr=&fileName=',''),('1445250391899','access','admin','/syst/admin',NULL,'/syst/admin/document/deleteById','POST','idstring=1445250240419,1445250201825,1445250101228,1445250072114,1445249752872,1445246335614',''),('1445250404079','access','admin','/syst/admin',NULL,'/syst/admin/document/create','POST','editorValue=<p>test<br/></p>&channelId=1445130394473&keyword=&sourceAddr=&size=&content=<p>test<br/></p>&author=&title=test&source=&titleImage=&color=&priority=&fileAddr=&fileName=',''),('1445306615984','access','admin','/syst/admin',NULL,'/syst/admin/document/create','POST','editorValue=<p>的时候说的话说的话都是<br/></p>&channelId=1445139381638&keyword=&sourceAddr=&size=&content=<p>的时候说的话说的话都是<br/></p>&author=test&title=test&source=&color=&titleImage=&priority=&fileAddr=&fileName=',''),('1445309513544','access','admin','/syst/admin',NULL,'/syst/admin/document/update/1445250404016','POST','editorValue=<p>testfdgd<br/></p>&channelId=1445130394473&keyword=&sourceAddr=&size=&content=<p>testfdgd<br/></p>&id=1445250404016&author=yrdy&title=test&source=&color=&titleImage=&priority=&fileAddr=&fileName=',''),('1445311648453','access','admin','/syst/admin',NULL,'/syst/admin/channel/deleteById','POST','idstring=1445139381638',''),('1445311813384','access','admin','/syst/admin',NULL,'/syst/admin/channel/create','POST','descrition=体育&parentId=&linkAddr=&name=体育&keyword=sports,体育&code=sports&openMode=true',''),('1445312220776','access','admin','/syst/admin',NULL,'/syst/admin/channel/create','POST','descrition=娱乐，entertainment&parentId=&linkAddr=&name=娱乐&keyword=娱乐，entertainment&code=entertainment&openMode=true',''),('1445322326622','access','admin','/syst/admin',NULL,'/syst/admin/channel/create','POST','descrition=科技,tech&parentId=&linkAddr=&name=科技&keyword=科技,tech&code=tech&openMode=true',''),('1445322448238','access','admin','/syst/admin',NULL,'/syst/admin/channel/create','POST','descrition=图集，picture&parentId=&linkAddr=&name=图集&keyword=图集，picture&code=picture&openMode=true',''),('1445322475673','access','admin','/syst/admin',NULL,'/syst/admin/channel/create','POST','descrition=video，视频&parentId=&linkAddr=&name=视频&keyword=video，视频&code=video&openMode=true',''),('1445322552825','access','admin','/syst/admin',NULL,'/syst/admin/channel/create','POST','descrition=product，产品&parentId=&linkAddr=&name=产品&keyword=product，产品&code=product&openMode=true',''),('1445322582071','access','admin','/syst/admin',NULL,'/syst/admin/channel/create','POST','descrition=download，下载&parentId=&linkAddr=&name=下载&keyword=download，下载&code=download&openMode=true',''),('1445323572017','access','admin','/syst/admin',NULL,'/syst/admin/channel/create','POST','descrition=doc，文库&parentId=&linkAddr=&name=文库&keyword=doc，文库&code=doc&openMode=true',''),('1445323609582','access','admin','/syst/admin',NULL,'/syst/admin/channel/create','POST','descrition=notice，网站公告&parentId=&linkAddr=&name=网站公告&keyword=notice，网站公告&code=notice&openMode=true',''),('1445323635460','access','admin','/syst/admin',NULL,'/syst/admin/channel/create','POST','descrition=position，诚聘英才&parentId=&linkAddr=&name=诚聘英才&keyword=position，诚聘英才&code=position&openMode=true',''),('1445502180613','access','admin','/syst/admin',NULL,'/syst/admin/document/create','POST','content=<p>test</p>&author=test&editorValue=<p>test</p>&title=test&source=&titleImage=&color=&channelId=1445130394473&priority=&keyword=test&sourceAddr=',''),('1445506205169','access','admin','/syst/admin',NULL,'/syst/admin/channel/create','POST','descrition=society,&parentId=1445130394473&linkAddr=&name=社会&keyword=society,社会&code=society&openMode=true',''),('1445567200858','access','admin','/syst/admin',NULL,'/syst/admin/dictionary/create','POST','value=true&label=是&type=hidden',''),('1445567211571','access','admin','/syst/admin',NULL,'/syst/admin/dictionary/create','POST','value=false&label=否&type=hidden',''),('1445573148346','access','admin','/syst/admin',NULL,'/syst/admin/document/create','POST','content=<p>123</p>&author=123&editorValue=<p>123</p>&title=123&source=&titleImage=&color=&channelId=1445506204924&priority=&keyword=&sourceAddr=',''),('1445573235349','access','admin','/syst/admin',NULL,'/syst/admin/channel/create','POST','descrition=international,国际&parentId=1445130394473&linkAddr=&name=国际&keyword=international,国际&code=international&openMode=false',''),('1445573294906','access','admin','/syst/admin',NULL,'/syst/admin/document/create','POST','content=<p>英国派军舰赴地中海演习 西班牙称是恐吓行为</p>&author=123&editorValue=<p>英国派军舰赴地中海演习 西班牙称是恐吓行为</p>&title=英国派军舰赴地中海演习 西班牙称是恐吓行为&source=&titleImage=&color=&channelId=1445573235198&priority=&keyword=&sourceAddr=',''),('1445589799282','access','admin','/syst/admin',NULL,'/syst/admin/document/update/1445573294870','POST','editorValue=<p><span style=\"font-family: Verdana, Arial, Tahoma; font-size: 12px; background-color: rgb(255, 255&channelId=1445573235198&keyword=&sourceAddr=&size=&content=<p><span style=\"font-family: Verdana, Arial, Tahoma; font-size: 12px; background-color: rgb(255, 255&id=1445573294870&author=123&title=英国派军舰赴地中海演习 西班牙称是恐吓行为&source=&color=&titleImage=&priority=&fileAddr=&fileName=',''),('1445590069906','access','admin','/syst/admin',NULL,'/syst/admin/document/update/1445573294870','POST','editorValue=<p><span style=\"font-family: Verdana, Arial, Tahoma; font-size: 12px; background-color: rgb(255, 255&channelId=1445573235198&keyword=&sourceAddr=&size=&id=1445573294870&author=123&title=英国派军舰赴地中海演习 西班牙称是恐吓行为&source=&color=&titleImage=&priority=&fileAddr=&fileName=',''),('1445590572058','access','admin','/syst/admin',NULL,'/syst/admin/document/update/1445573294870','POST','editorValue=<p><span style=\"font-family: Verdana, Arial, Tahoma; font-size: 12px; background-color: rgb(255, 255&channelId=1445573235198&keyword=&sourceAddr=&size=&content=<p><span style=\"font-family: Verdana, Arial, Tahoma; font-size: 12px; background-color: rgb(255, 255&id=1445573294870&author=123&title=英国派军舰赴地中海演习 西班牙称是恐吓行为&source=&color=&titleImage=&priority=&fileAddr=&fileName=',''),('1445591560673','access','admin','/syst/admin',NULL,'/syst/admin/document/update/1445573294870','POST','editorValue=<p>腾讯财经讯 北京10月23日下午消息 据日本共同网文章，访日外国游客人数和消费额正在不断刷新历史纪录，今年1至9月分别达1448万人和25,967亿日元（约合人民币1368亿元），超过了去年全年&channelId=1445573235198&keyword=&sourceAddr=&size=&id=1445573294870&content=<p>腾讯财经讯 北京10月23日下午消息 据日本共同网文章，访日外国游客人数和消费额正在不断刷新历史纪录，今年1至9月分别达1448万人和25,967亿日元（约合人民币1368亿元），超过了去年全年&author=123&title=中国游客持续火爆 日媒：警惕过度依赖中国&source=&color=&titleImage=&priority=&fileAddr=&fileName=',''),('1445672557092','access','admin','/syst/admin',NULL,'/syst/admin/channel/create','POST','descrition=&parentId=1445311813162&linkAddr=sports/sdfsdf&name=&keyword=&code=sdfsdf&openMode=true',''),('1445672570275','access','admin','/syst/admin',NULL,'/syst/admin/channel/deleteById','POST','idstring=1445672555584',''),('1445672614253','access','admin','/syst/admin',NULL,'/syst/admin/channel/create','POST','descrition=篮球sports/basketball&parentId=1445311813162&linkAddr=sports/basketball&name=篮球&keyword=篮球,sports/basketball&code=basketball&openMode=true',''),('1445672877474','access','admin','/syst/admin',NULL,'/syst/admin/channel/update/1445130394473','POST','id=1445130394473&descrition=新闻&parentId=&linkAddr=news&name=新闻&keyword=新闻，news&code=news&openMode=false',''),('1445672953081','access','admin','/syst/admin',NULL,'/syst/admin/channel/update/1445506204924','POST','id=1445506204924&descrition=society,&parentId=1445130394473&linkAddr=news/society&name=社会&keyword=society,社会&code=society&openMode=true',''),('1445673027542','access','admin','/syst/admin',NULL,'/syst/admin/channel/update/1445573235198','POST','id=1445573235198&descrition=international,国际&parentId=1445130394473&linkAddr=news/international&name=国际&keyword=international,国际&code=international&openMode=false',''),('1445673404283','access','admin','/syst/admin',NULL,'/syst/admin/channel/update/1445311813162','POST','id=1445311813162&descrition=体育&parentId=&linkAddr=sports&name=体育&keyword=sports,体育&code=sports&openMode=true',''),('1445673528622','access','admin','/syst/admin',NULL,'/syst/admin/channel/update/1445312220733','POST','id=1445312220733&descrition=娱乐，entertainment&parentId=&linkAddr=entertainment&name=娱乐&keyword=娱乐，entertainment&code=entertainment&openMode=true',''),('1445673647872','access','admin','/syst/admin',NULL,'/syst/admin/channel/update/1445322325956','POST','id=1445322325956&descrition=科技,tech&parentId=&linkAddr=tech&name=科技&keyword=科技,tech&code=tech&openMode=true',''),('1445673674307','access','admin','/syst/admin',NULL,'/syst/admin/channel/update/1445322448152','POST','id=1445322448152&descrition=图集，picture&parentId=&linkAddr=picture&name=图集&keyword=图集，picture&code=picture&openMode=true',''),('1445673687411','access','admin','/syst/admin',NULL,'/syst/admin/channel/update/1445322475610','POST','id=1445322475610&descrition=video，视频&parentId=&linkAddr=video&name=视频&keyword=video，视频&code=video&openMode=true',''),('1445673701949','access','admin','/syst/admin',NULL,'/syst/admin/channel/update/1445322552743','POST','id=1445322552743&descrition=product，产品&parentId=&linkAddr=product&name=产品&keyword=product，产品&code=product&openMode=true',''),('1445673718112','access','admin','/syst/admin',NULL,'/syst/admin/channel/update/1445322582001','POST','id=1445322582001&descrition=download，下载&parentId=&linkAddr=download&name=下载&keyword=download，下载&code=download&openMode=true',''),('1445673730813','access','admin','/syst/admin',NULL,'/syst/admin/channel/update/1445323571971','POST','id=1445323571971&descrition=doc，文库&parentId=&linkAddr=doc&name=文库&keyword=doc，文库&code=doc&openMode=true',''),('1445673745577','access','admin','/syst/admin',NULL,'/syst/admin/channel/update/1445323609464','POST','id=1445323609464&descrition=notice，网站公告&parentId=&linkAddr=notice&name=网站公告&keyword=notice，网站公告&code=notice&openMode=true',''),('1445673765566','access','admin','/syst/admin',NULL,'/syst/admin/channel/update/1445323635367','POST','id=1445323635367&descrition=position，诚聘英才&parentId=&linkAddr=position&name=诚聘英才&keyword=position，诚聘英才&code=position&openMode=true',''),('1445740435156','access','admin','/syst/admin',NULL,'/syst/admin/dictionary/create','POST','value=false&label=true&type=asdocument',''),('1445740454680','access','admin','/syst/admin',NULL,'/syst/admin/dictionary/create','POST','value=false&label=否&type=asdocument',''),('1445740478911','access','admin','/syst/admin',NULL,'/syst/admin/dictionary/update/1445740433805','POST','id=1445740433805&value=false&label=是&type=asdocument',''),('1445740575737','access','admin','/syst/admin',NULL,'/syst/admin/dictionary/update/1445740433805','POST','id=1445740433805&value=true&label=是&type=asdocument',''),('1445741407519','access','admin','/syst/admin',NULL,'/syst/admin/channel/update/1445506204924','POST','id=1445506204924&descrition=society,&parentId=1445130394473&linkAddr=news/society&hidden=false&name=社会&keyword=society,社会&code=society&channelTemplete=&openMode=false&asdocument=false',''),('1445823925396','access','admin','/syst/admin',NULL,'/syst/admin/channel/create','POST','descrition=关于我们，aboutus&parentId=&linkAddr=aboutus&hidden=true&name=关于我们&keyword=关于我们，aboutus&code=aboutus&channelTemplete=default/test.jsp&openMode=false&asdocument=true',''),('1445824762514','access','admin','/syst/admin',NULL,'/syst/admin/channel/update/1445823924985','POST','id=1445823924985&descrition=关于我们，aboutus&parentId=&linkAddr=aboutus&hidden=true&name=关于我们&keyword=关于我们，aboutus&code=aboutus&channelTemplete=default/test.jsp&openMode=false&asdocument=true',''),('1445826571690','access','admin','/syst/admin',NULL,'/syst/admin/document/create','POST','editorValue=<h1 style=\"margin: 15px 35px; padding: 0px 0px 15px; font-size: 18px; color: rgb(51, 51, 51); font-s&channelId=1445823924985&keyword=&documentTemplete=default/test.jsp&sourceAddr=&content=<h1 style=\"margin: 15px 35px; padding: 0px 0px 15px; font-size: 18px; color: rgb(51, 51, 51); font-s&author=&title=关于我们&source=&color=&titleImage=&hidden=true&priority=',''),('1445829887884','access','admin','/syst/admin',NULL,'/syst/admin/channel/update/1445823924985','POST','id=1445823924985&descrition=关于我们，aboutus&parentId=&linkAddr=aboutus&hidden=true&name=关于我们&keyword=关于我们，aboutus&code=aboutus&channelTemplete=default/test&openMode=false&asdocument=true',''),('1445830274478','access','admin','/syst/admin',NULL,'/syst/admin/document/update/1445826571527','POST','editorValue=<h1 style=\"margin: 15px 35px; padding: 0px 0px 15px; font-size: 18px; color: rgb(51, 51, 51); font-s&channelId=1445823924985&documentTemplete=default/test&keyword=&sourceAddr=&size=&id=1445826571527&content=<h1 style=\"margin: 15px 35px; padding: 0px 0px 15px; font-size: 18px; color: rgb(51, 51, 51); font-s&author=&title=关于我们&source=&titleImage=&color=&priority=&hidden=true&fileAddr=',''),('1445832244499','access','admin','/syst/admin',NULL,'/syst/admin/document/update/1445826571527','POST','editorValue=<h1 style=\"margin: 15px 35px; padding: 0px 0px 15px; font-size: 18px; color: rgb(51, 51, 51); font-s&channelId=1445823924985&documentTemplete=default/test&keyword=&sourceAddr=&size=&id=1445826571527&content=<h1 style=\"margin: 15px 35px; padding: 0px 0px 15px; font-size: 18px; color: rgb(51, 51, 51); font-s&author=&title=公司简介&source=&titleImage=&color=&priority=&hidden=true&fileAddr=',''),('1445832556633','access','admin','/syst/admin',NULL,'/syst/admin/document/create','POST','editorValue=<h1 style=\"white-space: normal; margin: 15px 35px; padding: 0px 0px 15px; font-size: 18px; color: rg&channelId=1445823924985&keyword=发展历程&documentTemplete=&sourceAddr=&content=<h1 style=\"white-space: normal; margin: 15px 35px; padding: 0px 0px 15px; font-size: 18px; color: rg&author=&title=发展历程&source=&color=&titleImage=&hidden=true&priority=',''),('1445842678345','access','admin','/syst/admin',NULL,'/syst/admin/channel/create','POST','descrition=dsfsdf&parentId=1445823924985&linkAddr=aboutus/qiyewenhua&hidden=false&name=企业文化&keyword=企业文化,qiyewenhua&code=qiyewenhua&openMode=false&asdocument=true&documentId=',''),('1445842761024','access','admin','/syst/admin',NULL,'/syst/admin/channel/deleteById','POST','idstring=1445842677582',''),('1445842816896','access','admin','/syst/admin',NULL,'/syst/admin/channel/create','POST','descrition=&parentId=1445823924985&linkAddr=aboutus/qiyewenhua&hidden=false&name=企业文化&keyword=&code=qiyewenhua&openMode=false&asdocument=true&documentId=1445832556483',''),('1445843145227','access','admin','/syst/admin',NULL,'/syst/admin/channel/create','POST','descrition=&parentId=1445823924985&linkAddr=aboutus/quarlitySystem&hidden=false&name=质量体系&keyword=&code=quarlitySystem&openMode=false&asdocument=true&documentId=1445832556483',''),('1445843356238','access','admin','/syst/admin',NULL,'/syst/admin/channel/deleteById','POST','idstring=1445843145145',''),('1445844279362','access','admin','/syst/admin',NULL,'/syst/admin/channel/create','POST','descrition=发展历程,history&parentId=1445823924985&linkAddr=aboutus/history&hidden=false&name=发展历程&keyword=发展历程,history&code=history&openMode=false&asdocument=true&documentId=1445832556483',''),('1445844789708','access','admin','/syst/admin',NULL,'/syst/admin/channel/update/1445844279063','POST','id=1445844279063&descrition=发展历程,history&parentId=1445823924985&linkAddr=aboutus/history&hidden=false&name=发展历程&keyword=发展历程,history&code=history&channelTemplete=&openMode=false&asdocument=true',''),('1445846106656','access','admin','/syst/admin',NULL,'/syst/admin/document/update/1445832556483','POST','editorValue=<h1 style=\"white-space: normal; margin: 15px 35px; padding: 0px 0px 15px; font-size: 18px; color: rg&channelId=1445823924985&documentTemplete=default/test&keyword=发展历程&sourceAddr=&size=&id=1445832556483&content=<h1 style=\"white-space: normal; margin: 15px 35px; padding: 0px 0px 15px; font-size: 18px; color: rg&author=&title=发展历程&source=&titleImage=&color=&priority=&hidden=true&fileAddr=',''),('1445846786079','access','admin','/syst/admin',NULL,'/syst/admin/channel/update/1445823924985','POST','id=1445823924985&descrition=关于我们，aboutus&parentId=&linkAddr=aboutus&hidden=true&name=关于我们&keyword=关于我们，aboutus&code=aboutus&openMode=false&asdocument=true',''),('1445846932758','access','admin','/syst/admin',NULL,'/syst/admin/channel/update/1445823924985','POST','id=1445823924985&descrition=关于我们，aboutus&parentId=&linkAddr=aboutus&hidden=true&name=关于我们&keyword=关于我们，aboutus&code=aboutus&openMode=false&asdocument=true',''),('1445847054095','access','admin','/syst/admin',NULL,'/syst/admin/channel/update/1445823924985','POST','id=1445823924985&descrition=关于我们，aboutus&parentId=&linkAddr=aboutus&hidden=true&name=关于我们&keyword=关于我们，aboutus&code=aboutus&channelTemplete=&openMode=false&asdocument=true',''),('1445847307130','access','admin','/syst/admin',NULL,'/syst/admin/channel/update/1445823924985','POST','id=1445823924985&descrition=关于我们，aboutus&parentId=&linkAddr=aboutus&hidden=true&name=关于我们&keyword=关于我们，aboutus&code=aboutus&channelTemplete=&openMode=false&asdocument=true&documentId=1445826571527',''),('1445932612080','access','admin','/syst/admin',NULL,'/syst/admin/log/deleteById','POST','idstring=1445853807130,1445852169204,1445852116529',''),('1445933542372','access','admin','/syst/admin',NULL,'/syst/admin/channel/deleteById','POST','idstring=1445130394473,1445506204924,1445573235198,1445311813162,1445672614195,1445312220733,1445322325956,14',''),('1445933614803','access','admin','/syst/admin',NULL,'/syst/admin/channel/create','POST','descrition=&parentId=&linkAddr=/&hidden=false&name=公司主页&keyword=公司主页，网聚&code=/&channelTemplete=&openMode=false&asdocument=false&documentId=',''),('1445933697755','access','admin','/syst/admin',NULL,'/syst/admin/channel/create','POST','descrition=&parentId=&linkAddr=aboutus&hidden=false&name=关于我们&keyword=公司主页，关于我们&code=aboutus&channelTemplete=&openMode=false&asdocument=false&documentId=',''),('1445933756152','access','admin','/syst/admin',NULL,'/syst/admin/channel/create','POST','descrition=&parentId=1445933697685&linkAddr=aboutus/organization&hidden=false&name=组织架构&keyword=组织架构&code=organization&channelTemplete=&openMode=false&asdocument=false&documentId=',''),('1445933793481','access','admin','/syst/admin',NULL,'/syst/admin/channel/create','POST','descrition=&parentId=1445933697685&linkAddr=aboutus/history&hidden=false&name=公司历史&keyword=公司历史&code=history&channelTemplete=&openMode=false&asdocument=false&documentId=',''),('1445933824337','access','admin','/syst/admin',NULL,'/syst/admin/channel/create','POST','descrition=contact&parentId=1445933697685&linkAddr=aboutus/contact&hidden=false&name=联系我们&keyword=联系我们&code=contact&channelTemplete=&openMode=false&asdocument=false&documentId=',''),('1445933911063','access','admin','/syst/admin',NULL,'/syst/admin/channel/create','POST','descrition=product产品展示&parentId=&linkAddr=product&hidden=false&name=产品展示&keyword=产品展示&code=product&channelTemplete=&openMode=false&asdocument=false&documentId=',''),('1445934192770','access','admin','/syst/admin',NULL,'/syst/admin/channel/create','POST','descrition=医药原料及中间体&parentId=1445933910969&linkAddr=product/yyyljzhjt&hidden=false&name=医药原料及中间体&keyword=医药原料及中间体&code=yyyljzhjt&channelTemplete=&openMode=false&asdocument=false&documentId=',''),('1445934220843','access','admin','/syst/admin',NULL,'/syst/admin/channel/create','POST','descrition=无机化工产品&parentId=1445933910969&linkAddr=product/wjhgchp&hidden=false&name=无机化工产品&keyword=无机化工产品&code=wjhgchp&channelTemplete=&openMode=false&asdocument=false&documentId=',''),('1445934282778','access','admin','/syst/admin',NULL,'/syst/admin/channel/create','POST','descrition=香精香料及植物提取物&parentId=1445933910969&linkAddr=product/xjxljzhwtqw&hidden=false&name=香精香料及植物提取物&keyword=香精香料及植物提取物&code=xjxljzhwtqw&channelTemplete=&openMode=false&asdocument=false&documentId=',''),('1445934363192','access','admin','/syst/admin',NULL,'/syst/admin/channel/create','POST','descrition=新闻中心&parentId=&linkAddr=news&hidden=false&name=新闻中心&keyword=新闻中心&code=news&channelTemplete=&openMode=false&asdocument=false&documentId=',''),('1445934469054','access','admin','/syst/admin',NULL,'/syst/admin/channel/create','POST','descrition=招聘信息,jobs&parentId=&linkAddr=jobs&hidden=false&name=招聘信息&keyword=招聘信息,jobs&code=jobs&channelTemplete=&openMode=false&asdocument=false&documentId=',''),('1445940555174','access','admin','/syst/admin',NULL,'/syst/admin/document/create','POST','editorValue=<h1 label=\"标题居中\" style=\"font-size: 32px; font-weight: bold; border-bottom-color: rgb(204, 204, 204);&channelId=1445933697685&keyword=&documentTemplete=&sourceAddr=&content=<h1 label=\"标题居中\" style=\"font-size: 32px; font-weight: bold; border-bottom-color: rgb(204, 204, 204);&author=&title=公司简介&source=&color=&titleImage=&hidden=true&priority=',''),('1445940588755','access','admin','/syst/admin',NULL,'/syst/admin/channel/update/1445933697685','POST','id=1445933697685&descrition=&parentId=&linkAddr=aboutus&hidden=false&name=关于我们&keyword=公司主页，关于我们&code=aboutus&openMode=false&asdocument=true&documentId=1445940554062',''),('1445941023750','access','admin','/syst/admin',NULL,'/syst/admin/document/update/1445940554062','POST','editorValue=<h1 label=\"标题居中\" style=\"font-size: 32px; font-weight: bold; border-bottom-color: rgb(204, 204, 204);&channelId=1445933697685&documentTemplete=WEB-INF//default/single&keyword=&sourceAddr=&size=&id=1445940554062&content=<h1 label=\"标题居中\" style=\"font-size: 32px; font-weight: bold; border-bottom-color: rgb(204, 204, 204);&author=&title=公司简介&source=&titleImage=&color=&priority=&hidden=true&fileAddr=',''),('1445941122676','access','admin','/syst/admin',NULL,'/syst/admin/channel/update/1445933697685','POST','id=1445933697685&descrition=&parentId=&linkAddr=aboutus&hidden=false&name=关于我们&keyword=公司主页，关于我们&code=aboutus&channelTemplete=&openMode=false&asdocument=true&documentId=1445940554062',''),('1445941188235','access','admin','/syst/admin',NULL,'/syst/admin/document/update/1445940554062','POST','editorValue=<h1 label=\"标题居中\" style=\"font-size: 32px; font-weight: bold; border-bottom-color: rgb(204, 204, 204);&channelId=1445933697685&documentTemplete=default/single&keyword=&sourceAddr=&size=&id=1445940554062&content=<h1 label=\"标题居中\" style=\"font-size: 32px; font-weight: bold; border-bottom-color: rgb(204, 204, 204);&author=&title=公司简介&source=&titleImage=&color=&priority=&hidden=true&fileAddr=',''),('1445941803721','access','admin','/syst/admin',NULL,'/syst/admin/document/update/1445940554062','POST','editorValue=<p style=\"white-space: normal;\">&nbsp; 新开普电子股份有限公司2000年成立于郑州高新技术产业开发区，注册资本28544万元。公司专业致力于开发以智能卡及RFID&channelId=1445933697685&documentTemplete=default/single&keyword=&sourceAddr=&size=&id=1445940554062&content=<p style=\"white-space: normal;\">&nbsp; 新开普电子股份有限公司2000年成立于郑州高新技术产业开发区，注册资本28544万元。公司专业致力于开发以智能卡及RFID&author=&title=公司简介&source=&titleImage=&color=&priority=&hidden=true&fileAddr=',''),('1445941847365','access','admin','/syst/admin',NULL,'/syst/admin/document/update/1445940554062','POST','editorValue=<p style=\"white-space: normal;\"><span style=\"font-size: 14px;\">&nbsp;&nbsp;&nbsp;&nbsp;新开普电子股份有限公司20&channelId=1445933697685&documentTemplete=default/single&keyword=&sourceAddr=&size=&id=1445940554062&content=<p style=\"white-space: normal;\"><span style=\"font-size: 14px;\">&nbsp;&nbsp;&nbsp;&nbsp;新开普电子股份有限公司20&author=&title=公司简介&source=&titleImage=&color=&priority=&hidden=true&fileAddr=',''),('1445944238969','access','admin','/syst/admin',NULL,'/syst/admin/document/create','POST','editorValue=<p style=\"margin-right: 10px; margin-left: 34px; padding: 0px; line-height: 24px; font-size: 12px; c&channelId=&keyword=&documentTemplete=default/single&sourceAddr=&content=<p style=\"margin-right: 10px; margin-left: 34px; padding: 0px; line-height: 24px; font-size: 12px; c&author=&title=公司历史&source=&color=&titleImage=&hidden=true&priority=',''),('1445944340703','access','admin','/syst/admin',NULL,'/syst/admin/document/create','POST','editorValue=<p style=\"margin-right: 10px; margin-left: 34px; padding: 0px; line-height: 24px; font-size: 12px; c&channelId=1445933793433&keyword=&documentTemplete=default/single&sourceAddr=&content=<p style=\"margin-right: 10px; margin-left: 34px; padding: 0px; line-height: 24px; font-size: 12px; c&author=&title=公司历史&source=&color=&titleImage=&hidden=true&priority=',''),('1445944375088','access','admin','/syst/admin',NULL,'/syst/admin/channel/update/1445933793433','POST','id=1445933793433&descrition=&parentId=1445933697685&linkAddr=aboutus/history&hidden=false&name=公司历史&keyword=公司历史&code=history&openMode=false&asdocument=true&documentId=1445944340585',''),('1445947810766','access','admin','/syst/admin',NULL,'/syst/admin/document/create','POST','editorValue=<p style=\"margin: 0px 10px 20px 30px; padding: 0px; line-height: 22px; font-family: Arial, Helvetica&channelId=1445933824290&keyword=&documentTemplete=default/single&sourceAddr=&content=<p style=\"margin: 0px 10px 20px 30px; padding: 0px; line-height: 22px; font-family: Arial, Helvetica&author=&title=联系我们&source=&color=&titleImage=&hidden=true&priority=',''),('1445947842295','access','admin','/syst/admin',NULL,'/syst/admin/channel/update/1445933824290','POST','descrition=contact&keyword=联系我们&code=contact&id=1445933824290&parentId=1445933697685&linkAddr=aboutus/contact&hidden=false&name=联系我们&openMode=false&asdocument=true&documentId=1445947810718',''),('1445947886011','access','admin','/syst/admin',NULL,'/syst/admin/document/update/1445947810718','POST','editorValue=<p style=\"margin: 0px 10px 20px 30px; padding: 0px; line-height: 22px; font-family: Arial, Helvetica&channelId=1445933824290&documentTemplete=default/single&keyword=&sourceAddr=&size=&id=1445947810718&content=<p style=\"margin: 0px 10px 20px 30px; padding: 0px; line-height: 22px; font-family: Arial, Helvetica&author=&title=联系我们&source=&titleImage=&color=&priority=&hidden=true&fileAddr=',''),('1445948172030','access','admin','/syst/admin',NULL,'/syst/admin/channel/update/1445934363146','POST','descrition=新闻中心&keyword=新闻中心&code=news&id=1445934363146&parentId=&linkAddr=news&hidden=false&name=新闻中心&channelTemplete=default/news&openMode=false&asdocument=false&documentId=',''),('1445948748159','access','admin','/syst/admin',NULL,'/syst/admin/document/create','POST','editorValue=<p style=\"margin-top: 0px; padding: 0px; border: 0px; list-style: none; word-wrap: normal; word-brea&channelId=1445934363146&keyword=&documentTemplete=&sourceAddr=&content=<p style=\"margin-top: 0px; padding: 0px; border: 0px; list-style: none; word-wrap: normal; word-brea&author=&title=江苏化工企业接受环境风险全面排查&source=&color=&titleImage=&hidden=true&priority=',''),('1445948753346','access','admin','/syst/admin',NULL,'/syst/admin/document/create','POST','editorValue=<p style=\"margin-top: 0px; padding: 0px; border: 0px; list-style: none; word-wrap: normal; word-brea&channelId=1445934363146&keyword=&documentTemplete=&sourceAddr=&content=<p style=\"margin-top: 0px; padding: 0px; border: 0px; list-style: none; word-wrap: normal; word-brea&author=&title=江苏化工企业接受环境风险全面排查&source=&color=&titleImage=&hidden=true&priority=',''),('1445948756562','access','admin','/syst/admin',NULL,'/syst/admin/document/create','POST','editorValue=<p style=\"margin-top: 0px; padding: 0px; border: 0px; list-style: none; word-wrap: normal; word-brea&channelId=1445934363146&keyword=&documentTemplete=&sourceAddr=&content=<p style=\"margin-top: 0px; padding: 0px; border: 0px; list-style: none; word-wrap: normal; word-brea&author=&title=江苏化工企业接受环境风险全面排查&source=&color=&titleImage=&hidden=true&priority=',''),('1445948760119','access','admin','/syst/admin',NULL,'/syst/admin/document/create','POST','editorValue=<p style=\"margin-top: 0px; padding: 0px; border: 0px; list-style: none; word-wrap: normal; word-brea&channelId=1445934363146&keyword=&documentTemplete=&sourceAddr=&content=<p style=\"margin-top: 0px; padding: 0px; border: 0px; list-style: none; word-wrap: normal; word-brea&author=&title=江苏化工企业接受环境风险全面排查&source=&color=&titleImage=&hidden=true&priority=',''),('1445953109624','access','admin','/syst/admin',NULL,'/syst/admin/document/update/1445948759983','POST','editorValue=<p style=\"margin-top: 0px; padding: 0px; border: 0px; list-style: none; word-wrap: normal; word-brea&channelId=1445934363146&documentTemplete=default/newsInfo&keyword=&sourceAddr=&size=&id=1445948759983&content=<p style=\"margin-top: 0px; padding: 0px; border: 0px; list-style: none; word-wrap: normal; word-brea&author=&title=江苏化工企业接受环境风险全面排查&source=&titleImage=&color=&priority=&hidden=true&fileAddr=',''),('1445953590061','access','admin','/syst/admin',NULL,'/syst/admin/document/update/1445948756494','POST','editorValue=<p style=\"margin-top: 0px; padding: 0px; border: 0px; list-style: none; word-wrap: normal; word-brea&channelId=1445934363146&documentTemplete=default/newsInfo&keyword=&sourceAddr=&size=&id=1445948756494&content=<p style=\"margin-top: 0px; padding: 0px; border: 0px; list-style: none; word-wrap: normal; word-brea&author=&title=江苏化工企业接受环境风险全面排查&source=&titleImage=&color=&priority=&hidden=true&fileAddr=',''),('1445953599612','access','admin','/syst/admin',NULL,'/syst/admin/document/update/1445948753286','POST','editorValue=<p style=\"margin-top: 0px; padding: 0px; border: 0px; list-style: none; word-wrap: normal; word-brea&channelId=1445934363146&documentTemplete=default/newsInfo&keyword=&sourceAddr=&size=&id=1445948753286&content=<p style=\"margin-top: 0px; padding: 0px; border: 0px; list-style: none; word-wrap: normal; word-brea&author=&title=江苏化工企业接受环境风险全面排查&source=&titleImage=&color=&priority=&hidden=true&fileAddr=',''),('1445953610225','access','admin','/syst/admin',NULL,'/syst/admin/document/update/1445948748061','POST','editorValue=<p style=\"margin-top: 0px; padding: 0px; border: 0px; list-style: none; word-wrap: normal; word-brea&channelId=1445934363146&documentTemplete=default/newsInfo&keyword=&sourceAddr=&size=&id=1445948748061&content=<p style=\"margin-top: 0px; padding: 0px; border: 0px; list-style: none; word-wrap: normal; word-brea&author=&title=江苏化工企业接受环境风险全面排查&source=&titleImage=&color=&priority=&hidden=true&fileAddr=',''),('1445955237243','access','admin','/syst/admin',NULL,'/syst/admin/channel/update/1445933697685','POST','id=1445933697685&descrition=&parentId=&linkAddr=channel/aboutus&hidden=false&name=关于我们&keyword=公司主页，关于我们&code=aboutus&channelTemplete=&openMode=false&asdocument=true&documentId=1445940554062',''),('1445955269165','access','admin','/syst/admin',NULL,'/syst/admin/channel/update/1445933756067','POST','id=1445933756067&descrition=&parentId=1445933697685&linkAddr=channel/aboutus/organization&hidden=false&name=组织架构&keyword=组织架构&code=organization&channelTemplete=&openMode=false&asdocument=false&documentId=',''),('1445955283881','access','admin','/syst/admin',NULL,'/syst/admin/channel/update/1445933793433','POST','id=1445933793433&descrition=&parentId=1445933697685&linkAddr=channel/aboutus/history&hidden=false&name=公司历史&keyword=公司历史&code=history&channelTemplete=&openMode=false&asdocument=true&documentId=1445944340585',''),('1445955301385','access','admin','/syst/admin',NULL,'/syst/admin/channel/update/1445933824290','POST','id=1445933824290&descrition=contact&parentId=1445933697685&linkAddr=channel/aboutus/contact&hidden=false&name=联系我们&keyword=联系我们&code=contact&channelTemplete=&openMode=false&asdocument=true&documentId=1445947810718',''),('1445955314967','access','admin','/syst/admin',NULL,'/syst/admin/channel/update/1445934363146','POST','id=1445934363146&descrition=新闻中心&parentId=&linkAddr=channel/news&hidden=false&name=新闻中心&keyword=新闻中心&code=news&channelTemplete=default/news&openMode=false&asdocument=false&documentId=',''),('1446003030012','access','admin','/syst/admin',NULL,'/syst/admin/channel/update/1445933697685','POST','id=1445933697685&descrition=&parentId=&linkAddr=aboutus&hidden=false&name=关于我们&keyword=公司主页，关于我们&code=aboutus&channelTemplete=&openMode=false&asdocument=true&documentId=1445940554062',''),('1446003041908','access','admin','/syst/admin',NULL,'/syst/admin/channel/update/1445933756067','POST','id=1445933756067&descrition=&parentId=1445933697685&linkAddr=aboutus/organization&hidden=false&name=组织架构&keyword=组织架构&code=organization&channelTemplete=&openMode=false&asdocument=false&documentId=',''),('1446003056076','access','admin','/syst/admin',NULL,'/syst/admin/channel/update/1445933793433','POST','id=1445933793433&descrition=&parentId=1445933697685&linkAddr=aboutus/history&hidden=false&name=公司历史&keyword=公司历史&code=history&channelTemplete=&openMode=false&asdocument=true&documentId=1445944340585',''),('1446003069473','access','admin','/syst/admin',NULL,'/syst/admin/channel/update/1445933824290','POST','id=1445933824290&descrition=contact&parentId=1445933697685&linkAddr=aboutus/contact&hidden=false&name=联系我们&keyword=联系我们&code=contact&channelTemplete=&openMode=false&asdocument=true&documentId=1445947810718',''),('1446003087149','access','admin','/syst/admin',NULL,'/syst/admin/channel/update/1445933614530','POST','id=1445933614530&descrition=&parentId=&linkAddr=&hidden=false&name=公司主页&keyword=公司主页，网聚&code=/&channelTemplete=&openMode=false&asdocument=false&documentId=',''),('1446032319136','access','admin','/syst/admin',NULL,'/syst/admin/channel/update/1445933697685','POST','id=1445933697685&descrition=&parentId=&linkAddr=aboutes&hidden=false&name=关于我们&keyword=公司主页，关于我们&code=about&channelTemplete=&openMode=false&asdocument=true&documentId=1445940554062',''),('1446032369984','access','admin','/syst/admin',NULL,'/syst/admin/channel/update/1445933756067','POST','id=1445933756067&descrition=&parentId=1445933697685&linkAddr=aboutes/organizationes&hidden=false&name=组织架构&keyword=组织架构&code=organizationes&channelTemplete=&openMode=false&asdocument=false&documentId=',''),('1446032499158','access','admin','/syst/admin',NULL,'/syst/admin/channel/update/1445933793433','POST','id=1445933793433&descrition=&parentId=1445933697685&linkAddr=aboutes/historyes&hidden=false&name=公司历史&keyword=公司历史&code=historyes&channelTemplete=&openMode=false&asdocument=true&documentId=1445944340585',''),('1446084590226','access','admin','/syst/admin',NULL,'/syst/admin/document/update/1445948759983','POST','editorValue=<p>ewewfewfwefewewfewfwefewewfewfwefewewfewfwefewewfewfwefewewfewfwefewewfewfwefewewfewfwefewewfewfw&channelId=1445934363146&documentTemplete=default/newsInfo&keyword=&sourceAddr=&size=&id=1445948759983&content=<p>ewewfewfwefewewfewfwefewewfewfwefewewfewfwefewewfewfwefewewfewfwefewewfewfwefewewfewfwefewewfewfw&author=&title=江苏化工企业接受环境风险全面排查&source=&titleImage=&color=&priority=&hidden=true&fileAddr=',''),('1446084670061','access','admin','/syst/admin',NULL,'/syst/admin/channel/update/1445933697685','POST','id=1445933697685&descrition=&parentId=&linkAddr=aboutus&hidden=false&name=关于我们&keyword=公司主页，关于我们&code=aboutus&channelTemplete=&openMode=false&asdocument=true&documentId=1445940554062',''),('1446084790743','access','admin','/syst/admin',NULL,'/syst/admin/channel/update/1445933756067','POST','id=1445933756067&descrition=&parentId=1445933697685&linkAddr=aboutus/organization&hidden=false&name=组织架构&keyword=组织架构&code=organization&channelTemplete=&openMode=false&asdocument=false&documentId=',''),('1446084825096','access','admin','/syst/admin',NULL,'/syst/admin/channel/update/1445933793433','POST','id=1445933793433&descrition=&parentId=1445933697685&linkAddr=aboutus/history&hidden=false&name=公司历史&keyword=公司历史&code=history&channelTemplete=&openMode=false&asdocument=true&documentId=1445944340585',''),('1446166812467','access','admin','/syst/admin',NULL,'/syst/admin/channel/create','POST','descrition=&parentId=1445934468960&linkAddr=jobs/techdep&hidden=false&name=技术部招聘信息&keyword=&code=techdep&channelTemplete=&openMode=false&asdocument=false&documentId=',''),('1446166851937','access','admin','/syst/admin',NULL,'/syst/admin/channel/create','POST','descrition=&parentId=1446166812093&linkAddr=techdep/javadep&hidden=false&name=技术部java招聘信息&keyword=&code=javadep&channelTemplete=&openMode=false&asdocument=false&documentId=',''),('1446173864340','access','admin','/syst/admin',NULL,'/syst/admin/channel/update/1445933697685','POST','id=1445933697685&descrition=&parentId=&linkAddr=channel/aboutus&hidden=false&name=关于我们&keyword=公司主页，关于我们&code=aboutus&channelTemplete=&openMode=false&asdocument=true&documentId=1445940554062',''),('1446173876389','access','admin','/syst/admin',NULL,'/syst/admin/channel/update/1445933756067','POST','id=1445933756067&descrition=&parentId=1445933697685&linkAddr=channel/aboutus/organization&hidden=false&name=组织架构&keyword=组织架构&code=organization&channelTemplete=&openMode=false&asdocument=false&documentId=',''),('1446173886708','access','admin','/syst/admin',NULL,'/syst/admin/channel/update/1445933793433','POST','id=1445933793433&descrition=&parentId=1445933697685&linkAddr=channel/aboutus/history&hidden=false&name=公司历史&keyword=公司历史&code=history&channelTemplete=&openMode=false&asdocument=true&documentId=1445944340585',''),('1446173901364','access','admin','/syst/admin',NULL,'/syst/admin/channel/update/1445933824290','POST','id=1445933824290&descrition=contact&parentId=1445933697685&linkAddr=channel/aboutus/contact&hidden=false&name=联系我们&keyword=联系我们&code=contact&channelTemplete=&openMode=false&asdocument=true&documentId=1445947810718',''),('1446176652682','access','admin','/syst/admin',NULL,'/syst/admin/document/create','POST','editorValue=<p>tetsatsetestsetsetstsetesteeeeeeeeeeeeeeeeeeeeeeeeeeeeeeeeeeeeeeeeeeeeeeeeeeeeeeeeeeee<br/></p>&channelId=1446166851818&keyword=&documentTemplete=default/newsInfo&sourceAddr=&content=<p>tetsatsetestsetsetstsetesteeeeeeeeeeeeeeeeeeeeeeeeeeeeeeeeeeeeeeeeeeeeeeeeeeeeeeeeeeee<br/></p>&author=test&title=test&source=&color=&titleImage=&hidden=true&priority=',''),('1446177611011','access','admin','/syst/admin',NULL,'/syst/admin/channel/create','POST','descrition=&parentId=&linkAddr=channel/test&hidden=false&name=test&keyword=&code=test&channelTemplete=&openMode=false&asdocument=false&documentId=',''),('1446177859872','access','admin','/syst/admin',NULL,'/syst/admin/channel/update/1445933910969','POST','id=1445933910969&descrition=product产品展示&parentId=&linkAddr=channel/product&hidden=false&name=产品展示&keyword=产品展示&code=product&channelTemplete=&openMode=false&asdocument=false&documentId=',''),('1446177878392','access','admin','/syst/admin',NULL,'/syst/admin/channel/update/1445934468960','POST','id=1445934468960&descrition=招聘信息,jobs&parentId=&linkAddr=channel/jobs&hidden=false&name=招聘信息&keyword=招聘信息,jobs&code=jobs&channelTemplete=&openMode=false&asdocument=false&documentId=',''),('1446177902728','access','admin','/syst/admin',NULL,'/syst/admin/channel/update/1446166812093','POST','id=1446166812093&descrition=&parentId=1445934468960&linkAddr=channel/jobs/techdep&hidden=false&name=技术部招聘信息&keyword=&code=techdep&channelTemplete=&openMode=false&asdocument=false&documentId=',''),('1446177934414','access','admin','/syst/admin',NULL,'/syst/admin/channel/update/1446166851827','POST','id=1446166851827&descrition=&parentId=1446166812093&linkAddr=channel/jobs/techdep/javadep&hidden=false&name=技术部java招聘信息&keyword=&code=javadep&channelTemplete=&openMode=false&asdocument=false&documentId=',''),('1446193427112','access','admin','/syst/admin',NULL,'/syst/admin/user/update/1444658591291','POST','id=1444658591291&username=123&organizationId=1444636560192&password=&roleId=2',''),('1446197461400','access','admin','/syst/admin',NULL,'/syst/admin/resource/create','POST','parentId=1445075702637&name=文章评论&authName=comment:*&path=/comment&type=menu',''),('1446204386419','access','admin','/syst/admin',NULL,'/syst/admin/resource/deleteById','POST','idstring=1446197461142',''),('1446339789178','access','admin','/syst/admin',NULL,'/syst/admin/log/deleteById','POST','idstring=1446339648303',''),('1446339793589','access','admin','/syst/admin',NULL,'/syst/admin/log/deleteById','POST','idstring=1446207161179',''),('1446344033636','access','admin','/syst/admin',NULL,'/syst/admin/document/update/1445940554062','POST','id=1445940554062&channelId=1445933697685&title=公司简介&author=&color=&keyword=&hidden=true&priority=&source=&sourceAddr=&titleImage=&content=<p style=\"white-space: normal;\"><span style=\"font-size: 14px;\">&nbsp;&nbsp;&nbsp;&nbsp;新开普电子股份有限公司20&documentTemplete=defaultApp/single&file=&fileAddr=&size=&editorValue=<p style=\"white-space: normal;\"><span style=\"font-size: 14px;\">&nbsp;&nbsp;&nbsp;&nbsp;新开普电子股份有限公司20',''),('1446344052573','access','admin','/syst/admin',NULL,'/syst/admin/document/update/1445947810718','POST','id=1445947810718&channelId=1445933824290&title=联系我们&author=&color=&keyword=&hidden=true&priority=&source=&sourceAddr=&titleImage=&content=<p style=\"margin: 0px 10px 20px 30px; padding: 0px; line-height: 22px; font-family: Arial, Helvetica&documentTemplete=defaultApp/single&file=&fileAddr=&size=&editorValue=<p style=\"margin: 0px 10px 20px 30px; padding: 0px; line-height: 22px; font-family: Arial, Helvetica',''),('1446344070423','access','admin','/syst/admin',NULL,'/syst/admin/document/update/1445944340585','POST','id=1445944340585&channelId=1445933793433&title=公司历史&author=&color=&keyword=&hidden=true&priority=&source=&sourceAddr=&titleImage=&content=<p style=\"margin-right: 10px; margin-left: 34px; padding: 0px; line-height: 24px; font-size: 12px; c&documentTemplete=defaultApp/single&file=&fileAddr=&size=&editorValue=<p style=\"margin-right: 10px; margin-left: 34px; padding: 0px; line-height: 24px; font-size: 12px; c',''),('1446344115563','access','admin','/syst/admin',NULL,'/syst/admin/channel/update/1445934363146','POST','id=1445934363146&documentId=&parentId=&name=新闻中心&code=news&keyword=新闻中心&linkAddr=channel/news&openMode=false&channelTemplete=defaultApp/news&hidden=false&asdocument=false&descrition=新闻中心',''),('1446344161929','access','admin','/syst/admin',NULL,'/syst/admin/document/update/1445948759983','POST','id=1445948759983&channelId=1445934363146&title=江苏化工企业接受环境风险全面排查&author=&color=&keyword=&hidden=true&priority=&source=&sourceAddr=&titleImage=&content=<p>ewewfewfwefewewfewfwefewewfewfwefewewfewfwefewewfewfwefewewfewfwefewewfewfwefewewfewfwefewewfewfw&documentTemplete=defaultApp/newsInfo&file=&fileAddr=&size=&editorValue=<p>ewewfewfwefewewfewfwefewewfewfwefewewfewfwefewewfewfwefewewfewfwefewewfewfwefewewfewfwefewewfewfw',''),('1446344190344','access','admin','/syst/admin',NULL,'/syst/admin/document/update/1445948756494','POST','id=1445948756494&channelId=1445934363146&title=江苏化工企业接受环境风险全面排查&author=&color=&keyword=&hidden=true&priority=&source=&sourceAddr=&titleImage=&content=<p style=\"margin-top: 0px; padding: 0px; border: 0px; list-style: none; word-wrap: normal; word-brea&documentTemplete=defaultApp/newsInfo&file=&fileAddr=&size=&editorValue=<p style=\"margin-top: 0px; padding: 0px; border: 0px; list-style: none; word-wrap: normal; word-brea',''),('1446344491026','access','admin','/syst/admin',NULL,'/syst/admin/document/update/1445948748061','POST','id=1445948748061&channelId=1445934363146&title=江苏化工企业接受环境风险全面排查&author=&color=&keyword=&hidden=true&priority=&source=&sourceAddr=&titleImage=&content=<p style=\"margin-top: 0px; padding: 0px; border: 0px; list-style: none; word-wrap: normal; word-brea&documentTemplete=defaultApp/newsInfo&file=&fileAddr=&size=&editorValue=<p style=\"margin-top: 0px; padding: 0px; border: 0px; list-style: none; word-wrap: normal; word-brea',''),('1446346025349','access','admin','/syst/admin',NULL,'/syst/admin/document/create','POST','editorValue=<img src=\"/syst/upload/1/20151101_104100.jpg\"/><img style=\"width: 24px; height: 24px;\" alt=\"\" title=&channelId=1445933697685&keyword=&documentTemplete=defaultApp/single&sourceAddr=&content=<img src=\"/syst/upload/1/20151101_104100.jpg\"/><img style=\"width: 24px; height: 24px;\" alt=\"\" title=&author=&title=test&source=&color=&titleImage=&hidden=true&priority=',''),('1446346063531','access','admin','/syst/admin',NULL,'/syst/admin/document/deleteById','POST','idstring=1446346025111',''),('1446965150404','access','admin','/syst/admin',NULL,'/syst/admin/channel/deleteById','POST','idstring=1445934363146,1446166812093,1446166851818,1446166851827',''),('1446965194420','access','admin','/syst/admin',NULL,'/syst/admin/channel/create','POST','descrition=&parentId=&linkAddr=channel/news&hidden=false&name=新闻中心&keyword=&code=news&channelTemplete=&openMode=false&asdocument=false&documentId=',''),('1446965284911','access','admin','/syst/admin',NULL,'/syst/admin/channel/update/1446965194084','POST','id=1446965194084&descrition=&parentId=&linkAddr=channel/news&hidden=false&name=新闻中心&keyword=&code=news&channelTemplete=defaultApp/news&openMode=false&asdocument=false&documentId=',''),('1446965337918','access','admin','/syst/admin',NULL,'/syst/admin/channel/update/1446965194084','POST','id=1446965194084&descrition=&parentId=&linkAddr=channel/news&hidden=false&name=新闻中心&keyword=&code=news&channelTemplete=defaultApp/news&openMode=false&asdocument=false&documentId=',''),('1446965467922','access','admin','/syst/admin',NULL,'/syst/admin/document/create','POST','editorValue=<p><span style=\"font-family: Helvetica, Tahoma, Arial, sans-serif; font-size: medium; line-height: 2&channelId=1446965194084&keyword=&documentTemplete=&sourceAddr=&content=<p><span style=\"font-family: Helvetica, Tahoma, Arial, sans-serif; font-size: medium; line-height: 2&author=&title=6个技巧让你成为专业程序员&source=&color=&titleImage=&hidden=true&priority=',''),('1446965523916','access','admin','/syst/admin',NULL,'/syst/admin/document/create','POST','editorValue=<p><span style=\"font-family: Helvetica, Tahoma, Arial, sans-serif; font-size: medium; line-height: 2&channelId=1446965194084&keyword=&documentTemplete=defaultApp/newsInfo&sourceAddr=&content=<p><span style=\"font-family: Helvetica, Tahoma, Arial, sans-serif; font-size: medium; line-height: 2&author=&title=6个技巧让你成为专业程序员&source=&color=&titleImage=&hidden=true&priority=',''),('1446965831071','access','admin','/syst/admin',NULL,'/syst/admin/document/update/1446965467743','POST','editorValue=<p><span style=\"font-family: Helvetica, Tahoma, Arial, sans-serif; font-size: medium; line-height: 2&channelId=1446965194084&documentTemplete=defaultApp/newsInfo&keyword=&sourceAddr=&size=&id=1446965467743&content=<p><span style=\"font-family: Helvetica, Tahoma, Arial, sans-serif; font-size: medium; line-height: 2&author=&title=6个技巧让你成为专业程序员&source=&titleImage=&color=&priority=&hidden=true&fileAddr=',''),('1446965839736','access','admin','/syst/admin',NULL,'/syst/admin/document/deleteById','POST','idstring=1446207160761',''),('1446966748502','access','admin','/syst/admin',NULL,'/syst/admin/channel/update/1445934468960','POST','id=1445934468960&descrition=招聘信息,jobs&parentId=&linkAddr=channel/jobs&hidden=false&name=招聘信息&keyword=招聘信息,jobs&code=jobs&channelTemplete=defaultApp/jobs&openMode=false&asdocument=false&documentId=',''),('1446967150678','access','admin','/syst/admin',NULL,'/syst/admin/channel/deleteById','POST','idstring=1446177610360',''),('1446968871970','access','admin','/syst/admin',NULL,'/syst/admin/document/create','POST','editorValue=<p>这篇文章主要介绍通过java连接mysql数据库的时候，页面出现乱码，这里简单分享下解决方法， \r\n需要的朋友可以参考下</p><p><strong>解决方法一: <br/></strong><&channelId=1446965194084&keyword=&documentTemplete=defaultApp/newsInfo&sourceAddr=&content=<p>这篇文章主要介绍通过java连接mysql数据库的时候，页面出现乱码，这里简单分享下解决方法， \r\n需要的朋友可以参考下</p><p><strong>解决方法一: <br/></strong><&author=&title=java连接mysql数据库乱码的解决方法&source=&color=&titleImage=&hidden=true&priority=',''),('1446968931935','access','admin','/syst/admin',NULL,'/syst/admin/document/deleteById','POST','idstring=1446968871860',''),('1447030986229','access','admin','/syst/admin',NULL,'/syst/admin/document/create','POST','editorValue=<p>testtesttest</p>&channelId=1446965194084&keyword=&documentTemplete=defaultApp/newsInfo&sourceAddr=&content=<p>testtesttest</p>&author=&title=test&source=&color=&titleImage=&hidden=true&priority=',''),('1447030989111','access','admin','/syst/admin',NULL,'/syst/admin/document/create','POST','editorValue=<p>testtesttest</p>&channelId=1446965194084&keyword=&documentTemplete=defaultApp/newsInfo&sourceAddr=&content=<p>testtesttest</p>&author=&title=test&source=&color=&titleImage=&hidden=true&priority=',''),('1447030991734','access','admin','/syst/admin',NULL,'/syst/admin/document/create','POST','editorValue=<p>testtesttest</p>&channelId=1446965194084&keyword=&documentTemplete=defaultApp/newsInfo&sourceAddr=&content=<p>testtesttest</p>&author=&title=test&source=&color=&titleImage=&hidden=true&priority=',''),('1447030994014','access','admin','/syst/admin',NULL,'/syst/admin/document/create','POST','editorValue=<p>testtesttest</p>&channelId=1446965194084&keyword=&documentTemplete=defaultApp/newsInfo&sourceAddr=&content=<p>testtesttest</p>&author=&title=test&source=&color=&titleImage=&hidden=true&priority=',''),('1447030996272','access','admin','/syst/admin',NULL,'/syst/admin/document/create','POST','editorValue=<p>testtesttest</p>&channelId=1446965194084&keyword=&documentTemplete=defaultApp/newsInfo&sourceAddr=&content=<p>testtesttest</p>&author=&title=test&source=&color=&titleImage=&hidden=true&priority=',''),('1447030998554','access','admin','/syst/admin',NULL,'/syst/admin/document/create','POST','editorValue=<p>testtesttest</p>&channelId=1446965194084&keyword=&documentTemplete=defaultApp/newsInfo&sourceAddr=&content=<p>testtesttest</p>&author=&title=test&source=&color=&titleImage=&hidden=true&priority=',''),('1447031000560','access','admin','/syst/admin',NULL,'/syst/admin/document/create','POST','editorValue=<p>testtesttest</p>&channelId=1446965194084&keyword=&documentTemplete=defaultApp/newsInfo&sourceAddr=&content=<p>testtesttest</p>&author=&title=test&source=&color=&titleImage=&hidden=true&priority=',''),('1447031002470','access','admin','/syst/admin',NULL,'/syst/admin/document/create','POST','editorValue=<p>testtesttest</p>&channelId=1446965194084&keyword=&documentTemplete=defaultApp/newsInfo&sourceAddr=&content=<p>testtesttest</p>&author=&title=test&source=&color=&titleImage=&hidden=true&priority=',''),('1447031004730','access','admin','/syst/admin',NULL,'/syst/admin/document/create','POST','editorValue=<p>testtesttest</p>&channelId=1446965194084&keyword=&documentTemplete=defaultApp/newsInfo&sourceAddr=&content=<p>testtesttest</p>&author=&title=test&source=&color=&titleImage=&hidden=true&priority=',''),('1447031006684','access','admin','/syst/admin',NULL,'/syst/admin/document/create','POST','editorValue=<p>testtesttest</p>&channelId=1446965194084&keyword=&documentTemplete=defaultApp/newsInfo&sourceAddr=&content=<p>testtesttest</p>&author=&title=test&source=&color=&titleImage=&hidden=true&priority=',''),('1447031008420','access','admin','/syst/admin',NULL,'/syst/admin/document/create','POST','editorValue=<p>testtesttest</p>&channelId=1446965194084&keyword=&documentTemplete=defaultApp/newsInfo&sourceAddr=&content=<p>testtesttest</p>&author=&title=test&source=&color=&titleImage=&hidden=true&priority=',''),('1447031010279','access','admin','/syst/admin',NULL,'/syst/admin/document/create','POST','editorValue=<p>testtesttest</p>&channelId=1446965194084&keyword=&documentTemplete=defaultApp/newsInfo&sourceAddr=&content=<p>testtesttest</p>&author=&title=test&source=&color=&titleImage=&hidden=true&priority=',''),('1447031012688','access','admin','/syst/admin',NULL,'/syst/admin/document/create','POST','editorValue=<p>testtesttest</p>&channelId=&keyword=&documentTemplete=defaultApp/newsInfo&sourceAddr=&content=<p>testtesttest</p>&author=&title=test&source=&color=&titleImage=&hidden=true&priority=',''),('1447036226781','access','admin','/syst/admin',NULL,'/syst/admin/resource/update/1444631314253','POST','parentId=2&name=字典管理&authName=dictionary:*&path=/dictionary&type=menu',''),('1447039321594','access','admin','/syst/admin',NULL,'/syst/admin/document/create','POST','editorValue=<p>组织机构<br/></p>&channelId=1445933756067&keyword=&documentTemplete=defaultApp/single&sourceAddr=&content=<p>组织机构<br/></p>&author=&title=组织架构&source=&color=&titleImage=&hidden=true&priority=',''),('1447039430974','access','admin','/syst/admin',NULL,'/syst/admin/channel/update/1445933756067','POST','id=1445933756067&descrition=&parentId=1445933697685&linkAddr=channel/aboutus/organization&hidden=false&name=组织架构&keyword=组织架构&code=organization&openMode=false&asdocument=true&documentId=1447039321447',''),('1447052126548','access','admin','/syst/admin',NULL,'/syst/admin/channel/update/1445933910969','POST','id=1445933910969&descrition=product产品展示&parentId=&linkAddr=channel/products&hidden=false&name=产品展示&keyword=产品展示&code=products&channelTemplete=defaultApp/products&openMode=false&asdocument=false&documentId=',''),('1447058887726','access','admin','/syst/admin',NULL,'/syst/admin/channel/update/1445933614530','POST','id=1445933614530&descrition=&parentId=&linkAddr=&sort=1&hidden=false&name=公司主页&keyword=公司主页，网聚&code=/&channelTemplete=&openMode=false&asdocument=false&documentId=',''),('1447058930834','access','admin','/syst/admin',NULL,'/syst/admin/channel/update/1445933697685','POST','id=1445933697685&descrition=&parentId=&linkAddr=channel/aboutus&sort=2&hidden=false&name=关于我们&keyword=公司主页，关于我们&code=aboutus&channelTemplete=&openMode=false&asdocument=true&documentId=1445940554062',''),('1448075607184','access','superAdmin','/syst/admin',NULL,'/syst/admin/log/deleteById','POST','idstring=1448075601933,1447137521182,1447137387461,1447128034565,1447127718061,1447127487236,1447126982951,14',''),('1448077430648','access','admin','/syst/admin',NULL,'/syst/admin/resource/create','POST','parentId=1445075669752&name=栏目添加&authName=channel:create&path=&type=button',''),('1448077453497','access','admin','/syst/admin',NULL,'/syst/admin/resource/update/1448077430572','POST','parentId=1445075669752&name=栏目新增&authName=channel:create&path=&type=menu',''),('1448077502092','access','admin','/syst/admin',NULL,'/syst/admin/resource/create','POST','parentId=1445075669752&name=栏目修改&authName=channel:update&path=&type=button',''),('1448077536373','access','admin','/syst/admin',NULL,'/syst/admin/resource/create','POST','parentId=1445075669752&name=栏目删除&authName=channel:delete&path=&type=menu',''),('1448077558031','access','admin','/syst/admin',NULL,'/syst/admin/resource/create','POST','parentId=&name=栏目查看&authName=channel:view&path=&type=button',''),('1448077570863','access','admin','/syst/admin',NULL,'/syst/admin/resource/update/1448077501999','POST','parentId=1445075669752&name=栏目修改&authName=channel:update&path=&type=button',''),('1448077588451','access','admin','/syst/admin',NULL,'/syst/admin/resource/update/1448077430572','POST','parentId=1445075669752&name=栏目新增&authName=channel:create&path=&type=button',''),('1448077602440','access','admin','/syst/admin',NULL,'/syst/admin/resource/update/1448077536293','POST','parentId=1445075669752&name=栏目删除&authName=channel:delete&path=&type=button',''),('1448077982808','access','admin','/syst/admin',NULL,'/syst/admin/resource/update/1445075702637','POST','parentId=&name=文档&authName=document:*&path=/document&type=menu',''),('1448078024242','access','admin','/syst/admin',NULL,'/syst/admin/resource/create','POST','parentId=1445075702637&name=文档新增&authName=document:create&path=&type=button',''),('1448078045493','access','admin','/syst/admin',NULL,'/syst/admin/resource/create','POST','parentId=1445075702637&name=文档修改&authName=document:update&path=&type=button',''),('1448078495175','access','admin','/syst/admin',NULL,'/syst/admin/resource/create','POST','parentId=1445075702637&name=文档删除&authName=document:delete&path=&type=button',''),('1448078768634','access','admin','/syst/admin',NULL,'/syst/admin/resource/update/1448077557959','POST','parentId=1445075669752&name=栏目查询&authName=channel:view&path=&type=button',''),('1448331645263','access','admin','/admin',NULL,'/admin/dbBackup/deleteById','POST','idstring=e5da6655-c78e-4653-86b1-11c90b8831f3',''),('1448682618169','access','admin','/demo/admin',NULL,'/demo/admin/document/create','POST','editorValue=<p style=\"border: 0px; margin-top: 0px; margin-bottom: 0px; padding: 5px 0px; line-height: 22px; tex&channelId=1446965194084&documentTemplete=doc.jsp&keyword=&sourceAddr=&recommend=true&assetsIds=&size=&content=<p style=\"border: 0px; margin-top: 0px; margin-bottom: 0px; padding: 5px 0px; line-height: 22px; tex&author=&title=elasticsearch ik分词插件es-ik发布了&source=&color=&titleImage=&hidden=true&priority=&fileAddr=&fileName=',''),('1448683590269','access','admin','/demo/admin',NULL,'/demo/admin/document/update/1445940554062','POST','id=1445940554062&assetsIds=&documentTemplete=doc.jsp&channelId=1445933697685&title=关于我们&author=&color=&keyword=&hidden=true&priority=&source=&sourceAddr=&titleImage=&content=<p style=\"border: 0px; margin-top: 0px; margin-bottom: 0px; padding: 5px 0px; line-height: 22px; tex&fileName=&fileAddr=&size=&recommend=false&editorValue=<p style=\"border: 0px; margin-top: 0px; margin-bottom: 0px; padding: 5px 0px; line-height: 22px; tex',''),('1448802258597','access','admin','/demo/admin',NULL,'/demo/admin/channel/update/1445934468960','POST','id=1445934468960&channelTemplete=defaultApp/jobs&parentIds=&documentId=&parentId=&name=招聘信息&code=jobs&keyword=招聘信息,jobs&linkAddr=channel/jobs&openMode=false&hidden=false&asdocument=false&descrition=招聘信息,jobs&sort=5',''),('1448802265545','access','admin','/demo/admin',NULL,'/demo/admin/channel/update/1445934468960','POST','id=1445934468960&channelTemplete=defaultApp/jobs&parentIds=&documentId=&parentId=&name=招聘信息&code=jobs&keyword=招聘信息,jobs&linkAddr=channel/jobs&openMode=false&hidden=false&asdocument=false&descrition=招聘信息,jobs&sort=5',''),('1448808012409','access','admin','/demo/admin',NULL,'/demo/admin/channel/update/1445934468960','POST','id=1445934468960&channelTemplete=defaultApp/jobs&parentIds=&documentId=&parentId=&name=招聘信息&code=jobs&keyword=招聘信息,jobs&linkAddr=channel/jobs&openMode=false&hidden=false&asdocument=false&descrition=招聘信息,jobs&sort=5',''),('1448808086369','access','admin','/demo/admin',NULL,'/demo/admin/channel/update/1445934468960','POST','id=1445934468960&channelTemplete=defaultApp/jobs&parentIds=&documentId=&parentId=&name=招聘信息&code=jobs&keyword=招聘信息,jobs&linkAddr=channel/jobs&openMode=false&hidden=false&asdocument=false&descrition=招聘信息,jobs&sort=5',''),('1448808398744','access','admin','/demo/admin',NULL,'/demo/admin/channel/update/1445934468960','POST','id=1445934468960&channelTemplete=&parentIds=&documentId=&parentId=&name=招聘信息&code=jobs&keyword=招聘信息,jobs&linkAddr=channel/jobs&openMode=false&hidden=false&asdocument=false&descrition=招聘信息,jobs&sort=5',''),('1448842462178','access','admin','/demo/admin',NULL,'/demo/admin/channel/create','POST','channelTemplete=&documentId=&parentIds=1445934468960&parentId=1445934468960&name=市场部招聘&code=market&keyword=&linkAddr=channel/jobs/market&openMode=false&hidden=false&asdocument=false&descrition=&sort=',''),('1448842587872','access','admin','/demo/admin',NULL,'/demo/admin/document/create','POST','editorValue=<p><span style=\"font-family: 微软雅黑, &#39;Microsoft YaHei&#39;;\">spring初始化的bean,能够修改属性,并让修改后的bean能立即被其&channelId=1448842462004&documentTemplete=&keyword=&sourceAddr=&recommend=false&assetsIds=&size=&content=<p><span style=\"font-family: 微软雅黑, &#39;Microsoft YaHei&#39;;\">spring初始化的bean,能够修改属性,并让修改后的bean能立即被其&author=&title=市场调研员&source=&color=&titleImage=&hidden=true&priority=&fileAddr=&fileName=',''),('1448843009959','access','admin','/demo/admin',NULL,'/demo/admin/document/update/1448842587443','POST','id=1448842587443&assetsIds=&documentTemplete=doc.jsp&channelId=1448842462004&title=市场调研员&author=&color=&keyword=&hidden=true&priority=&source=&sourceAddr=&titleImage=&content=<p><span style=\"font-family: 微软雅黑, &#39;Microsoft YaHei&#39;;\">spring初始化的bean,能够修改属性,并让修改后的bean能立即被其&fileName=&fileAddr=&size=&recommend=false&editorValue=<p><span style=\"font-family: 微软雅黑, &#39;Microsoft YaHei&#39;;\">spring初始化的bean,能够修改属性,并让修改后的bean能立即被其',''),('1448843740679','access','admin','/demo/admin',NULL,'/demo/admin/channel/create','POST','channelTemplete=&documentId=&parentIds=1448842462004&parentId=1448842462004&name=华南区市场调研员&code=southmarket&keyword=&linkAddr=channel/jobs/market/southmarket&openMode=false&hidden=false&asdocument=false&descrition=&sort=',''),('1448851374960','access','admin','/demo/admin',NULL,'/demo/admin/document/create','POST','editorValue=<p><span style=\"font-family: 微软雅黑, &#39;Microsoft YaHei&#39;;\">官网地址:http://commons.apache.org/proper&channelId=1448843740500&documentTemplete=&keyword=&sourceAddr=&recommend=false&assetsIds=&size=&content=<p><span style=\"font-family: 微软雅黑, &#39;Microsoft YaHei&#39;;\">官网地址:http://commons.apache.org/proper&author=&title=华南调研员&source=&color=&titleImage=&hidden=true&priority=&fileAddr=&fileName=',''),('1448851821240','access','admin','/demo/admin',NULL,'/demo/admin/document/deleteById','POST','idstring=1448842587443',''),('1448852934187','access','admin','/demo/admin',NULL,'/demo/admin/channel/deleteById','POST','idstring=1445933614530',''),('1448866299301','access','admin','/demo/admin',NULL,'/demo/admin/document/create','POST','editorValue=<p><span style=\"font-family: 微软雅黑, &#39;Microsoft YaHei&#39;;\">server.slaves里维护所有的slave列表，slave.repl&channelId=1448843740500&documentTemplete=&keyword=华南区采购员&sourceAddr=&recommend=false&assetsIds=&size=&content=<p><span style=\"font-family: 微软雅黑, &#39;Microsoft YaHei&#39;;\">server.slaves里维护所有的slave列表，slave.repl&author=华南区采购员&title=华南区采购员&source=&color=&titleImage=&hidden=true&priority=&fileAddr=&fileName=',''),('1448867836259','access','admin','/demo/admin',NULL,'/demo/admin/document/update/1448866298907','POST','id=1448866298907&contentShort=server.slaves里维护所有的slave列表，slave.replstate里记录着每个slave当前的同步状态.1.当master接受到slave发来的sync/psync命令时，将该sla&assetsIds=&documentTemplete=&channelId=1448843740500&title=华南区采购员&author=华南区采购员&color=&keyword=华南区采购员&hidden=true&priority=&source=&sourceAddr=&titleImage=&content=<p><span style=\"font-family: 微软雅黑, &#39;Microsoft YaHei&#39;;\">server.slaves里维护所有的slave列表，slave.repl&fileName=&fileAddr=&size=&recommend=false&editorValue=<p><span style=\"font-family: 微软雅黑, &#39;Microsoft YaHei&#39;;\">server.slaves里维护所有的slave列表，slave.repl',''),('1448868080326','access','admin','/demo/admin',NULL,'/demo/admin/document/update/1448866298907','POST','id=1448866298907&contentShort=server.slaves里维护所有的slave列表，slave.replstate里记录着每个slave当前的同步状态.1.当master接受到slave发来的sync/psync命令时，将该sla&assetsIds=&documentTemplete=&channelId=1448843740500&title=master状态变迁&author=华南区采购员&color=&keyword=华南区采购员&hidden=true&priority=&source=&sourceAddr=&titleImage=&content=<p><span style=\"font-family: 微软雅黑, &#39;Microsoft YaHei&#39;;\">server.slaves里维护所有的slave列表，slave.repl&fileName=&fileAddr=&size=&recommend=false&editorValue=<p><span style=\"font-family: 微软雅黑, &#39;Microsoft YaHei&#39;;\">server.slaves里维护所有的slave列表，slave.repl',''),('1448868235542','access','admin','/demo/admin',NULL,'/demo/admin/document/update/1448851374598','POST','id=1448851374598&contentShort=官网地址:http://commons.apache.org/proper/commons-dbcp/configuration.htmlinitialSize：默认0,初始化连接:连接池启动时创建的&assetsIds=&documentTemplete=&channelId=1448843740500&title=整个集群fgc严重，导致无法为用户提供服务&author=华南调研员&color=&keyword=华南调研&hidden=true&priority=&source=&sourceAddr=&titleImage=&content=<p><span style=\"font-family: 微软雅黑, &#39;Microsoft YaHei&#39;;\">官网地址:http://commons.apache.org/proper&fileName=&fileAddr=&size=&recommend=false&editorValue=<p><span style=\"font-family: 微软雅黑, &#39;Microsoft YaHei&#39;;\">官网地址:http://commons.apache.org/proper',''),('1448871781289','access','admin','/demo/admin',NULL,'/demo/admin/channel/update/1448842462004','POST','id=1448842462004&channelTemplete=&parentIds=1445934468960&documentId=&parentId=1445934468960&name=市场部招聘&code=market&keyword=&linkAddr=channel/jobs/market&openMode=false&hidden=false&asdocument=false&descrition=&sort=',''),('1448872233747','access','admin','/demo/admin',NULL,'/demo/admin/channel/update/1448842462004','POST','id=1448842462004&channelTemplete=&parentIds=,1445934468960&documentId=&parentId=1445934468960&name=市场部招聘&code=market&keyword=&linkAddr=channel/jobs/market&openMode=false&hidden=false&asdocument=false&descrition=市场部招聘&sort=',''),('1448872345707','access','admin','/demo/admin',NULL,'/demo/admin/channel/update/1448843740500','POST','id=1448843740500&channelTemplete=&parentIds=,1445934468960,1448842462004&documentId=&parentId=1448842462004&name=华南区市场调研员&code=southmarket&keyword=&linkAddr=channel/jobs/market/southmarket&openMode=false&hidden=false&asdocument=false&descrition=&sort=',''),('1448876309080','access','admin','/demo/admin',NULL,'/demo/admin/channel/create','POST','channelTemplete=&documentId=&parentIds=1446965194084&linkAddrZh=&parentId=1446965194084&name=国际新闻&code=internalnews&keyword=国际新闻&linkAddr=channel/news/internalnews&openMode=false&hidden=false&asdocument=false&descrition=&sort=',''),('1448876769103','access','admin','/demo/admin',NULL,'/demo/admin/channel/create','POST','channelTemplete=&documentId=&parentIds=1446965194084&linkAddrZh=&parentId=1446965194084&name=国内新闻&code=innernews&keyword=innernews&linkAddr=channel/news/innernews&openMode=false&hidden=false&asdocument=false&descrition=innernews&sort=',''),('1448877803635','access','admin','/demo/admin',NULL,'/demo/admin/channel/create','POST','channelTemplete=&documentId=&parentIds=1446965194084,1448876768973&linkAddrZh=&parentId=1448876768973&name=娱乐新闻&code=entertaiment&keyword=entertaiment&linkAddr=channel/news/innernews/entertaiment&openMode=false&hidden=false&asdocument=false&descrition=entertaiment&sort=',''),('1448959063986','access','admin','/demo/admin',NULL,'/demo/admin/channel/create','POST','channelTemplete=&documentId=&parentIds=1446965194084,1448876768973&linkAddrZh=&parentId=1448876768973&name=体育新闻&code=innersports&keyword=innersports&linkAddr=channel/news/innernews/innersports&openMode=false&hidden=false&asdocument=false&descrition=innersports&sort=',''),('1448959262241','access','admin','/demo/admin',NULL,'/demo/admin/channel/update/1445933697685','POST','id=1445933697685&channelTemplete=&parentIds=&documentId=1445940554062&linkAddrZh=&parentId=&name=关于我们&code=aboutus&keyword=公司主页，关于我们&linkAddr=channel/aboutus&openMode=false&hidden=false&asdocument=true&descrition=&sort=2',''),('1448959585337','access','admin','/demo/admin',NULL,'/demo/admin/channel/update/1445933697685','POST','id=1445933697685&channelTemplete=&parentIds=&documentId=1445940554062&linkAddrZh=&parentId=&name=关于我们&code=aboutus&keyword=公司主页，关于我们&linkAddr=channel/aboutus&openMode=false&hidden=false&asdocument=true&descrition=&sort=2',''),('1449130042997','access','admin','/demo/admin',NULL,'/demo/admin/resource/create','POST','name=页面生成&authName=htmlgenerate:view&path=/htmlgenerate&type=menu&parentId=',''),('1449288111493','access','admin','/syst3_module/admin',NULL,'/syst3_module/admin/document/update/1447988832047','POST','editorValue=<p>,</p><p>1、古老的注入方式：&nbsp;</p><p>实现类:&nbsp;</p><p>Java代码 &nbsp;</p><p>/**&nbsp;</p><p>&nbsp;* @titl&channelId=1446965194084&documentTemplete=doc.jsp&keyword=&sourceAddr=&recommend=false&assetsIds=&size=&content=<p>,</p><p>1、古老的注入方式：&nbsp;</p><p>实现类:&nbsp;</p><p>Java代码 &nbsp;</p><p>/**&nbsp;</p><p>&nbsp;* @titl&id=1447988832047&author=&title=Spring注解注入&source=&color=&titleImage=&priority=&hidden=true&fileAddr=&fileName=&contentShort=,1、古老的注入方式： 实现类: Java代码  /**  * @title UserServiceImpl.java  * @description UserService实现类  * @autho',''),('1449290657896','access','admin','/syst3_module/admin',NULL,'/syst3_module/admin/document/update/1447991085421','POST','editorValue=<p style=\"text-align:center\"><img src=\"/syst/upload/1/20151120_114304.jpg\" title=\"20151120_114304.jp&channelId=1445934192714&documentTemplete=doc.jsp&keyword=&sourceAddr=&recommend=false&assetsIds=1447990985292&size=5586&content=<p style=\"text-align:center\"><img src=\"/syst/upload/1/20151120_114304.jpg\" title=\"20151120_114304.jp&id=1447991085421&author=淀粉酶&title=淀粉酶&source=&color=&titleImage=&priority=&hidden=true&fileAddr=/upload/1/20151120_114304.jpg&fileName=20151120_114304.jpg&contentShort=很多时候速度发顺丰',''),('1449290674906','access','admin','/syst3_module/admin',NULL,'/syst3_module/admin/document/update/1447991085421','POST','editorValue=<p style=\"text-align: left;\">很多时候速度发顺丰<br/></p>&channelId=1445934192714&documentTemplete=doc.jsp&keyword=&sourceAddr=&recommend=false&assetsIds=1447990985292&size=5586&content=<p style=\"text-align: left;\">很多时候速度发顺丰<br/></p>&id=1447991085421&author=淀粉酶&title=淀粉酶&source=&color=&titleImage=&priority=&hidden=true&fileAddr=/upload/1/20151120_114304.jpg&fileName=20151120_114304.jpg&contentShort=很多时候速度发顺丰',''),('1449290697771','access','admin','/syst3_module/admin',NULL,'/syst3_module/admin/document/update/1447990200173','POST','editorValue=<p>使用 JSR-250 的注释</p><p><br/></p><p>Spring 不但支持自己定义的 @Autowired 的注释，还支持几个由 JSR-250 规范定义的注释，它们分别是@Res&channelId=1446965194084&documentTemplete=doc.jsp&keyword=&sourceAddr=&recommend=false&assetsIds=&size=&content=<p>使用 JSR-250 的注释</p><p><br/></p><p>Spring 不但支持自己定义的 @Autowired 的注释，还支持几个由 JSR-250 规范定义的注释，它们分别是@Res&id=1447990200173&author=&title=Spring Annotation&source=&color=&titleImage=&priority=&hidden=true&fileAddr=&fileName=&contentShort=使用 JSR-250 的注释Spring 不但支持自己定义的 @Autowired 的注释，还支持几个由 JSR-250 规范定义的注释，它们分别是@Resource、@PostConstruct 以',''),('1449297920253','access','admin','/syst3_module/admin',NULL,'/syst3_module/admin/channel/update/1446965194084','POST','descrition=&parentIds=&sort=4&keyword=&code=news&id=1446965194084&parentId=&linkAddr=channel/news&hidden=false&name=新闻中心&channelTemplete=&asdocument=false&openMode=false&documentId=',''),('1449455663405','access','admin','/syst3_module/admin',NULL,'/syst3_module/admin/document/create','POST','editorValue=<p style=\"color: rgb(51, 51, 51); font-family: Simsun; font-size: medium; white-space: normal;\"><spa&channelId=1448843740500&documentTemplete=doc.jsp&keyword=&sourceAddr=&recommend=false&assetsIds=&size=&content=<p style=\"color: rgb(51, 51, 51); font-family: Simsun; font-size: medium; white-space: normal;\"><spa&author=啥r状态变是迁&title=master状态变迁&source=&titleImage=&color=&hidden=true&priority=&fileAddr=&fileName=&contentShort=server.slaves里维护所有的slave列表，slave.replstate里记录着每个slave当前的同步状态.1.当master接受到slave发来的sync/psync命令时，将该sla',''),('1449455693192','access','admin','/syst3_module/admin',NULL,'/syst3_module/admin/document/create','POST','editorValue=<p style=\"color: rgb(51, 51, 51); font-family: Simsun; font-size: medium; white-space: normal;\"><spa&channelId=1448843740500&documentTemplete=doc.jsp&keyword=&sourceAddr=&recommend=false&assetsIds=&size=&content=<p style=\"color: rgb(51, 51, 51); font-family: Simsun; font-size: medium; white-space: normal;\"><spa&author=啥r状态变是迁&title=master状态变迁&source=&titleImage=&color=&hidden=true&priority=&fileAddr=&fileName=&contentShort=server.slaves里维护所有的slave列表，slave.replstate里记录着每个slave当前的同步状态.1.当master接受到slave发来的sync/psync命令时，将该sla',''),('1449455697074','access','admin','/syst3_module/admin',NULL,'/syst3_module/admin/document/create','POST','editorValue=<p style=\"color: rgb(51, 51, 51); font-family: Simsun; font-size: medium; white-space: normal;\"><spa&channelId=1448843740500&documentTemplete=doc.jsp&keyword=&sourceAddr=&recommend=false&assetsIds=&size=&content=<p style=\"color: rgb(51, 51, 51); font-family: Simsun; font-size: medium; white-space: normal;\"><spa&author=啥r状态变是迁&title=master状态变迁&source=&titleImage=&color=&hidden=true&priority=&fileAddr=&fileName=&contentShort=server.slaves里维护所有的slave列表，slave.replstate里记录着每个slave当前的同步状态.1.当master接受到slave发来的sync/psync命令时，将该sla',''),('1449455700332','access','admin','/syst3_module/admin',NULL,'/syst3_module/admin/document/create','POST','editorValue=<p style=\"color: rgb(51, 51, 51); font-family: Simsun; font-size: medium; white-space: normal;\"><spa&channelId=1448843740500&documentTemplete=doc.jsp&keyword=&sourceAddr=&recommend=false&assetsIds=&size=&content=<p style=\"color: rgb(51, 51, 51); font-family: Simsun; font-size: medium; white-space: normal;\"><spa&author=啥r状态变是迁&title=master状态变迁&source=&titleImage=&color=&hidden=true&priority=&fileAddr=&fileName=&contentShort=server.slaves里维护所有的slave列表，slave.replstate里记录着每个slave当前的同步状态.1.当master接受到slave发来的sync/psync命令时，将该sla',''),('1449455703539','access','admin','/syst3_module/admin',NULL,'/syst3_module/admin/document/create','POST','editorValue=<p style=\"color: rgb(51, 51, 51); font-family: Simsun; font-size: medium; white-space: normal;\"><spa&channelId=1448843740500&documentTemplete=doc.jsp&keyword=&sourceAddr=&recommend=false&assetsIds=&size=&content=<p style=\"color: rgb(51, 51, 51); font-family: Simsun; font-size: medium; white-space: normal;\"><spa&author=啥r状态变是迁&title=master状态变迁&source=&titleImage=&color=&hidden=true&priority=&fileAddr=&fileName=&contentShort=server.slaves里维护所有的slave列表，slave.replstate里记录着每个slave当前的同步状态.1.当master接受到slave发来的sync/psync命令时，将该sla',''),('1449455706146','access','admin','/syst3_module/admin',NULL,'/syst3_module/admin/document/create','POST','editorValue=<p style=\"color: rgb(51, 51, 51); font-family: Simsun; font-size: medium; white-space: normal;\"><spa&channelId=1448843740500&documentTemplete=doc.jsp&keyword=&sourceAddr=&recommend=false&assetsIds=&size=&content=<p style=\"color: rgb(51, 51, 51); font-family: Simsun; font-size: medium; white-space: normal;\"><spa&author=啥r状态变是迁&title=master状态变迁&source=&titleImage=&color=&hidden=true&priority=&fileAddr=&fileName=&contentShort=server.slaves里维护所有的slave列表，slave.replstate里记录着每个slave当前的同步状态.1.当master接受到slave发来的sync/psync命令时，将该sla',''),('1449455709419','access','admin','/syst3_module/admin',NULL,'/syst3_module/admin/document/create','POST','editorValue=<p style=\"color: rgb(51, 51, 51); font-family: Simsun; font-size: medium; white-space: normal;\"><spa&channelId=1448843740500&documentTemplete=doc.jsp&keyword=&sourceAddr=&recommend=false&assetsIds=&size=&content=<p style=\"color: rgb(51, 51, 51); font-family: Simsun; font-size: medium; white-space: normal;\"><spa&author=啥r状态变是迁&title=master状态变迁&source=&titleImage=&color=&hidden=true&priority=&fileAddr=&fileName=&contentShort=server.slaves里维护所有的slave列表，slave.replstate里记录着每个slave当前的同步状态.1.当master接受到slave发来的sync/psync命令时，将该sla',''),('1449455712677','access','admin','/syst3_module/admin',NULL,'/syst3_module/admin/document/create','POST','editorValue=<p style=\"color: rgb(51, 51, 51); font-family: Simsun; font-size: medium; white-space: normal;\"><spa&channelId=1448843740500&documentTemplete=doc.jsp&keyword=&sourceAddr=&recommend=false&assetsIds=&size=&content=<p style=\"color: rgb(51, 51, 51); font-family: Simsun; font-size: medium; white-space: normal;\"><spa&author=啥r状态变是迁&title=master状态变迁&source=&titleImage=&color=&hidden=true&priority=&fileAddr=&fileName=&contentShort=server.slaves里维护所有的slave列表，slave.replstate里记录着每个slave当前的同步状态.1.当master接受到slave发来的sync/psync命令时，将该sla',''),('1449455716519','access','admin','/syst3_module/admin',NULL,'/syst3_module/admin/document/create','POST','editorValue=<p style=\"color: rgb(51, 51, 51); font-family: Simsun; font-size: medium; white-space: normal;\"><spa&channelId=1448843740500&documentTemplete=doc.jsp&keyword=&sourceAddr=&recommend=false&assetsIds=&size=&content=<p style=\"color: rgb(51, 51, 51); font-family: Simsun; font-size: medium; white-space: normal;\"><spa&author=啥r状态变是迁&title=master状态变迁&source=&titleImage=&color=&hidden=true&priority=&fileAddr=&fileName=&contentShort=server.slaves里维护所有的slave列表，slave.replstate里记录着每个slave当前的同步状态.1.当master接受到slave发来的sync/psync命令时，将该sla',''),('1449455719804','access','admin','/syst3_module/admin',NULL,'/syst3_module/admin/document/create','POST','editorValue=<p style=\"color: rgb(51, 51, 51); font-family: Simsun; font-size: medium; white-space: normal;\"><spa&channelId=1448843740500&documentTemplete=doc.jsp&keyword=&sourceAddr=&recommend=false&assetsIds=&size=&content=<p style=\"color: rgb(51, 51, 51); font-family: Simsun; font-size: medium; white-space: normal;\"><spa&author=啥r状态变是迁&title=master状态变迁&source=&titleImage=&color=&hidden=true&priority=&fileAddr=&fileName=&contentShort=server.slaves里维护所有的slave列表，slave.replstate里记录着每个slave当前的同步状态.1.当master接受到slave发来的sync/psync命令时，将该sla',''),('1449560558493','access','admin','/syst3_module/admin',NULL,'/syst3_module/admin/document/create','POST','editorValue=<p><span style=\"font-family: 微软雅黑, &#39;Microsoft YaHei&#39;;\">Java招聘Java招聘Java招聘Java招聘Java招聘Java招聘J&channelId=1445934468960&documentTemplete=doc.jsp&keyword=&sourceAddr=&recommend=false&assetsIds=&size=&content=<p><span style=\"font-family: 微软雅黑, &#39;Microsoft YaHei&#39;;\">Java招聘Java招聘Java招聘Java招聘Java招聘Java招聘J&author=&title=Java招聘&source=&titleImage=&color=&hidden=true&priority=&fileAddr=&fileName=&contentShort=Java招聘Java招聘Java招聘Java招聘Java招聘Java招聘Java招聘Java招聘Java招聘Java招聘Java招聘Java招聘Java招聘Java招聘Java招聘Java招聘Java',''),('1449644921248','access','admin','/syst3_module/admin',NULL,'/syst3_module/admin/document/create','POST','editorValue=<p><span style=\"word-wrap: break-word; font-weight: 700; color: rgb(68, 68, 68); font-family: 微软雅黑, &channelId=1445934468960&documentTemplete=doc.jsp&keyword=&sourceAddr=&recommend=false&assetsIds=&size=&content=<p><span style=\"word-wrap: break-word; font-weight: 700; color: rgb(68, 68, 68); font-family: 微软雅黑, &author=黄记新&title=谈谈湖人的三个菜鸟的化学反应&source=&titleImage=&color=&hidden=true&priority=&fileAddr=&fileName=&contentShort=三个菜鸟都各自有些自身的课题待改进，其中乔丹-克拉克森有过一年的经验确实看得出来进度超过另外两只菜鸟，本文则多半就进攻端来写。放在眼前最大的问题可以用受助攻率来概括之，换句话说就是不擅无球打法，许多强',''),('1449649318892','access','admin','/syst3_module/admin',NULL,'/syst3_module/admin/document/deleteById','POST','idstring=1449644920641,1449560558068',''),('1449650299664','access','admin','/syst3_module/admin',NULL,'/syst3_module/admin/document/update/1447668555763','POST','editorValue=<p>是的哈哈哈水电费阿斯顿睡得但是但是</p><p>说大萨达但是</p><p>啥还是电话的时候时代复分</p>&channelId=1446965194084&documentTemplete=doc.jsp&keyword=&sourceAddr=&recommend=false&assetsIds=&size=&content=<p>是的哈哈哈水电费阿斯顿睡得但是但是</p><p>说大萨达但是</p><p>啥还是电话的时候时代复分</p>&id=1447668555763&author=&title=阿斯顿睡得&source=&color=&titleImage=&priority=&hidden=true&fileAddr=&fileName=&contentShort=是的哈哈哈水电费阿斯顿睡得但是但是说大萨达但是啥还是电话的时候时代复分',''),('1449650692921','access','admin','/syst3_module/admin',NULL,'/syst3_module/admin/document/deleteById','POST','idstring=1447668551895,1447668547780,1447668544610,1447668495077,1447668492260',''),('1449650709362','access','admin','/syst3_module/admin',NULL,'/syst3_module/admin/document/deleteById','POST','idstring=1447668489328,1447668486413,1447668483574,1447668477599,1447668414006',''),('1449721162383','access','admin','/syst3_module/admin',NULL,'/syst3_module/admin/user/create','POST','username=黄晓环&sex=false&organizationId=&password=&roleId=2',''),('1449721304438','access','admin','/syst3_module/admin',NULL,'/syst3_module/admin/user/create','POST','username=黄记新&sex=true&organizationId=&password=&roleId=2',''),('1449804391415','access','admin','/syst3_module/admin',NULL,'/syst3_module/admin/user/update/2','POST','id=2&username=test&sex=true&email=&organizationId=1444636560192&password=&roleId=1',''),('1449804516516','access','admin','/syst3_module/admin',NULL,'/syst3_module/admin/user/update/2','POST','id=2&username=test&sex=true&email=lfjlsdkfjlasdk&organizationId=1444636560192&password=&roleId=1',''),('1449805003825','access','admin','/syst3_module/admin',NULL,'/syst3_module/admin/user/update/1','POST','id=1&username=admin&email=wefewe&organizationId=1444636521670&password=&roleId=1',''),('1449805205435','access','admin','/syst3_module/admin',NULL,'/syst3_module/admin/user/update/1','POST','id=1&username=admin&sex=0&email=wefewe&organizationId=1444636521670&password=&roleId=1',''),('1449805245604','access','admin','/syst3_module/admin',NULL,'/syst3_module/admin/dictionary/update/1444635730059','POST','id=1444635730059&value=0&label=女&type=sex',''),('1449805260105','access','admin','/syst3_module/admin',NULL,'/syst3_module/admin/dictionary/update/1444635718573','POST','id=1444635718573&value=1&label=男&type=sex',''),('1449805325238','access','admin','/syst3_module/admin',NULL,'/syst3_module/admin/user/update/1','POST','id=1&username=admin&sex=1&email=wefewe&organizationId=1444636521670&password=&roleId=1',''),('1449826248612','access','admin','/syst3_module/admin',NULL,'/syst3_module/admin/user/update/2','POST','id=2&username=test&sex=0&email=&organizationId=&password=&roleId=2',''),('1449826375807','access','admin','/syst3_module/admin',NULL,'/syst3_module/admin/user/update/2','POST','id=2&username=test&sex=1&email=&organizationId=&password=&roleId=2',''),('1449826387242','access','admin','/syst3_module/admin',NULL,'/syst3_module/admin/user/update/1449721304203','POST','id=1449721304203&username=黄记新&sex=1&email=&organizationId=&password=&roleId=2',''),('1449826785965','access','admin','/syst3_module/admin',NULL,'/syst3_module/admin/user/create','POST','username=admin&sex=1&email=&organizationId=&password=&roleId=2',''),('1449828418963','access','admin','/syst3_module/admin',NULL,'/syst3_module/admin/user/create','POST','username=ew&sex=1&email=ewewewew&organizationId=&password=&roleId=2',''),('1449828497559','access','admin','/syst3_module/admin',NULL,'/syst3_module/admin/user/update/2','POST','id=2&username=test&sex=1&email=&organizationId=&password=&roleId=2',''),('1450066050619','access','admin','/admin',NULL,'/admin/document/update/1447999888637','POST','editorValue=<p><img src=\"/syst/upload/1/20151120_021037.jpg\" title=\"20151120_021037.jpg\" alt=\"20151120_021037.jp&channelId=1446965194084&documentTemplete=defaultApp/newsInfo&keyword=&sourceAddr=&recommend=false&assetsIds=1447999837785&size=5568&content=<p><img src=\"/syst/upload/1/20151120_021037.jpg\" title=\"20151120_021037.jpg\" alt=\"20151120_021037.jp&id=1447999888637&author=&title=dfsfsa&source=&color=&titleImage=&priority=&hidden=true&fileAddr=/upload/1/20151120_021037.jpg&fileName=20151120_021037.jpg&contentShort=dsfdsfsdfsdfdsfdsfsdf',''),('1450066330676','access','admin','/admin',NULL,'/admin/document/update/1447999888637','POST','editorValue=<p><img src=\"/syst/upload/1/20151120_021037.jpg\" title=\"20151120_021037.jpg\" alt=\"20151120_021037.jp&channelId=1446965194084&documentTemplete=&keyword=&sourceAddr=&recommend=false&assetsIds=1447999837785&size=5568&content=<p><img src=\"/syst/upload/1/20151120_021037.jpg\" title=\"20151120_021037.jpg\" alt=\"20151120_021037.jp&id=1447999888637&author=&title=dfsfsa&source=&color=&titleImage=&priority=&hidden=true&fileAddr=/upload/1/20151120_021037.jpg&fileName=20151120_021037.jpg&contentShort=dsfdsfsdfsdfdsfdsfsdf',''),('1450069942889','access','admin','/admin',NULL,'/admin/document/update/1448682617468','POST','editorValue=<p style=\"border: 0px; margin-top: 0px; margin-bottom: 0px; padding: 5px 0px; line-height: 22px; tex&channelId=1446965194084&documentTemplete=&keyword=&sourceAddr=&recommend=false&assetsIds=&size=&content=<p style=\"border: 0px; margin-top: 0px; margin-bottom: 0px; padding: 5px 0px; line-height: 22px; tex&id=1448682617468&author=&title=elasticsearch ik分词插件es-ik发布了&source=&color=&titleImage=&priority=&hidden=true&fileAddr=&fileName=&contentShort=呵呵，以前我一直用medcl大神开发的https://github.com/medcl/elasticsearch-analysis-ik,感觉对源代码稍微改动大了点。对ik源码不是很熟悉的朋友，阅读',''),('1450076610890','access','admin','/admin',NULL,'/admin/document/update/1449455719748','POST','editorValue=<p>s<span style=\"color: rgb(57, 57, 57); font-family: Helvetica, STHeiti, &#39;Droid Sans Fallback&#&channelId=1448843740500&documentTemplete=&keyword=&sourceAddr=&recommend=false&assetsIds=&size=&id=1449455719748&content=<p>s<span style=\"color: rgb(57, 57, 57); font-family: Helvetica, STHeiti, &#39;Droid Sans Fallback&#&author=啥r状态变是迁&title=master状态变迁&source=&color=&titleImage=&hidden=true&priority=&fileAddr=&fileName=&contentShort=s中新社北京12月13日电 中国人民解放军海军于近日组织舰艇编队经西太平洋海域赴南海相关海域进行训练',''),('1450077159815','access','admin','/admin',NULL,'/admin/document/update/1449455716468','POST','editorValue=<p style=\"color: rgb(51, 51, 51); font-family: Simsun; font-size: medium; white-space: normal;\"><spa&channelId=1448843740500&documentTemplete=&keyword=&sourceAddr=&recommend=false&assetsIds=&size=&id=1449455716468&content=<p style=\"color: rgb(51, 51, 51); font-family: Simsun; font-size: medium; white-space: normal;\"><spa&author=啥r状态变是迁&title=master状态变迁&source=&color=&titleImage=&hidden=true&priority=&fileAddr=&fileName=&contentShort=server.slaves里维护所有的slave列表，slave.replstate里记录着每个slave当前的同步状态.1.当master接受到slave发来的sync/psync命令时，将该sla',''),('1450077208177','access','admin','/admin',NULL,'/admin/document/update/1449455716468','POST','editorValue=<p style=\"color: rgb(51, 51, 51); font-family: Simsun; font-size: medium; white-space: normal;\"><spa&channelId=1448843740500&documentTemplete=&keyword=&sourceAddr=&recommend=false&assetsIds=&size=&content=<p style=\"color: rgb(51, 51, 51); font-family: Simsun; font-size: medium; white-space: normal;\"><spa&id=1449455716468&author=啥r状态变是迁&title=master状态变迁&source=&color=&titleImage=&priority=&hidden=true&fileAddr=&fileName=&contentShort=    server.slaves里维护所有的slave列表，slave.replstate里记录着每个slave当前的同步状态.1.当master接受到slave发来的sync/psync命令时，将',''),('1450077240274','access','admin','/admin',NULL,'/admin/document/update/1449455716468','POST','editorValue=<p style=\"color: rgb(51, 51, 51); font-family: Simsun; font-size: medium; white-space: normal;\"><spa&channelId=1448843740500&documentTemplete=&keyword=&sourceAddr=&recommend=false&assetsIds=&size=&content=<p style=\"color: rgb(51, 51, 51); font-family: Simsun; font-size: medium; white-space: normal;\"><spa&id=1449455716468&author=啥r状态变是迁&title=master状态变迁&source=&color=&titleImage=&priority=&hidden=true&fileAddr=&fileName=&contentShort=  server.slaves里维护所有的slave列表，slave.replstate里记录着每个slave当前的同步状态.1.当master接受到slave发来的sync/psync命令时，将该s',''),('1450077259307','access','admin','/admin',NULL,'/admin/document/update/1449455716468','POST','editorValue=<p style=\"color: rgb(51, 51, 51); font-family: Simsun; font-size: medium; white-space: normal;\"><spa&channelId=1448843740500&documentTemplete=&keyword=&sourceAddr=&recommend=false&assetsIds=&size=&content=<p style=\"color: rgb(51, 51, 51); font-family: Simsun; font-size: medium; white-space: normal;\"><spa&id=1449455716468&author=啥r状态变是迁&title=master状态变迁&source=&color=&titleImage=&priority=&hidden=true&fileAddr=&fileName=&contentShort=  server.slaves里维护所有的slave列表，slave.replstate里记录着每个slave当前的同步状态.  1.当master接受到slave发来的sync/psync命令时，将',''),('1450077604188','access','admin','/admin',NULL,'/admin/document/update/1449455716468','POST','editorValue=<p style=\"color: rgb(51, 51, 51); font-family: Simsun; font-size: medium; white-space: normal;\"><spa&channelId=1448843740500&documentTemplete=&keyword=&sourceAddr=&recommend=false&assetsIds=&size=&content=<p style=\"color: rgb(51, 51, 51); font-family: Simsun; font-size: medium; white-space: normal;\"><spa&id=1449455716468&author=啥r状态变是迁&title=master状态变迁&source=&color=&titleImage=&priority=&hidden=true&fileAddr=&fileName=&contentShort=    server.slaves里维护所有的slave列表，slave.replstate里记录着每个slave当前的同步状态.    1.当master接受到slave发来的sync/psync命',''),('1450854333380','access','admin','/admin',NULL,'/admin/channel/update/1445934192714','POST','descrition=&parentIds=1445933910969&sort=1&keyword=医药原料及中间体&code=yyyljzhjt&id=1445934192714&parentId=1445933910969&linkAddr=channel/products/yyyljzhjt&hidden=false&name=医药原料及中间体&channelTemplete=defaultApp/products&asdocument=false&openMode=false&documentId=',''),('1450854351031','access','admin','/admin',NULL,'/admin/channel/update/1445934220786','POST','descrition=无机化工产品&parentIds=1445933910969&sort=2&keyword=无机化工产品&code=wjhgchp&id=1445934220786&parentId=1445933910969&linkAddr=channel/products/wjhgchp&hidden=false&name=无机化工产品&channelTemplete=defaultApp/products&asdocument=false&openMode=false&documentId=',''),('1450854368345','access','admin','/admin',NULL,'/admin/channel/update/1445934282711','POST','descrition=ewwweewfwf&parentIds=1445933910969&sort=3&keyword=香精香料及植物提取物&code=xjxljzhwtqw&id=1445934282711&parentId=1445933910969&linkAddr=channel/products/xjxljzhwtqw&hidden=false&name=香精香料及植物提取物&channelTemplete=defaultApp/products&asdocument=false&openMode=false&documentId=',''),('1450863034958','access','admin','/admin',NULL,'/admin/resource/update/1444573320799','POST','parentId=&sort=0&name=关于系统&authName=&path=&type=menu',''),('1450863061356','access','admin','/admin',NULL,'/admin/resource/update/1444573320799','POST','parentId=&sort=1&name=关于系统&authName=&path=&type=menu',''),('1450863089363','access','admin','/admin',NULL,'/admin/resource/update/1444573320799','POST','parentId=&sort=2&name=关于系统&authName=&path=&type=menu',''),('1450863108175','access','admin','/admin',NULL,'/admin/resource/update/1444987149377','POST','parentId=&sort=3&name=数据库&authName=&path=&type=menu',''),('1450863129812','access','admin','/admin',NULL,'/admin/resource/update/1445075669752','POST','parentId=&sort=4&name=栏目&authName=channel:*&path=/channel&type=menu',''),('1450863154537','access','admin','/admin',NULL,'/admin/resource/update/1445075702637','POST','parentId=&sort=5&name=文档&authName=document:*&path=/document&type=menu',''),('1450863165567','access','admin','/admin',NULL,'/admin/resource/update/1449130042353','POST','parentId=&sort=6&name=页面生成&authName=htmlgenerate:view&path=/htmlgenerate&type=menu',''),('1450933191944','access','admin','/admin',NULL,'/admin/document/create','POST','editorValue=&channelId=1445933910969&documentTemplete=&keyword=&geneTemplate=template/doc.ftl&sourceAddr=&recommend=true&assetsIds=&size=&content=&author=婚纱&title=好舒服&source=&titleImage=&color=&mGeneTemplate=&hidden=true&priority=&fileAddr=&fileName=&contentShort=',''),('1450933256273','access','admin','/admin',NULL,'/admin/document/create','POST','editorValue=<p>为V我V我V我V我V</p>&channelId=1446965194084&documentTemplete=&keyword=好舒服&geneTemplate=template/doc.ftl&sourceAddr=&recommend=true&assetsIds=&size=&content=<p>为V我V我V我V我V</p>&author=婚纱&title=好舒服&source=&titleImage=&color=&mGeneTemplate=template/m-doc.ftl&hidden=true&priority=&fileAddr=&fileName=&contentShort=为V我V我V我V我V',''),('1450961901048','access','admin','/admin',NULL,'/admin/document/update/1445940554062','POST','editorValue=<p style=\"border: 0px; margin-top: 0px; margin-bottom: 0px; padding: 5px 0px; line-height: 22px; tex&channelId=1445933697685&documentTemplete=doc.jsp&keyword=&geneTemplate=template/doc.ftl&sourceAddr=&recommend=false&assetsIds=&size=&content=<p style=\"border: 0px; margin-top: 0px; margin-bottom: 0px; padding: 5px 0px; line-height: 22px; tex&id=1445940554062&author=&title=关于我们&source=&color=&titleImage=&hidden=true&mGeneTemplate=template/m-doc.ftl&priority=&fileAddr=&fileName=&contentShort=关于IT技术精华网作为一名程序员，在工作中，会遇到各种问题。每天都会用搜索引擎去搜索各种问题，搜索结果鱼目混杂，找一个比较准确的结果比较困难，于是我就产生了这样一个想法，把一些互联网中的精华内容进行分',''),('1451026204677','access','admin','/admin',NULL,'/admin/document/update/1445940554062','POST','editorValue=<p style=\"border: 0px; margin-top: 0px; margin-bottom: 0px; padding: 5px 0px; line-height: 22px; tex&channelId=1445933697685&documentTemplete=doc.jsp&keyword=&geneTemplate=template/aboutus.ftl&sourceAddr=&recommend=false&assetsIds=&size=&content=<p style=\"border: 0px; margin-top: 0px; margin-bottom: 0px; padding: 5px 0px; line-height: 22px; tex&id=1445940554062&author=&title=关于我们&source=&color=&titleImage=&hidden=true&mGeneTemplate=template/m-doc.ftl&priority=&fileAddr=&fileName=&contentShort=关于IT技术精华网作为一名程序员，在工作中，会遇到各种问题。每天都会用搜索引擎去搜索各种问题，搜索结果鱼目混杂，找一个比较准确的结果比较困难，于是我就产生了这样一个想法，把一些互联网中的精华内容进行分',''),('1451027865966','access','admin','/admin',NULL,'/admin/document/update/1445940554062','POST','editorValue=<p style=\"border: 0px; margin-top: 0px; margin-bottom: 0px; padding: 5px 0px; line-height: 22px; tex&channelId=1445933697685&documentTemplete=aboutus.jsp&keyword=&geneTemplate=template/aboutus.ftl&sourceAddr=&recommend=false&assetsIds=&size=&content=<p style=\"border: 0px; margin-top: 0px; margin-bottom: 0px; padding: 5px 0px; line-height: 22px; tex&id=1445940554062&author=&title=关于我们&source=&color=&titleImage=&hidden=true&mGeneTemplate=template/m-doc.ftl&priority=&fileAddr=&fileName=&contentShort=关于IT技术精华网作为一名程序员，在工作中，会遇到各种问题。每天都会用搜索引擎去搜索各种问题，搜索结果鱼目混杂，找一个比较准确的结果比较困难，于是我就产生了这样一个想法，把一些互联网中的精华内容进行分',''),('1451027895787','access','admin','/admin',NULL,'/admin/document/update/1445940554062','POST','editorValue=<p style=\"border: 0px; margin-top: 0px; margin-bottom: 0px; padding: 5px 0px; line-height: 22px; tex&channelId=1445933697685&documentTemplete=aboutus.jsp&keyword=&geneTemplate=template/aboutus.ftl&sourceAddr=&recommend=false&assetsIds=&size=&content=<p style=\"border: 0px; margin-top: 0px; margin-bottom: 0px; padding: 5px 0px; line-height: 22px; tex&id=1445940554062&author=&title=关于我们&source=&color=&titleImage=&hidden=true&mGeneTemplate=template/m-doc.ftl&priority=&fileAddr=&fileName=&contentShort=关于IT技术精华网作为一名程序员，在工作中，会遇到各种问题。每天都会用搜索引擎去搜索各种问题，搜索结果鱼目混杂，找一个比较准确的结果比较困难，于是我就产生了这样一个想法，把一些互联网中的精华内容进行分',''),('1451268825186','access','admin','/admin',NULL,'/admin/user/deleteById','POST','idstring=2,1449828418765,1449721304203,1449721161870,1448013926333,1447323828505,1446339647047,1444876158506,',''),('1451530993913','access','admin','/admin',NULL,'/admin/channel/deleteById','POST','idstring=1445934468960,1445933910969,1446965194084,1445933697685',''),('1451531200141','access','admin','/admin',NULL,'/admin/channel/create','POST','descrition=JCINCMS是集简单、健壮、灵活、开源几大特点的开源内容管理系统,目前占领了国内开源CMS的大部份市场，目前已经有超过三十万个站点正在使用&parentId=&parentIds=&linkAddr=channel/product&sort=&hidden=false&name=产品&keyword=product,timeswo,cms,java,jsp,开源免费&channelTemplete=&code=product&openMode=false&asdocument=false&documentId=',''),('1451531531302','access','admin','/admin',NULL,'/admin/channel/create','POST','descrition=JCINCMSCMS是基于Java集成spring，mybatis开发的一款内容管理系统，有着高效，安全，简单，易用等特点&parentId=&parentIds=&linkAddr=channel/cases&sort=&hidden=false&name=案例中心&keyword=JCINCMS,Java,开源免费,安全&channelTemplete=&code=cases&openMode=false&asdocument=false&documentId=',''),('1451532049636','access','admin','/admin',NULL,'/admin/channel/create','POST','descrition=JCINCMSCMS是基于Java集成spring，mybatis开发的一款内容管理系统，有着高效，安全，简单，易用等特点&parentId=&parentIds=&linkAddr=channel/aboutus&sort=1&hidden=false&name=关于我们&keyword=JCINCMS,Java,开源免费,安全&channelTemplete=&code=aboutus&openMode=false&asdocument=false&documentId=',''),('1451532077992','access','admin','/admin',NULL,'/admin/channel/create','POST','descrition=JCINCMSCMS是基于Java集成spring，mybatis开发的一款内容管理系统，有着高效，安全，简单，易用等特点&parentId=&parentIds=&linkAddr=channel/news&sort=1&hidden=false&name=时沃动态&keyword=JCINCMS,Java,开源免费,安全&channelTemplete=&code=news&openMode=false&asdocument=false&documentId=',''),('1451539099415','access','admin','/admin',NULL,'/admin/channel/create','POST','descrition=文档，JCINCMS文档&parentId=&parentIds=&linkAddr=channel/documents&sort=&hidden=false&name=文档&keyword=documents&channelTemplete=&code=documents&openMode=false&asdocument=false&documentId=',''),('1451539336028','access','admin','/admin',NULL,'/admin/channel/create','POST','descrition=purchase,JCINCMS，购买服务&parentId=1451531199872&parentIds=1451531199872&linkAddr=channel/product/purchase&sort=&hidden=false&name=购买&keyword=purchase,JCINCMS，购买服务&channelTemplete=&code=purchase&openMode=false&asdocument=false&documentId=',''),('1451539451701','access','admin','/admin',NULL,'/admin/channel/create','POST','descrition=JCINCMS是集简单、健壮、灵活、开源几大特点的开源内容管理系统,目前占领了国内开源CMS的大部份市场，目前已经有超过三十万个站点正在使用&parentId=1451531199872&parentIds=1451531199872&linkAddr=channel/product/building&sort=&hidden=false&name=网站建设&keyword=building,网站建设&channelTemplete=&code=building&openMode=false&asdocument=false&documentId=',''),('1451539499514','access','admin','/admin',NULL,'/admin/channel/create','POST','descrition=JCINCMS是集简单、健壮、灵活、开源几大特点的开源内容管理系统,目前占领了国内开源CMS的大部份市场，目前已经有超过三十万个站点正在使用&parentId=1451531199872&parentIds=1451531199872&linkAddr=channel/product/development&sort=2&hidden=false&name=功能定制&keyword=building,网站建设&channelTemplete=&code=development&openMode=false&asdocument=false&documentId=',''),('1451539571938','access','admin','/admin',NULL,'/admin/channel/create','POST','descrition=JCINCMS是集简单、健壮、灵活、开源几大特点的开源内容管理系统,目前占领了国内开源CMS的大部份市场，目前已经有超过三十万个站点正在使用&parentId=1451531199872&parentIds=1451531199872&linkAddr=channel/product/process&sort=&hidden=false&name=购买流程&keyword=process,购买流程&channelTemplete=&code=process&openMode=false&asdocument=false&documentId=',''),('1451540573406','access','admin','/admin',NULL,'/admin/document/create','POST','editorValue=<table class=\"purch-table\" width=\"100%\" border=\"0\" cellpadding=\"0\" cellspacing=\"0\" style=\"border-top&channelId=1451539335929&documentTemplete=&keyword=&geneTemplate=&sourceAddr=&recommend=false&assetsIds=&size=&content=<table class=\"purch-table\" width=\"100%\" border=\"0\" cellpadding=\"0\" cellspacing=\"0\" style=\"border-top&author=&title=购买&source=&titleImage=&color=&mGeneTemplate=&hidden=true&priority=&fileAddr=&fileName=&contentShort=版本类型开源版商业授权版前后台版权信息需保留允许去除系统功能网站常用功能更多企业级功能使用年限永久永久升级年限永久永久网站数量1个1个授权价格免费5800元服务范围服务类型明细商业授权企业普通型企业增',''),('1451540596201','access','admin','/admin',NULL,'/admin/channel/update/1451539335929','POST','id=1451539335929&descrition=purchase,JCINCMS，购买服务&parentId=1451531199872&parentIds=1451531199872&linkAddr=channel/product/purchase&sort=1&hidden=false&name=购买&keyword=purchase,JCINCMS，购买服务&code=purchase&openMode=false&asdocument=true&documentId=1451540573193',''),('1451542817725','access','admin','/admin',NULL,'/admin/document/update/1451540573193','POST','editorValue=<table><tbody><tr class=\"firstRow\"><td width=\"244\" valign=\"top\" style=\"word-break: break-all;\">基础服务<&channelId=1451539335929&documentTemplete=&keyword=&geneTemplate=&sourceAddr=&recommend=false&assetsIds=&size=&content=<table><tbody><tr class=\"firstRow\"><td width=\"244\" valign=\"top\" style=\"word-break: break-all;\">基础服务<&id=1451540573193&author=&title=购买&source=&color=&titleImage=&hidden=true&mGeneTemplate=&priority=&fileAddr=&fileName=&contentShort=基础服务增强型服务高级服务VIP服务',''),('1451543061433','access','admin','/admin',NULL,'/admin/document/update/1451540573193','POST','editorValue=<p>(商业授权用户专属服务套餐)</p><table border=\"0\" align=\"center\" cellpadding=\"0\" cellspacing=\"0\" class=\"table\">&channelId=1451539335929&documentTemplete=&keyword=&geneTemplate=&sourceAddr=&recommend=false&assetsIds=&size=&content=<p>(商业授权用户专属服务套餐)</p><table border=\"0\" align=\"center\" cellpadding=\"0\" cellspacing=\"0\" class=\"table\">&id=1451540573193&author=&title=购买&source=&color=&titleImage=&hidden=true&mGeneTemplate=&priority=&fileAddr=&fileName=&contentShort=(商业授权用户专属服务套餐)服务说明基础型服务标准型服务高级型服务E-mail 支持 [?]√√√网站客服中心支持 [?]√√√QQ/MSN 支持 [?]√√√电话支持 [?]√√√程序BUG反馈√√',''),('1451548936416','access','admin','/admin',NULL,'/admin/document/deleteById','POST','idstring=1451540573193',''),('1451549045087','access','admin','/admin',NULL,'/admin/document/create','POST','editorValue=&channelId=1451531199872&documentTemplete=&keyword=购买，purchase&geneTemplate=&sourceAddr=&recommend=false&assetsIds=&size=&content=&author=purchase&title=购买&source=&titleImage=&color=&mGeneTemplate=&hidden=true&priority=&fileAddr=&fileName=&contentShort=',''),('1451549065411','access','admin','/admin',NULL,'/admin/channel/update/1451539335929','POST','descrition=purchase,JCINCMS，购买服务&parentIds=1451531199872&sort=1&keyword=purchase,JCINCMS，购买服务&code=purchase&id=1451539335929&parentId=1451531199872&linkAddr=channel/product/purchase&hidden=false&name=购买&channelTemplete=&asdocument=true&openMode=false&documentId=1451549044980',''),('1451549125145','access','admin','/admin',NULL,'/admin/document/update/1451549044980','POST','editorValue=<table><tbody><tr class=\"firstRow\"><td class=\"line-content\">(商业授权用户专属服务套餐)</td><td class=\"line-conte&channelId=1451531199872&documentTemplete=&keyword=购买，purchase&geneTemplate=&sourceAddr=&recommend=false&assetsIds=&size=&content=<table><tbody><tr class=\"firstRow\"><td class=\"line-content\">(商业授权用户专属服务套餐)</td><td class=\"line-conte&id=1451549044980&author=purchase&title=购买&source=&color=&titleImage=&hidden=true&mGeneTemplate=&priority=&fileAddr=&fileName=&contentShort=(商业授权用户专属服务套餐)<table border=\"0\" align=\"center\" cellpadding=\"0\" cellspacing=\"0\" class=\"table\">	<thead',''),('1451549539997','access','admin','/admin',NULL,'/admin/document/update/1451549044980','POST','editorValue=<p>时代发生哈额发而为</p>&channelId=1451531199872&documentTemplete=&keyword=购买，purchase&geneTemplate=&sourceAddr=&recommend=false&assetsIds=&size=&content=<p>时代发生哈额发而为</p>&id=1451549044980&author=purchase&title=购买&source=&color=&titleImage=&hidden=true&mGeneTemplate=&priority=&fileAddr=&fileName=&contentShort=时代发生哈额发而为',''),('1451553030707','access','admin','/admin',NULL,'/admin/channel/update/1451539335929','POST','descrition=purchase,JCINCMS，购买服务&parentIds=1451531199872&sort=1&keyword=purchase,JCINCMS，购买服务&image=/upload/1/20151231_051025.jpg&code=purchase&id=1451539335929&parentId=1451531199872&linkAddr=channel/product/purchase&hidden=false&name=购买&channelTemplete=&asdocument=true&openMode=false&documentId=1451549044980',''),('1451553899279','access','admin','/admin',NULL,'/admin/channel/update/1451531199872','POST','descrition=JCINCMS是集简单、健壮、灵活、开源几大特点的开源内容管理系统,目前占领了国内开源CMS的大部份市场，目前已经有超过三十万个站点正在使用&parentIds=&sort=1&keyword=product,timeswo,cms,java,jsp,开源免费&image=/upload/1/20151231_052456.jpg&code=product&id=1451531199872&parentId=&linkAddr=channel/product&hidden=false&name=产品&channelTemplete=&asdocument=false&openMode=false&documentId=',''),('1451554548067','access','admin','/admin',NULL,'/admin/channel/update/1451531199872','POST','descrition=JCINCMS是集简单、健壮、灵活、开源几大特点的开源内容管理系统,目前占领了国内开源CMS的大部份市场，目前已经有超过三十万个站点正在使用是&parentIds=&sort=1&keyword=product,timeswo,cms,java,jsp,开源免费&image=/upload/1/20151231_052456.jpg&code=product&id=1451531199872&parentId=&linkAddr=channel/product&hidden=false&name=产品&channelTemplete=&openMode=false&asdocument=false&documentId=',''),('1451554767191','access','admin','/admin',NULL,'/admin/channel/update/1451531199872','POST','descrition=JCINCMS是集简单、健壮、灵活、开源几大特点的开源内容管理系统,目前占领了国内开源CMS的大部份市场，目前已经有超过三十万个站点正在使用是&parentIds=&sort=1&keyword=product,timeswo,cms,java,jsp,开源免费&image=&code=product&id=1451531199872&parentId=&linkAddr=channel/product&hidden=false&name=产品&channelTemplete=&asdocument=false&openMode=false&documentId=',''),('1451554883573','access','admin','/admin',NULL,'/admin/channel/create','POST','descrition=JCINCMS,公司因业务拓展需要招聘Java以及页面设计师&parentIds=&sort=&keyword=招聘,hire&image=&code=hire&parentId=&linkAddr=channel/hire&hidden=false&name=招聘&channelTemplete=&openMode=false&asdocument=false&documentId=',''),('1451555062482','access','admin','/admin',NULL,'/admin/channel/create','POST','descrition=联系我们,contactus&parentIds=1451532049377&sort=&keyword=联系我们,contactus&image=&code=contactus&parentId=1451532049377&linkAddr=channel/aboutus/contactus&hidden=false&name=联系我们&channelTemplete=&openMode=false&asdocument=false&documentId=',''),('1451555209006','access','admin','/admin',NULL,'/admin/channel/create','POST','descrition=JCINCMS是集简单、健壮、灵活、开源几大特点的开源内容管理系统,目前占领了国内开源CMS的大部份市场，目前已经有超过三十万个站点正在使用是&parentIds=1451532049377&sort=&keyword=服务网络,service&image=&code=servicenet&parentId=1451532049377&linkAddr=channel/aboutus/servicenet&hidden=false&name=服务网络&channelTemplete=&openMode=false&asdocument=false&documentId=',''),('1451555446941','access','admin','/admin',NULL,'/admin/channel/create','POST','descrition=JCINCMS是集简单、健壮、灵活、开源几大特点的开源内容管理系统,目前占领了国内开源CMS的大部份市场，目前已经有超过三十万个站点正在使用&parentIds=1451532049377&sort=&keyword=企业文化&image=&code=culture&parentId=1451532049377&linkAddr=channel/aboutus/culture&hidden=false&name=企业文化&channelTemplete=&openMode=false&asdocument=false&documentId=',''),('1451555705821','access','admin','/admin',NULL,'/admin/document/deleteById','POST','idstring=1451549044980',''),('1451556536936','access','admin','/admin',NULL,'/admin/document/create','POST','editorValue=<p><span style=\"font-family: 微软雅黑, &#39;Microsoft YaHei&#39;;\">&nbsp;&nbsp;&nbsp;&nbsp;时沃网络科技是一家基于Ja&channelId=1451532049377&documentTemplete=&keyword=公司简介&geneTemplate=&sourceAddr=&recommend=false&assetsIds=&size=&content=<p><span style=\"font-family: 微软雅黑, &#39;Microsoft YaHei&#39;;\">&nbsp;&nbsp;&nbsp;&nbsp;时沃网络科技是一家基于Ja&author=&title=公司简介&source=&titleImage=&color=&mGeneTemplate=&hidden=true&priority=&fileAddr=&fileName=&contentShort=    时沃网络科技是一家基于Java开发面向中小企业的高新科技公司，时沃人不懈奋斗，努力开拓，服务于客户，立足于为客户创造价值，致力于为企业提供优质的网站服务，微信公众号开发服务，软件应用，移动Ap',''),('1451556771271','access','admin','/admin',NULL,'/admin/channel/update/1451532049377','POST','descrition=JCINCMSCMS是基于Java集成spring，mybatis开发的一款内容管理系统，有着高效，安全，简单，易用等特点&parentIds=&sort=1&keyword=JCINCMS,Java,开源免费,安全&image=&code=aboutus&id=1451532049377&parentId=&linkAddr=channel/aboutus&hidden=false&name=关于我们&openMode=false&asdocument=true&documentId=1451556536767',''),('1451557504490','access','admin','/admin',NULL,'/admin/document/create','POST','editorValue=<p><span style=\"font-family: 微软雅黑, &#39;Microsoft YaHei&#39;;\">业务人员</span></p><p><span style=\"font-f&channelId=1451554883394&documentTemplete=&keyword=&geneTemplate=&sourceAddr=&recommend=false&assetsIds=&size=&content=<p><span style=\"font-family: 微软雅黑, &#39;Microsoft YaHei&#39;;\">业务人员</span></p><p><span style=\"font-f&author=&title=招聘&source=&titleImage=&color=&mGeneTemplate=&hidden=true&priority=&fileAddr=&fileName=&contentShort=业务人员岗位职责和要求：1、善于沟通，把握客户需求；2、思维严谨，工作目标明确，抗压能力强；3、有计算机行业背景堪佳；Java高级开发工程师岗位职责和要求：1、计算机软件相关专业，本科及以上学历；2、',''),('1451557540063','access','admin','/admin',NULL,'/admin/channel/update/1451554883394','POST','descrition=JCINCMS,公司因业务拓展需要招聘Java以及页面设计师&parentIds=&sort=1&keyword=招聘,hire&image=&code=hire&id=1451554883394&parentId=&linkAddr=channel/hire&hidden=false&name=招聘&openMode=false&asdocument=true&documentId=1451557504428',''),('1451557589513','access','admin','/admin',NULL,'/admin/document/create','POST','editorValue=<p><span style=\"font-family: 微软雅黑, &#39;Microsoft YaHei&#39;; font-size: 14px;\">业务人员</span></p><p><s&channelId=1451554883394&documentTemplete=&keyword=&geneTemplate=&sourceAddr=&recommend=false&assetsIds=&size=&content=<p><span style=\"font-family: 微软雅黑, &#39;Microsoft YaHei&#39;; font-size: 14px;\">业务人员</span></p><p><s&author=&title=招聘&source=&titleImage=&color=&mGeneTemplate=&hidden=true&priority=&fileAddr=&fileName=&contentShort=业务人员岗位职责和要求：1、善于沟通，把握客户需求；2、思维严谨，工作目标明确，抗压能力强；3、有计算机行业背景堪佳；Java高级开发工程师岗位职责和要求：1、计算机软件相关专业，本科及以上学历；2、',''),('1451557677604','access','admin','/admin',NULL,'/admin/document/create','POST','editorValue=<p><span style=\"font-family: 微软雅黑, &#39;Microsoft YaHei&#39;; font-size: 14px;\">业务人员</span></p><p><s&channelId=1451554883394&documentTemplete=&keyword=&geneTemplate=&sourceAddr=&recommend=false&assetsIds=&size=&content=<p><span style=\"font-family: 微软雅黑, &#39;Microsoft YaHei&#39;; font-size: 14px;\">业务人员</span></p><p><s&author=&title=招聘&source=&titleImage=&color=&mGeneTemplate=&hidden=true&priority=&fileAddr=&fileName=&contentShort=业务人员岗位职责和要求：1、善于沟通，把握客户需求；2、思维严谨，工作目标明确，抗压能力强；3、有计算机行业背景堪佳；Java高级开发工程师岗位职责和要求：1、计算机软件相关专业，本科及以上学历；2、',''),('1451558431004','access','admin','/admin',NULL,'/admin/document/create','POST','editorValue=<p style=\"line-height: normal;\"><span style=\"font-family: 微软雅黑, &#39;Microsoft YaHei&#39;; font-size&channelId=1451554883394&documentTemplete=&keyword=&geneTemplate=&sourceAddr=&recommend=false&assetsIds=&size=&content=<p style=\"line-height: normal;\"><span style=\"font-family: 微软雅黑, &#39;Microsoft YaHei&#39;; font-size&author=&title=招聘&source=&titleImage=&color=&mGeneTemplate=&hidden=true&priority=&fileAddr=&fileName=&contentShort=业务人员岗位职责和要求：1、善于沟通，把握客户需求；2、思维严谨，工作目标明确，抗压能力强；3、有计算机行业背景堪佳；Java高级开发工程师岗位职责和要求：1、计算机软件相关专业，本科及以上学历；2、',''),('1451559735766','access','admin','/admin',NULL,'/admin/document/deleteById','POST','idstring=1451557677543,1451557589452,1451557504428',''),('1451559766881','access','admin','/admin',NULL,'/admin/channel/update/1451554883394','POST','descrition=JCINCMS,公司因业务拓展需要招聘Java以及页面设计师&parentIds=&sort=1&keyword=招聘,hire&image=&code=hire&id=1451554883394&parentId=&linkAddr=channel/hire&hidden=false&name=招聘&channelTemplete=&openMode=false&asdocument=true&documentId=1451557504428',''),('1451559826679','access','admin','/admin',NULL,'/admin/document/update/1451558430895','POST','editorValue=<p style=\"line-height: normal;\"><span style=\"font-family: 微软雅黑, &#39;Microsoft YaHei&#39;; font-size&channelId=1451554883394&documentTemplete=&keyword=&geneTemplate=&sourceAddr=&recommend=false&assetsIds=&size=&id=1451558430895&content=<p style=\"line-height: normal;\"><span style=\"font-family: 微软雅黑, &#39;Microsoft YaHei&#39;; font-size&author=&title=招聘&source=&color=&titleImage=&mGeneTemplate=&hidden=true&priority=&fileAddr=&fileName=&contentShort=业务人员岗位职责和要求：1、善于沟通，把握客户需求；2、思维严谨，工作目标明确，抗压能力强；3、有计算机行业背景堪佳；Java高级开发工程师岗位职责和要求：1、计算机软件相关专业，本科及以上学历；2、',''),('1451559841042','access','admin','/admin',NULL,'/admin/channel/update/1451554883394','POST','descrition=JCINCMS,公司因业务拓展需要招聘Java以及页面设计师&parentIds=&sort=1&keyword=招聘,hire&image=&code=hire&id=1451554883394&parentId=&linkAddr=channel/hire&hidden=false&name=招聘&channelTemplete=&asdocument=true&openMode=false&documentId=1451558430895',''),('1451559926120','access','admin','/admin',NULL,'/admin/document/update/1451556536767','POST','editorValue=<p><span style=\"font-family: 微软雅黑, &#39;Microsoft YaHei&#39;;\">&nbsp;&nbsp;&nbsp;&nbsp;时沃网络科技是一家基于Ja&channelId=1451532049377&documentTemplete=aboutus.jsp&keyword=公司简介&geneTemplate=&sourceAddr=&recommend=false&assetsIds=&size=&id=1451556536767&content=<p><span style=\"font-family: 微软雅黑, &#39;Microsoft YaHei&#39;;\">&nbsp;&nbsp;&nbsp;&nbsp;时沃网络科技是一家基于Ja&author=&title=公司简介&source=&color=&titleImage=&mGeneTemplate=&hidden=true&priority=&fileAddr=&fileName=&contentShort=    时沃网络科技是一家基于Java开发面向中小企业的高新科技公司，时沃人不懈奋斗，努力开拓，服务于客户，立足于为客户创造价值，致力于为企业提供优质的网站服务，微信公众号开发服务，软件应用，移动Ap',''),('1451561001088','access','admin','/admin',NULL,'/admin/channel/create','POST','descrition=&parentIds=1451532049377,1451555062363&sort=&keyword=&image=&code=testwee&parentId=1451555062363&linkAddr=channel/aboutus/contactus/testwee&hidden=false&name=test&channelTemplete=&openMode=false&asdocument=false&documentId=',''),('1451636075180','access','admin','/admin',NULL,'/admin/channel/create','POST','descrition=efwfwf&parentIds=1451532049377,1451555062363&sort=&keyword=&image=&code=testa&parentId=1451555062363&linkAddr=channel/aboutus/contactus/testa&hidden=false&name=test1&channelTemplete=&openMode=false&asdocument=false&documentId=',''),('1451636108880','access','admin','/admin',NULL,'/admin/channel/create','POST','descrition=efwfwf&parentIds=1451532049377,1451555062363,1451561001022&sort=2&keyword=&image=&code=testaa&parentId=1451561001022&linkAddr=channel/aboutus/contactus/testwee/testaa&hidden=false&name=test11&channelTemplete=&openMode=false&asdocument=false&documentId=',''),('1451639667711','access','admin','/admin',NULL,'/admin/channel/deleteById','POST','idstring=1451539335929,1451539451600,1451539499355,1451539571837',''),('1451639824032','access','admin','/admin',NULL,'/admin/channel/create','POST','descrition=JCINCMS是集简单、健壮、灵活、安全几大特点的内容管理系统，目前已经有超过三十万个站点正在使用&parentIds=1451531199872&sort=&keyword=Java，JCINCMS，产品&image=&code=summary&parentId=1451531199872&linkAddr=channel/product/summary&hidden=false&name=产品概述&channelTemplete=&openMode=false&asdocument=false&documentId=',''),('1451639886546','access','admin','/admin',NULL,'/admin/channel/create','POST','descrition=JCINCMS是集简单、健壮、灵活、安全几大特点的内容管理系统，目前已经有超过三十万个站点正在使用&parentIds=1451531199872&sort=1&keyword=Java，JCINCMS，产品特性，免费&image=&code=property&parentId=1451531199872&linkAddr=channel/product/property&hidden=false&name=产品特性&channelTemplete=&openMode=false&asdocument=false&documentId=',''),('1451639970324','access','admin','/admin',NULL,'/admin/channel/create','POST','descrition=JCINCMS是集简单、健壮、灵活、安全几大特点的内容管理系统，目前已经有超过三十万个站点正在使用&parentIds=1451531199872&sort=&keyword=Java，JCINCMS，运行环境，免费&image=&code=environment&parentId=1451531199872&linkAddr=channel/product/environment&hidden=false&name=运行环境&channelTemplete=&openMode=false&asdocument=false&documentId=',''),('1451640151452','access','admin','/admin',NULL,'/admin/channel/create','POST','descrition=JCINCMS是集简单、健壮、灵活、安全几大特点的内容管理系统，目前已经有超过三十万个站点正在使用&parentIds=1451531199872&sort=&keyword=Java，JCINCMS，产品体验，免费&image=&code=experience&parentId=1451531199872&linkAddr=channel/product/experience&hidden=false&name=产品体验&channelTemplete=&openMode=false&asdocument=false&documentId=',''),('1451640184115','access','admin','/admin',NULL,'/admin/channel/deleteById','POST','idstring=1451561001022,1451636074949',''),('1451640425356','access','admin','/admin',NULL,'/admin/document/update/1451556536767','POST','editorValue=<p><span style=\"font-family: 微软雅黑, &#39;Microsoft YaHei&#39;;\">&nbsp;&nbsp;&nbsp;&nbsp;时沃网络科技是一家基于Ja&channelId=1451532049377&documentTemplete=aboutus.jsp&keyword=公司简介&geneTemplate=&sourceAddr=&recommend=false&assetsIds=&size=&content=<p><span style=\"font-family: 微软雅黑, &#39;Microsoft YaHei&#39;;\">&nbsp;&nbsp;&nbsp;&nbsp;时沃网络科技是一家基于Ja&id=1451556536767&author=&title=公司简介&source=&color=&titleImage=&hidden=true&mGeneTemplate=&priority=&fileAddr=&fileName=&contentShort=    时沃网络科技是一家基于Java开发面向中小企业的高新科技公司，我们不懈奋斗，努力开拓，服务于客户，立足于为客户创造价值，致力于为企业提供优质的网站服务，微信公众号开发服务，软件应用，移动App',''),('1451641173333','access','admin','/admin',NULL,'/admin/document/create','POST','editorValue=<p><span style=\"font-family: 微软雅黑, &#39;Microsoft YaHei&#39;;\">&nbsp;&nbsp;&nbsp;&nbsp;公司本部设置在广州，在其它&channelId=1451555208927&documentTemplete=&keyword=timeswo时沃,服务网络&geneTemplate=&sourceAddr=&recommend=false&assetsIds=&size=&content=<p><span style=\"font-family: 微软雅黑, &#39;Microsoft YaHei&#39;;\">&nbsp;&nbsp;&nbsp;&nbsp;公司本部设置在广州，在其它&author=&title=服务网络&source=&titleImage=&color=&mGeneTemplate=&hidden=true&priority=&fileAddr=&fileName=&contentShort=    公司本部设置在广州，在其它若干城市也设有业务代表，欢迎联系我们。    上海——业务代表：何先生 电话：192 1730 0512    广州——业务代表：黄先生 电话：158 7532 70',''),('1451641276561','access','admin','/admin',NULL,'/admin/document/update/1451641173216','POST','editorValue=<p><span style=\"font-family: 微软雅黑, &#39;Microsoft YaHei&#39;;\">&nbsp;&nbsp;&nbsp;&nbsp;公司本部设置在广州，在其它&channelId=1451555208927&documentTemplete=servicenet.jsp&keyword=timeswo时沃,服务网络&geneTemplate=&sourceAddr=&recommend=false&assetsIds=&size=&content=<p><span style=\"font-family: 微软雅黑, &#39;Microsoft YaHei&#39;;\">&nbsp;&nbsp;&nbsp;&nbsp;公司本部设置在广州，在其它&id=1451641173216&author=&title=服务网络&source=&color=&titleImage=&hidden=true&mGeneTemplate=&priority=&fileAddr=&fileName=&contentShort=    公司本部设置在广州，在其它若干城市也设有业务代表，欢迎联系我们。    上海——业务代表：何先生 电话：192 1730 0512    广州——业务代表：黄先生 电话：158 7532 70',''),('1451641336745','access','admin','/admin',NULL,'/admin/channel/update/1451555208927','POST','descrition=JCINCMS是集简单、健壮、灵活、开源几大特点的开源内容管理系统,目前占领了国内开源CMS的大部份市场，目前已经有超过三十万个站点正在使用是&parentIds=1451532049377&sort=2&keyword=服务网络,service&image=&code=servicenet&id=1451555208927&parentId=1451532049377&linkAddr=channel/aboutus/servicenet&hidden=false&name=服务网络&openMode=false&asdocument=true&documentId=1451641173216',''),('1451641746834','access','admin','/admin',NULL,'/admin/document/update/1451641173216','POST','editorValue=<p><span style=\"font-family: 微软雅黑, &#39;Microsoft YaHei&#39;;\">&nbsp;&nbsp;&nbsp;&nbsp;公司本部设置在广州，在其它&channelId=1451555208927&keyword=timeswo时沃,服务网络&documentTemplete=aboutus.jsp&geneTemplate=&sourceAddr=&recommend=false&assetsIds=&size=&id=1451641173216&content=<p><span style=\"font-family: 微软雅黑, &#39;Microsoft YaHei&#39;;\">&nbsp;&nbsp;&nbsp;&nbsp;公司本部设置在广州，在其它&author=&title=服务网络&source=&color=&titleImage=&hidden=true&mGeneTemplate=&priority=&fileAddr=&fileName=&contentShort=    公司本部设置在广州，在其它若干城市也设有业务代表，欢迎联系我们。    上海——业务代表：何先生 电话：192 1730 0512    广州——业务代表：黄先生 电话：158 7532 70',''),('1451641894711','access','admin','/admin',NULL,'/admin/document/create','POST','editorValue=<p style=\"margin: 0px 10px 20px 30px; padding: 0px; line-height: 22px; font-family: Arial, Helvetica&channelId=1451555062363&documentTemplete=aboutus.jsp&keyword=联系我们&geneTemplate=&sourceAddr=&recommend=false&assetsIds=&size=&content=<p style=\"margin: 0px 10px 20px 30px; padding: 0px; line-height: 22px; font-family: Arial, Helvetica&author=&title=联系我们&source=&titleImage=&color=&mGeneTemplate=&hidden=true&priority=&fileAddr=&fileName=&contentShort=新开普电子股份有限公司地址：郑州市高新技术产业开发区迎春街18号全国统一服务热线：4006 300248销售热线电话：4006300248转1售后服务热线传真：0371-56599840工程维修热线电',''),('1451641949727','access','admin','/admin',NULL,'/admin/channel/update/1451555062363','POST','descrition=联系我们,contactus&parentIds=1451532049377&sort=1&keyword=联系我们,contactus&image=&code=contactus&id=1451555062363&parentId=1451532049377&linkAddr=channel/aboutus/contactus&hidden=false&name=联系我们&openMode=false&asdocument=true&documentId=1451641894582',''),('1451642029130','access','admin','/admin',NULL,'/admin/document/create','POST','editorValue=<p style=\"margin: 0px 10px 20px 30px; padding: 0px; line-height: 22px; font-family: Arial, Helvetica&channelId=1451555062363&documentTemplete=aboutus.jsp&keyword=联系我们&geneTemplate=&sourceAddr=&recommend=false&assetsIds=&size=&content=<p style=\"margin: 0px 10px 20px 30px; padding: 0px; line-height: 22px; font-family: Arial, Helvetica&author=&title=联系我们&source=&titleImage=&color=&mGeneTemplate=&hidden=true&priority=&fileAddr=&fileName=&contentShort=新开普电子股份有限公司地址：郑州市高新技术产业开发区迎春街18号全国统一服务热线：4006 300248销售热线电话：4006300248转1售后服务热线传真：0371-56599840工程维修热线电',''),('1451642048561','access','admin','/admin',NULL,'/admin/document/deleteById','POST','idstring=1451642029051',''),('1451642071497','access','admin','/admin',NULL,'/admin/document/update/1451641894582','POST','editorValue=<p style=\"margin: 0px 10px 20px 30px; padding: 0px; line-height: 22px; font-family: Arial, Helvetica&channelId=1451555062363&documentTemplete=aboutus.jsp&keyword=联系我们&geneTemplate=&sourceAddr=&recommend=false&assetsIds=&size=&id=1451641894582&content=<p style=\"margin: 0px 10px 20px 30px; padding: 0px; line-height: 22px; font-family: Arial, Helvetica&author=&title=联系我们&source=&color=&titleImage=&mGeneTemplate=&hidden=true&priority=&fileAddr=&fileName=&contentShort=新开普电子股份有限公司地址：郑州市高新技术产业开发区迎春街18号全国统一服务热线：4006 300248销售热线电话：4006300248转1售后服务热线传真：0371-56599840工程维修热线电',''),('1451642107642','access','admin','/admin',NULL,'/admin/document/update/1451641894582','POST','editorValue=<p style=\"margin: 0px 10px 20px 30px; padding: 0px; line-height: 22px; font-family: Arial, Helvetica&channelId=1451555062363&documentTemplete=aboutus.jsp&keyword=联系我们&geneTemplate=&sourceAddr=&recommend=false&assetsIds=&size=&id=1451641894582&content=<p style=\"margin: 0px 10px 20px 30px; padding: 0px; line-height: 22px; font-family: Arial, Helvetica&author=&title=联系我们&source=&color=&titleImage=&mGeneTemplate=&hidden=true&priority=&fileAddr=&fileName=&contentShort=新开普电子股份有限公司地址：郑州市高新技术产业开发区迎春街18号全国统一服务热线：4006 300248销售热线电话：4006300248转1售后服务热线传真：0371-56599840工程维修热线电',''),('1451642283949','access','admin','/admin',NULL,'/admin/document/create','POST','editorValue=<p><span style=\"font-family: 微软雅黑, &#39;Microsoft YaHei&#39;;\">我们的<span style=\"font-family: 微软雅黑, &#&channelId=1451555446829&documentTemplete=aboutus.jsp&keyword=&geneTemplate=&sourceAddr=&recommend=false&assetsIds=&size=&content=<p><span style=\"font-family: 微软雅黑, &#39;Microsoft YaHei&#39;;\">我们的<span style=\"font-family: 微软雅黑, &#&author=&title=企业文化&source=&titleImage=&color=&mGeneTemplate=&hidden=true&priority=&fileAddr=&fileName=&contentShort=我们的宗旨为用户服务，我们能做的更好！我们的核心价值观以人为本、共同成长鼓励创新、注重细节关注过程、重视结果 我们的文化诚实与公平尊重与关心个人团队合作、良好沟通',''),('1451642306263','access','admin','/admin',NULL,'/admin/channel/update/1451555446829','POST','descrition=JCINCMS是集简单、健壮、灵活、开源几大特点的开源内容管理系统,目前占领了国内开源CMS的大部份市场，目前已经有超过三十万个站点正在使用&parentIds=1451532049377&sort=3&keyword=企业文化&image=&code=culture&id=1451555446829&parentId=1451532049377&linkAddr=channel/aboutus/culture&hidden=false&name=企业文化&openMode=false&asdocument=true&documentId=1451642283835',''),('1451900766830','access','admin','/admin',NULL,'/admin/document/update/1451556536767','POST','editorValue=<p><span style=\"font-family: 微软雅黑, &#39;Microsoft YaHei&#39;;\">&nbsp;&nbsp;&nbsp;&nbsp;时沃网络科技是一家基于Ja&channelId=1451532049377&documentTemplete=zhiwo-aboutus.jsp&keyword=公司简介&geneTemplate=&sourceAddr=&recommend=false&assetsIds=&size=&content=<p><span style=\"font-family: 微软雅黑, &#39;Microsoft YaHei&#39;;\">&nbsp;&nbsp;&nbsp;&nbsp;时沃网络科技是一家基于Ja&id=1451556536767&author=&title=公司简介&source=&color=&titleImage=&hidden=true&mGeneTemplate=&priority=&fileAddr=&fileName=&contentShort=    时沃网络科技是一家基于Java开发面向中小企业的高新科技公司，我们不懈奋斗，努力开拓，服务于客户，立足于为客户创造价值，致力于为企业提供优质的网站服务，微信公众号开发服务，软件应用，移动App',''),('1451900888236','access','admin','/admin',NULL,'/admin/document/update/1451556536767','POST','editorValue=<p><span style=\"font-family: 微软雅黑, &#39;Microsoft YaHei&#39;;\"></span></p><p style=\"margin: 10px; pa&channelId=1451532049377&documentTemplete=zhiwo-aboutus.jsp&keyword=公司简介&geneTemplate=&sourceAddr=&recommend=false&assetsIds=&size=&content=<p><span style=\"font-family: 微软雅黑, &#39;Microsoft YaHei&#39;;\"></span></p><p style=\"margin: 10px; pa&id=1451556536767&author=&title=公司简介&source=&color=&titleImage=&hidden=true&mGeneTemplate=&priority=&fileAddr=&fileName=&contentShort=新开普电子股份有限公司2000年成立于郑州高新技术产业开发区，注册资本3,0209,4901元。公司专业致力于开发以智能卡及RFID技术为基础的各类行业应用解决方案,面向城市、校园、企事业以及银行和电',''),('1451960513994','access','admin','/admin',NULL,'/admin/channel/create','POST','descrition=&parentIds=1451532049377,1451555062363&sort=&keyword=&image=&code=testtest&parentId=1451555062363&linkAddr=channel/aboutus/contactus/testtest&hidden=false&name=test&channelTemplete=&openMode=false&asdocument=false&documentId=',''),('1451960542553','access','admin','/admin',NULL,'/admin/channel/create','POST','descrition=&parentIds=1451532049377,1451555062363,1451960513584&sort=1&keyword=&image=&code=testtestsdf&parentId=1451960513584&linkAddr=channel/aboutus/contactus/testtest/testtestsdf&hidden=false&name=test&channelTemplete=&openMode=false&asdocument=false&documentId=',''),('1451961380466','access','admin','/admin',NULL,'/admin/channel/create','POST','descrition=&parentIds=1451532049377,1451555062363,1451960513584,1451960542387&sort=&keyword=&image=&code=sdfsdfsfsdfsdf&parentId=1451960542387&linkAddr=channel/aboutus/contactus/testtest/testtestsdf/sdfsdfsfsdfsdf&hidden=false&name=fsdfas&channelTemplete=&openMode=false&asdocument=false&documentId=',''),('1451964665517','access','admin','/admin',NULL,'/admin/channel/deleteById','POST','idstring=1451960513584',''),('1451964723002','access','admin','/admin',NULL,'/admin/document/update/1451641173216','POST','editorValue=<p><span style=\"font-family: 微软雅黑, &#39;Microsoft YaHei&#39;;\">&nbsp;&nbsp;&nbsp;&nbsp;公司本部设置在广州，在其它&channelId=1451555208927&documentTemplete=zhiwo-aboutus.jsp&keyword=timeswo时沃,服务网络&geneTemplate=&sourceAddr=&recommend=false&assetsIds=&size=&content=<p><span style=\"font-family: 微软雅黑, &#39;Microsoft YaHei&#39;;\">&nbsp;&nbsp;&nbsp;&nbsp;公司本部设置在广州，在其它&id=1451641173216&author=&title=服务网络&source=&color=&titleImage=&hidden=true&mGeneTemplate=&priority=&fileAddr=&fileName=&contentShort=    公司本部设置在广州，在其它若干城市也设有业务代表，欢迎联系我们。    上海——业务代表：何先生 电话：192 1730 0512    广州——业务代表：黄先生 电话：158 7532 70',''),('1451964748386','access','admin','/admin',NULL,'/admin/document/update/1451641894582','POST','editorValue=<p style=\"margin: 0px 10px 20px 30px; padding: 0px; line-height: 22px; font-family: Arial, Helvetica&channelId=1451555062363&keyword=联系我们&documentTemplete=zhiwo-aboutus.jsp&geneTemplate=&sourceAddr=&recommend=false&assetsIds=&size=&id=1451641894582&content=<p style=\"margin: 0px 10px 20px 30px; padding: 0px; line-height: 22px; font-family: Arial, Helvetica&author=&title=联系我们&source=&color=&titleImage=&hidden=true&mGeneTemplate=&priority=&fileAddr=&fileName=&contentShort=新开普电子股份有限公司地址：郑州市高新技术产业开发区迎春街18号全国统一服务热线：4006 300248销售热线电话：4006300248转1售后服务热线传真：0371-56599840工程维修热线电',''),('1451964773838','access','admin','/admin',NULL,'/admin/document/update/1451642283835','POST','editorValue=<p><span style=\"font-family: 微软雅黑, &#39;Microsoft YaHei&#39;;\">我们的<span style=\"font-family: 微软雅黑, &#&channelId=1451555446829&documentTemplete=zhiwo-aboutus.jsp&keyword=&geneTemplate=&sourceAddr=&recommend=false&assetsIds=&size=&content=<p><span style=\"font-family: 微软雅黑, &#39;Microsoft YaHei&#39;;\">我们的<span style=\"font-family: 微软雅黑, &#&id=1451642283835&author=&title=企业文化&source=&color=&titleImage=&hidden=true&mGeneTemplate=&priority=&fileAddr=&fileName=&contentShort=我们的宗旨为用户服务，我们能做的更好！我们的核心价值观以人为本、共同成长鼓励创新、注重细节关注过程、重视结果 我们的文化诚实与公平尊重与关心个人团队合作、良好沟通',''),('1451966072877','access','admin','/admin',NULL,'/admin/channel/update/1451532077867','POST','descrition=JCINCMSCMS是基于Java集成spring，mybatis开发的一款内容管理系统，有着高效，安全，简单，易用等特点&parentIds=&sort=1&keyword=JCINCMS,Java,开源免费,安全&image=&code=news&id=1451532077867&parentId=&linkAddr=channel/news&hidden=false&name=新闻中心&channelTemplete=&openMode=false&asdocument=false&documentId=',''),('1451966784902','access','admin','/admin',NULL,'/admin/channel/update/1451532077867','POST','descrition=JCINCMSCMS是基于Java集成spring，mybatis开发的一款内容管理系统，有着高效，安全，简单，易用等特点&parentIds=&sort=1&keyword=JCINCMS,Java,开源免费,安全&image=&code=news&id=1451532077867&parentId=&linkAddr=channel/news&hidden=false&name=新闻中心&channelTemplete=zhiwo-newscenter.jsp&openMode=false&asdocument=false&documentId=',''),('1451967078788','access','admin','/admin',NULL,'/admin/document/create','POST','editorValue=<p>2015年12月23日16:00，新开普电子股份有限公司与郑州升达经贸管理学院“人才服务校企合作战略协议“签约授牌仪式在郑州升达经贸管理学院隆重举行。</p><p><br/></p><p><br&channelId=1451532077867&documentTemplete=&keyword=&geneTemplate=&sourceAddr=&recommend=false&assetsIds=&size=&content=<p>2015年12月23日16:00，新开普电子股份有限公司与郑州升达经贸管理学院“人才服务校企合作战略协议“签约授牌仪式在郑州升达经贸管理学院隆重举行。</p><p><br/></p><p><br&author=&title=新开普＆郑州升达学院签订校企合作战略协议&source=&titleImage=&color=&mGeneTemplate=&hidden=true&priority=&fileAddr=&fileName=&contentShort=2015年12月23日16:00，新开普电子股份有限公司与郑州升达经贸管理学院“人才服务校企合作战略协议“签约授牌仪式在郑州升达经贸管理学院隆重举行。新开普电子股份有限公司董事长杨维国，郑州升达经贸管',''),('1451967105480','access','admin','/admin',NULL,'/admin/document/create','POST','editorValue=<p>2015年12月23日16:00，新开普电子股份有限公司与郑州升达经贸管理学院“人才服务校企合作战略协议“签约授牌仪式在郑州升达经贸管理学院隆重举行。</p><p><br/></p><p><br&channelId=1451532077867&documentTemplete=&keyword=&geneTemplate=&sourceAddr=&recommend=false&assetsIds=&size=&content=<p>2015年12月23日16:00，新开普电子股份有限公司与郑州升达经贸管理学院“人才服务校企合作战略协议“签约授牌仪式在郑州升达经贸管理学院隆重举行。</p><p><br/></p><p><br&author=&title=新开普＆郑州升达学院签订校企合作战略协议&source=&titleImage=&color=&mGeneTemplate=&hidden=true&priority=&fileAddr=&fileName=&contentShort=2015年12月23日16:00，新开普电子股份有限公司与郑州升达经贸管理学院“人才服务校企合作战略协议“签约授牌仪式在郑州升达经贸管理学院隆重举行。新开普电子股份有限公司董事长杨维国，郑州升达经贸管',''),('1451967111321','access','admin','/admin',NULL,'/admin/document/create','POST','editorValue=<p>2015年12月23日16:00，新开普电子股份有限公司与郑州升达经贸管理学院“人才服务校企合作战略协议“签约授牌仪式在郑州升达经贸管理学院隆重举行。</p><p><br/></p><p><br&channelId=1451532077867&documentTemplete=&keyword=&geneTemplate=&sourceAddr=&recommend=false&assetsIds=&size=&content=<p>2015年12月23日16:00，新开普电子股份有限公司与郑州升达经贸管理学院“人才服务校企合作战略协议“签约授牌仪式在郑州升达经贸管理学院隆重举行。</p><p><br/></p><p><br&author=&title=新开普＆郑州升达学院签订校企合作战略协议&source=&titleImage=&color=&mGeneTemplate=&hidden=true&priority=&fileAddr=&fileName=&contentShort=2015年12月23日16:00，新开普电子股份有限公司与郑州升达经贸管理学院“人才服务校企合作战略协议“签约授牌仪式在郑州升达经贸管理学院隆重举行。新开普电子股份有限公司董事长杨维国，郑州升达经贸管',''),('1451967608542','access','admin','/admin',NULL,'/admin/document/deleteById','POST','idstring=1451967111142,1451967105375',''),('1451967622826','access','admin','/admin',NULL,'/admin/document/update/1451967078595','POST','editorValue=<p>2015年12月23日16:00，新开普电子股份有限公司与郑州升达经贸管理学院“人才服务校企合作战略协议“签约授牌仪式在郑州升达经贸管理学院隆重举行。</p><p><br/></p><p><br&channelId=1451532077867&documentTemplete=zhiwo-newsdoc.jsp&keyword=&geneTemplate=&sourceAddr=&recommend=false&assetsIds=&size=&id=1451967078595&content=<p>2015年12月23日16:00，新开普电子股份有限公司与郑州升达经贸管理学院“人才服务校企合作战略协议“签约授牌仪式在郑州升达经贸管理学院隆重举行。</p><p><br/></p><p><br&author=&title=新开普＆郑州升达学院签订校企合作战略协议&source=&color=&titleImage=&mGeneTemplate=&hidden=true&priority=&fileAddr=&fileName=&contentShort=2015年12月23日16:00，新开普电子股份有限公司与郑州升达经贸管理学院“人才服务校企合作战略协议“签约授牌仪式在郑州升达经贸管理学院隆重举行。新开普电子股份有限公司董事长杨维国，郑州升达经贸管',''),('1451968489115','access','admin','/admin',NULL,'/admin/document/create','POST','editorValue=<p>时代发生的发生发生后啥水电费是时代发生的发生发生大火睡得回答睡得</p>&channelId=1451532077867&documentTemplete=&keyword=&geneTemplate=&sourceAddr=&recommend=false&assetsIds=&size=&content=<p>时代发生的发生发生后啥水电费是时代发生的发生发生大火睡得回答睡得</p>&author= 发生的发生的发生的&title=发生大火&source=&titleImage=&color=&mGeneTemplate=&hidden=true&priority=&fileAddr=&fileName=&contentShort=时代发生的发生发生后啥水电费是时代发生的发生发生大火睡得回答睡得',''),('1451968501564','access','admin','/admin',NULL,'/admin/document/create','POST','editorValue=<p>时代发生的发生发生后啥水电费是时代发生的发生发生大火睡得回答睡得</p>&channelId=1451532077867&documentTemplete=zhiwo-newsdoc.jsp&keyword=&geneTemplate=&sourceAddr=&recommend=false&assetsIds=&size=&content=<p>时代发生的发生发生后啥水电费是时代发生的发生发生大火睡得回答睡得</p>&author=发生的发生的发生的&title=发生大火&source=&titleImage=&color=&mGeneTemplate=&hidden=true&priority=&fileAddr=&fileName=&contentShort=时代发生的发生发生后啥水电费是时代发生的发生发生大火睡得回答睡得',''),('1451968516465','access','admin','/admin',NULL,'/admin/document/deleteById','POST','idstring=1451968489039',''),('1452135656510','access','admin','/admin',NULL,'/admin/channel/create','POST','descrition=&parentIds=1451554883394&sort=&keyword=&image=&code=zhiwojobs&parentId=1451554883394&linkAddr=channel/hire&hidden=false&name=智沃招聘&channelTemplete=&openMode=false&asdocument=false&documentId=',''),('1452135929254','access','admin','/admin',NULL,'/admin/channel/update/1451554883394','POST','descrition=JCINCMS,公司因业务拓展需要招聘Java以及页面设计师&parentIds=&sort=1&keyword=招聘,jobs&image=&code=jobs&id=1451554883394&parentId=&linkAddr=channel/jobs&hidden=false&name=招聘&channelTemplete=zhiwo-channel.jsp&asdocument=false&openMode=false&documentId=',''),('1452136003122','access','admin','/admin',NULL,'/admin/document/update/1451558430895','POST','editorValue=<p style=\"line-height: normal;\"><span style=\"font-family: 微软雅黑, &#39;Microsoft YaHei&#39;; font-size&channelId=1452135656248&documentTemplete=zhiwo-doc.jsp&keyword=&geneTemplate=&sourceAddr=&recommend=false&assetsIds=&size=&content=<p style=\"line-height: normal;\"><span style=\"font-family: 微软雅黑, &#39;Microsoft YaHei&#39;; font-size&id=1451558430895&author=&title=java招聘&source=&color=&titleImage=&hidden=true&mGeneTemplate=&priority=&fileAddr=&fileName=&contentShort=业务人员岗位职责和要求：1、善于沟通，把握客户需求；2、思维严谨，工作目标明确，抗压能力强；3、有计算机行业背景堪佳；Java高级开发工程师岗位职责和要求：1、计算机软件相关专业，本科及以上学历；2、',''),('1452136088472','access','admin','/admin',NULL,'/admin/channel/update/1452135656248','POST','descrition=&parentIds=1451554883394&sort=1&keyword=&image=&code=zhiwojobs&id=1452135656248&parentId=1451554883394&linkAddr=channel/jobs/zhiwojobs&hidden=false&name=智沃招聘&openMode=false&asdocument=true&documentId=1451558430895',''),('1452136165406','access','admin','/admin',NULL,'/admin/channel/update/1452135656248','POST','descrition=&parentIds=1451554883394&sort=1&keyword=&image=&code=zhiwojobs&id=1452135656248&parentId=1451554883394&linkAddr=channel/jobs&hidden=false&name=智沃招聘&channelTemplete=&asdocument=true&openMode=false&documentId=1451558430895',''),('1452136194020','access','admin','/admin',NULL,'/admin/channel/update/1452135656248','POST','descrition=&parentIds=1451554883394&sort=1&keyword=&image=&code=zhiwojobs&id=1452135656248&parentId=1451554883394&linkAddr=channel/jobs&hidden=false&name=智沃招聘&channelTemplete=&asdocument=false&openMode=false&documentId=',''),('1452137766148','access','admin','/admin',NULL,'/admin/document/update/1451968501462','POST','editorValue=<p>时代发生的发生发生后啥水电费是时代发生的发生发生大火睡得回答睡得</p>&channelId=1451539099301&documentTemplete=&keyword=&geneTemplate=&sourceAddr=&recommend=false&assetsIds=&size=&id=1451968501462&content=<p>时代发生的发生发生后啥水电费是时代发生的发生发生大火睡得回答睡得</p>&author=发生的发生的发生的&title=发生大火&source=&color=&titleImage=&mGeneTemplate=&hidden=true&priority=&fileAddr=&fileName=&contentShort=时代发生的发生发生后啥水电费是时代发生的发生发生大火睡得回答睡得',''),('1452139446211','access','admin','/admin',NULL,'/admin/document/update/1451968501462','POST','editorValue=<p style=\"margin: 10px; padding: 0px; line-height: 27px; text-indent: 2em; font-size: 13px; color: r&channelId=1451539099301&documentTemplete=&keyword=&geneTemplate=&sourceAddr=&recommend=false&assetsIds=&size=&content=<p style=\"margin: 10px; padding: 0px; line-height: 27px; text-indent: 2em; font-size: 13px; color: r&id=1451968501462&author=发生的发生的发生的&title=发生大火&source=&color=&titleImage=&hidden=true&mGeneTemplate=&priority=&fileAddr=&fileName=&contentShort=新开普电子股份有限公司2000年成立于郑州高新技术产业开发区，注册资本3,0209,4901元。公司专业致力于开发以智能卡及RFID技术为基础的各类行业应用解决方案,面向城市、校园、企事业以及银行和电',''),('1452139983652','access','admin','/admin',NULL,'/admin/document/update/1451556536767','POST','editorValue=<p style=\"margin: 10px; padding: 0px; line-height: 27px; text-indent: 2em; font-size: 13px; color: r&channelId=1451532049377&documentTemplete=zhiwo-aboutus.jsp&keyword=公司简介&geneTemplate=&sourceAddr=&recommend=false&assetsIds=&size=&content=<p style=\"margin: 10px; padding: 0px; line-height: 27px; text-indent: 2em; font-size: 13px; color: r&id=1451556536767&author=&title=公司简介&source=&color=&titleImage=&hidden=true&mGeneTemplate=&priority=&fileAddr=&fileName=&contentShort=新开普电子股份有限公司2000年成立于郑州高新技术产业开发区，注册资本3,0209,4901元。公司专业致力于开发以智能卡及RFID技术为基础的各类行业应用解决方案,面向城市、校园、企事业以及银行和电',''),('1452140029692','access','admin','/admin',NULL,'/admin/document/update/1451556536767','POST','editorValue=<p style=\"margin: 10px; padding: 0px; line-height: 27px; text-indent: 2em; font-size: 13px; color: r&channelId=1451532049377&documentTemplete=zhiwo-aboutus.jsp&keyword=公司简介&geneTemplate=&sourceAddr=&recommend=false&assetsIds=&size=&id=1451556536767&content=<p style=\"margin: 10px; padding: 0px; line-height: 27px; text-indent: 2em; font-size: 13px; color: r&author=&title=公司简介&source=&color=&titleImage=&mGeneTemplate=&hidden=true&priority=&fileAddr=&fileName=&contentShort=新开普电子股份有限公司2000年成立于郑州高新技术产业开发区，注册资本3,0209,4901元。公司专业致力于开发以智能卡及RFID技术为基础的各类行业应用解决方案,面向城市、校园、企事业以及银行和电',''),('1452140243955','access','admin','/admin',NULL,'/admin/document/update/1451556536767','POST','editorValue=<p style=\"margin: 10px; padding: 0px; line-height: 27px; text-indent: 2em; font-size: 13px; color: r&channelId=1451532049377&documentTemplete=zhiwo-aboutus.jsp&keyword=公司简介&geneTemplate=&sourceAddr=&recommend=false&assetsIds=&size=&id=1451556536767&content=<p style=\"margin: 10px; padding: 0px; line-height: 27px; text-indent: 2em; font-size: 13px; color: r&author=&title=公司简介&source=&color=&titleImage=&mGeneTemplate=&hidden=true&priority=&fileAddr=&fileName=&contentShort=新开普电子股份有限公司2000年成立于郑州高新技术产业开发区，注册资本3,0209,4901元。公司专业致力于开发以智能卡及RFID技术为基础的各类行业应用解决方案,面向城市、校园、企事业以及银行和电',''),('1452140727754','access','admin','/admin',NULL,'/admin/document/create','POST','editorValue=<p style=\"margin: 10px; padding: 0px; line-height: 27px; text-indent: 2em; font-size: 13px; color: r&channelId=1451532077867&documentTemplete=zhiwo-doc.jsp&keyword=&geneTemplate=&sourceAddr=&recommend=false&assetsIds=&size=&content=<p style=\"margin: 10px; padding: 0px; line-height: 27px; text-indent: 2em; font-size: 13px; color: r&author=&title=简讯：我公司又一批软件产品被认定为《优秀软件产品》&source=&titleImage=&color=&mGeneTemplate=&hidden=true&priority=&fileAddr=&fileName=&contentShort=近日，河南省软件服务业协会发布了“关于表彰2014年度河南省软件服务业优秀软件企业、优秀软件产品的通知（豫软服协【2015】02号）”，我公司4项产品被评为《2014年度优秀软件产品》：新开普R108',''),('1452140840861','access','admin','/admin',NULL,'/admin/document/create','POST','editorValue=<p style=\"margin: 10px; padding: 0px; line-height: 27px; text-indent: 2em; font-size: 13px; color: r&channelId=1451532077867&documentTemplete=zhiwo-newsdoc.jsp&keyword=&geneTemplate=&sourceAddr=&recommend=false&assetsIds=&size=&content=<p style=\"margin: 10px; padding: 0px; line-height: 27px; text-indent: 2em; font-size: 13px; color: r&author=&title=简讯：我公司又一批软件产品被认定为《优秀软件产品》&source=&titleImage=&color=&mGeneTemplate=&hidden=true&priority=&fileAddr=&fileName=&contentShort=近日，河南省软件服务业协会发布了“关于表彰2014年度河南省软件服务业优秀软件企业、优秀软件产品的通知（豫软服协【2015】02号）”，我公司4项产品被评为《2014年度优秀软件产品》：新开普R108',''),('1452140896777','access','admin','/admin',NULL,'/admin/document/update/1452140727593','POST','editorValue=<p style=\"margin: 10px; padding: 0px; line-height: 27px; text-indent: 2em; font-size: 13px; color: r&channelId=1451532077867&documentTemplete=zhiwo-newsdoc.jsp&keyword=&geneTemplate=&sourceAddr=&recommend=false&assetsIds=&size=&content=<p style=\"margin: 10px; padding: 0px; line-height: 27px; text-indent: 2em; font-size: 13px; color: r&id=1452140727593&author=&title=简讯：我公司又一批软件产品被认定为《优秀软件产品》&source=&color=&titleImage=&hidden=true&mGeneTemplate=&priority=&fileAddr=&fileName=&contentShort=近日，河南省软件服务业协会发布了“关于表彰2014年度河南省软件服务业优秀软件企业、优秀软件产品的通知（豫软服协【2015】02号）”，我公司4项产品被评为《2014年度优秀软件产品》：新开普R108',''),('1452141171995','access','admin','/admin',NULL,'/admin/document/update/1451642283835','POST','editorValue=<p style=\"text-align: left;\"><span style=\"font-family: 微软雅黑, &#39;Microsoft YaHei&#39;;\">我们的<span st&channelId=1451555446829&documentTemplete=zhiwo-aboutus.jsp&keyword=&geneTemplate=&sourceAddr=&recommend=false&assetsIds=&size=&id=1451642283835&content=<p style=\"text-align: left;\"><span style=\"font-family: 微软雅黑, &#39;Microsoft YaHei&#39;;\">我们的<span st&author=&title=企业文化&source=&color=&titleImage=&mGeneTemplate=&hidden=true&priority=&fileAddr=&fileName=&contentShort=我们的宗旨为用户服务，我们能做的更好！我们的核心价值观以人为本、共同成长鼓励创新、注重细节关注过程、重视结果 我们的文化诚实与公平尊重与关心个人团队合作、良好沟通',''),('1452141461505','access','admin','/admin',NULL,'/admin/document/update/1452140840800','POST','editorValue=<p style=\"margin: 10px; padding: 0px; line-height: 27px; text-indent: 0em; font-size: 13px; color: r&channelId=1451532077867&documentTemplete=zhiwo-newsdoc.jsp&keyword=&geneTemplate=&sourceAddr=&recommend=false&assetsIds=&size=&id=1452140840800&content=<p style=\"margin: 10px; padding: 0px; line-height: 27px; text-indent: 0em; font-size: 13px; color: r&author=&title=简讯：我公司又一批软件产品被认定为《优秀软件产品》&source=&color=&titleImage=&mGeneTemplate=&hidden=true&priority=&fileAddr=&fileName=&contentShort=近日，河南省软件服务业协会发布了“关于表彰2014年度河南省软件服务业优秀软件企业、优秀软件产品的通知（豫软服协【2015】02号）”，我公司4项产品被评为《2014年度优秀软件产品》：新开普R108',''),('1452141487622','access','admin','/admin',NULL,'/admin/document/update/1452140727593','POST','editorValue=<p style=\"margin: 10px; padding: 0px; line-height: 27px; text-indent: 0em; font-size: 13px; color: r&channelId=1451532077867&documentTemplete=zhiwo-newsdoc.jsp&keyword=&geneTemplate=&sourceAddr=&recommend=false&assetsIds=&size=&id=1452140727593&content=<p style=\"margin: 10px; padding: 0px; line-height: 27px; text-indent: 0em; font-size: 13px; color: r&author=&title=简讯：我公司又一批软件产品被认定为《优秀软件产品》&source=&color=&titleImage=&mGeneTemplate=&hidden=true&priority=&fileAddr=&fileName=&contentShort=近日，河南省软件服务业协会发布了“关于表彰2014年度河南省软件服务业优秀软件企业、优秀软件产品的通知（豫软服协【2015】02号）”，我公司4项产品被评为《2014年度优秀软件产品》：新开普R108',''),('1452141552733','access','admin','/admin',NULL,'/admin/document/update/1452140727593','POST','editorValue=<p style=\"margin: 10px; padding: 0px; line-height: 27px; text-indent: 0em; font-size: 13px; color: r&channelId=1451532077867&documentTemplete=zhiwo-newsdoc.jsp&keyword=&geneTemplate=&sourceAddr=&recommend=false&assetsIds=&size=&id=1452140727593&content=<p style=\"margin: 10px; padding: 0px; line-height: 27px; text-indent: 0em; font-size: 13px; color: r&author=&title=简讯：我公司又一批软件产品被认定为《优秀软件产品》&source=&color=&titleImage=&mGeneTemplate=&hidden=true&priority=&fileAddr=&fileName=&contentShort=近日，河南省软件服务业协会发布了“关于表彰2014年度河南省软件服务业优秀软件企业、优秀软件产品的通知（豫软服协【2015】02号）”，我公司4项产品被评为《2014年度优秀软件产品》：新开普R108',''),('1452222963276','access','admin','/admin',NULL,'/admin/document/create','POST','fileName=&color=&hidden=true&contentShort=DedeCMS内容管理系统软件简介欢迎使用国内最专业的PHP网站内容管理系统-织梦内容管理系统，他将是您轻松建站的首选利器。采用XML名字空间风格核心模板：模板全部使用文件形式保存，对用户设计模板、网&assetsIds=&author=&recommend=false&source=&title=产品介绍&priority=&content=<h2 style=\"margin: 0px; padding: 0px; font-size: 12px; line-height: 22px; color: rgb(11, 102, 168); &editorValue=<h2 style=\"margin: 0px; padding: 0px; font-size: 12px; line-height: 22px; color: rgb(11, 102, 168); &mGeneTemplate=&titleImage=&documentTemplete=zhiwo-product.jsp&fileAddr=&size=&geneTemplate=&sourceAddr=&keyword=产品介绍&channelId=1451531199872',''),('1452223036256','access','admin','/admin',NULL,'/admin/channel/update/1451531199872','POST','id=1451531199872&parentIds=&documentId=1452222962997&parentId=&name=产品&code=product&keyword=product,timeswo,cms,java,jsp,开源免费&linkAddr=channel/product&openMode=false&hidden=false&asdocument=true&descrition=JCINCMS是集简单、健壮、灵活、开源几大特点的开源内容管理系统,目前占领了国内开源CMS的大部份市场，目前已经有超过三十万个站点正在使用是&sort=1&image=',''),('1452223145320','access','admin','/admin',NULL,'/admin/document/create','POST','fileName=&color=&hidden=true&contentShort=DedeCMS内容管理系统软件简介欢迎使用国内最专业的PHP网站内容管理系统-织梦内容管理系统，他将是您轻松建站的首选利器。采用XML名字空间风格核心模板：模板全部使用文件形式保存，对用户设计模板、网&assetsIds=&author=&recommend=false&source=&title=产品介绍&priority=&content=<h2 style=\"margin: 0px; padding: 0px; font-size: 12px; line-height: 22px; color: rgb(11, 102, 168); &editorValue=<h2 style=\"margin: 0px; padding: 0px; font-size: 12px; line-height: 22px; color: rgb(11, 102, 168); &mGeneTemplate=&titleImage=&documentTemplete=zhiwo-product.jsp&fileAddr=&size=&geneTemplate=&sourceAddr=&keyword=产品介绍&channelId=1451531199872',''),('1452223177181','access','admin','/admin',NULL,'/admin/document/create','POST','fileName=&color=&hidden=true&contentShort=DedeCMS内容管理系统软件简介欢迎使用国内最专业的PHP网站内容管理系统-织梦内容管理系统，他将是您轻松建站的首选利器。采用XML名字空间风格核心模板：模板全部使用文件形式保存，对用户设计模板、网&assetsIds=&author=&recommend=false&source=&title=产品介绍&priority=&content=<h2 style=\"margin: 0px; padding: 0px; font-size: 12px; line-height: 22px; color: rgb(11, 102, 168); &editorValue=<h2 style=\"margin: 0px; padding: 0px; font-size: 12px; line-height: 22px; color: rgb(11, 102, 168); &mGeneTemplate=&titleImage=&documentTemplete=zhiwo-product.jsp&fileAddr=&size=&geneTemplate=&sourceAddr=&keyword=产品介绍&channelId=1451531199872',''),('1452223205078','access','admin','/admin',NULL,'/admin/document/create','POST','fileName=&color=&hidden=true&contentShort=DedeCMS内容管理系统软件简介欢迎使用国内最专业的PHP网站内容管理系统-织梦内容管理系统，他将是您轻松建站的首选利器。采用XML名字空间风格核心模板：模板全部使用文件形式保存，对用户设计模板、网&assetsIds=&author=&recommend=false&source=&title=产品介绍&priority=&content=<h2 style=\"margin: 0px; padding: 0px; font-size: 12px; line-height: 22px; color: rgb(11, 102, 168); &editorValue=<h2 style=\"margin: 0px; padding: 0px; font-size: 12px; line-height: 22px; color: rgb(11, 102, 168); &mGeneTemplate=&titleImage=&documentTemplete=zhiwo-product.jsp&fileAddr=&size=&geneTemplate=&sourceAddr=&keyword=产品介绍&channelId=1451531199872',''),('1452223217955','access','admin','/admin',NULL,'/admin/document/deleteById','POST','idstring=1452223204976,1452223177057,1452223145188',''),('1452257196910','access','admin','/admin',NULL,'/admin/channel/update/1451531531116','POST','id=1451531531116&channelTemplete=&parentIds=&documentId=&parentId=&name=案例中心&code=cases&keyword=JCINCMS,Java,开源免费,安全&linkAddr=channel/cases&openMode=false&hidden=false&asdocument=false&descrition=JCINCMSCMS是基于Java集成spring，mybatis开发的一款内容管理系统，有着高效，安全，简单，易用等特点&sort=2&image=',''),('1452257218996','access','admin','/admin',NULL,'/admin/channel/update/1451532049377','POST','id=1451532049377&channelTemplete=&parentIds=&documentId=1451556536767&parentId=&name=关于我们&code=aboutus&keyword=JCINCMS,Java,开源免费,安全&linkAddr=channel/aboutus&openMode=false&hidden=false&asdocument=true&descrition=JCINCMSCMS是基于Java集成spring，mybatis开发的一款内容管理系统，有着高效，安全，简单，易用等特点&sort=3&image=',''),('1452257233708','access','admin','/admin',NULL,'/admin/channel/update/1451532077867','POST','id=1451532077867&channelTemplete=zhiwo-newscenter.jsp&parentIds=&documentId=&parentId=&name=新闻中心&code=news&keyword=JCINCMS,Java,开源免费,安全&linkAddr=channel/news&openMode=false&hidden=false&asdocument=false&descrition=JCINCMSCMS是基于Java集成spring，mybatis开发的一款内容管理系统，有着高效，安全，简单，易用等特点&sort=4&image=',''),('1452257248500','access','admin','/admin',NULL,'/admin/channel/update/1451539099301','POST','id=1451539099301&channelTemplete=&parentIds=&documentId=&parentId=&name=文档&code=documents&keyword=documents&linkAddr=channel/documents&openMode=false&hidden=false&asdocument=false&descrition=文档，JCINCMS文档&sort=5&image=',''),('1452257259263','access','admin','/admin',NULL,'/admin/channel/update/1451554883394','POST','id=1451554883394&channelTemplete=zhiwo-channel.jsp&parentIds=&documentId=&parentId=&name=招聘&code=jobs&keyword=招聘,jobs&linkAddr=channel/jobs&openMode=false&hidden=false&asdocument=false&descrition=JCINCMS,公司因业务拓展需要招聘Java以及页面设计师&sort=6&image=',''),('1452257334146','access','admin','/admin',NULL,'/admin/channel/create','POST','channelTemplete=zhiwo-aboutus.jsp&documentId=&parentIds=1451532049377,1451555446829&parentId=1451555446829&name=test&code=test&keyword=test&linkAddr=channel/aboutus/culture/test&openMode=false&hidden=false&asdocument=false&descrition=sdfsfsdfa&sort=&image=',''),('1452257768195','access','admin','/admin',NULL,'/admin/channel/update/1451531531116','POST','id=1451531531116&channelTemplete=zhiwo-channel.jsp&parentIds=&documentId=&parentId=&name=案例中心&code=cases&keyword=JCINCMS,Java,开源免费,安全&linkAddr=channel/cases&openMode=false&hidden=false&asdocument=false&descrition=JCINCMSCMS是基于Java集成spring，mybatis开发的一款内容管理系统，有着高效，安全，简单，易用等特点&sort=2&image=',''),('1452257979622','access','admin','/admin',NULL,'/admin/channel/create','POST','channelTemplete=channel.jsp&documentId=&parentIds=1451531531116&parentId=1451531531116&name=行业&code=industry&keyword=行业，industry&linkAddr=channel/cases/industry&openMode=false&hidden=false&asdocument=false&descrition=行业网站&sort=&image=',''),('1452324911679','access','admin','/admin',NULL,'/admin/document/update/1451556536767','POST','id=1451556536767&contentShort=新开普电子股份有限公司2000年成立于郑州高新技术产业开发区，注册资本3,0209,4901元。公司专业致力于开发以智能卡及RFID技术为基础的各类行业应用解决方案,面向城市、校园、企事业以及银行和电&assetsIds=&documentTemplete=zhiwo-aboutus.jsp&geneTemplate=template/zhiwo-aboutus.ftl&mGeneTemplate=&channelId=1451532049377&title=公司简介&author=&color=&keyword=公司简介&hidden=true&priority=&source=&sourceAddr=&titleImage=&content=<p style=\"margin: 10px; padding: 0px; line-height: 27px; text-indent: 2em; font-size: 13px; color: r&fileName=&fileAddr=&size=&recommend=false&editorValue=<p style=\"margin: 10px; padding: 0px; line-height: 27px; text-indent: 2em; font-size: 13px; color: r',''),('1452326476086','access','admin','/admin',NULL,'/admin/document/update/1451556536767','POST','id=1451556536767&contentShort=新开普电子股份有限公司2000年成立于郑州高新技术产业开发区，注册资本3,0209,4901元。公司专业致力于开发以智能卡及RFID技术为基础的各类行业应用解决方案,面向城市、校园、企事业以及银行和电&assetsIds=&documentTemplete=zhiwo-aboutus.jsp&geneTemplate=template/zhiwo-aboutus.ftl&mGeneTemplate=&channelId=1451532049377&title=公司简介&author=&color=&keyword=公司简介&hidden=true&priority=&source=&sourceAddr=&titleImage=&content=<p style=\"margin: 10px; padding: 0px; line-height: 27px; text-indent: 2em; font-size: 13px; color: r&fileName=&fileAddr=&size=&recommend=false&editorValue=<p style=\"margin: 10px; padding: 0px; line-height: 27px; text-indent: 2em; font-size: 13px; color: r',''),('1452326512498','access','admin','/admin',NULL,'/admin/channel/update/1451532049377','POST','id=1451532049377&channelTemplete=&parentIds=&documentId=1451556536767&parentId=&name=关于我们&code=aboutus&keyword=JCINCMS,Java,开源免费,安全&linkAddr=channel/aboutus&openMode=false&hidden=false&asdocument=true&descrition=JCINCMSCMS是基于Java集成spring，mybatis开发的一款内容管理系统，有着高效，安全，简单，易用等特点&sort=3&image=',''),('1452327160265','access','admin','/admin',NULL,'/admin/document/update/1451642283835','POST','id=1451642283835&contentShort=我们的宗旨为用户服务，我们能做的更好！我们的核心价值观以人为本、共同成长鼓励创新、注重细节关注过程、重视结果 我们的文化诚实与公平尊重与关心个人团队合作、良好沟通&assetsIds=&documentTemplete=zhiwo-aboutus.jsp&geneTemplate=template/zhiwo-aboutus.ftl&mGeneTemplate=&channelId=1451555446829&title=企业文化&author=&color=&keyword=&hidden=true&priority=&source=&sourceAddr=&titleImage=&content=<p style=\"text-align: left;\"><span style=\"font-family: 微软雅黑, &#39;Microsoft YaHei&#39;;\">我们的<span st&fileName=&fileAddr=&size=&recommend=false&editorValue=<p style=\"text-align: left;\"><span style=\"font-family: 微软雅黑, &#39;Microsoft YaHei&#39;;\">我们的<span st',''),('1452327294616','access','admin','/admin',NULL,'/admin/document/update/1451641894582','POST','id=1451641894582&contentShort=新开普电子股份有限公司地址：郑州市高新技术产业开发区迎春街18号全国统一服务热线：4006 300248销售热线电话：4006300248转1售后服务热线传真：0371-56599840工程维修热线电&assetsIds=&documentTemplete=zhiwo-aboutus.jsp&geneTemplate=template/zhiwo-aboutus.ftl&mGeneTemplate=&channelId=1451555062363&title=联系我们&author=&color=&keyword=联系我们&hidden=true&priority=&source=&sourceAddr=&titleImage=&content=<p style=\"margin: 0px 10px 20px 30px; padding: 0px; line-height: 22px; font-family: Arial, Helvetica&fileName=&fileAddr=&size=&recommend=false&editorValue=<p style=\"margin: 0px 10px 20px 30px; padding: 0px; line-height: 22px; font-family: Arial, Helvetica',''),('1452327330796','access','admin','/admin',NULL,'/admin/document/update/1451641173216','POST','id=1451641173216&contentShort=    公司本部设置在广州，在其它若干城市也设有业务代表，欢迎联系我们。    上海——业务代表：何先生 电话：192 1730 0512    广州——业务代表：黄先生 电话：158 7532 70&assetsIds=&documentTemplete=zhiwo-aboutus.jsp&geneTemplate=template/zhiwo-aboutus.ftl&mGeneTemplate=&channelId=1451555208927&title=服务网络&author=&color=&keyword=timeswo时沃,服务网络&hidden=true&priority=&source=&sourceAddr=&titleImage=&content=<p><span style=\"font-family: 微软雅黑, &#39;Microsoft YaHei&#39;;\">&nbsp;&nbsp;&nbsp;&nbsp;公司本部设置在广州，在其它&fileName=&fileAddr=&size=&recommend=false&editorValue=<p><span style=\"font-family: 微软雅黑, &#39;Microsoft YaHei&#39;;\">&nbsp;&nbsp;&nbsp;&nbsp;公司本部设置在广州，在其它',''),('1452327353762','access','admin','/admin',NULL,'/admin/document/update/1451641173216','POST','id=1451641173216&contentShort=    公司本部设置在广州，在其它若干城市也设有业务代表，欢迎联系我们。    上海——业务代表：何先生 电话：192 1730 0512    广州——业务代表：黄先生 电话：158 7532 70&assetsIds=&documentTemplete=zhiwo-aboutus.jsp&geneTemplate=template/zhiwo-aboutus.ftl&mGeneTemplate=&channelId=1451555208927&title=服务网络&author=&color=&keyword=timeswo时沃,服务网络&hidden=true&priority=&source=&sourceAddr=&titleImage=&content=<p style=\"text-align: left;\"><span style=\"font-family: 微软雅黑, &#39;Microsoft YaHei&#39;;\">&nbsp;&nbsp&fileName=&fileAddr=&size=&recommend=false&editorValue=<p style=\"text-align: left;\"><span style=\"font-family: 微软雅黑, &#39;Microsoft YaHei&#39;;\">&nbsp;&nbsp',''),('1452347859912','access','admin','/admin',NULL,'/admin/document/update/1452222962997','POST','id=1452222962997&contentShort=DedeCMS内容管理系统软件简介欢迎使用国内最专业的PHP网站内容管理系统-织梦内容管理系统，他将是您轻松建站的首选利器。采用XML名字空间风格核心模板：模板全部使用文件形式保存，对用户设计模板、网&assetsIds=&documentTemplete=zhiwo-product.jsp&geneTemplate=template/zhiwo-product.ftl&mGeneTemplate=&channelId=1451531199872&title=产品介绍&author=&color=&keyword=产品介绍&hidden=true&priority=&source=&sourceAddr=&titleImage=&content=<h2 style=\"margin: 0px; padding: 0px; font-size: 12px; line-height: 22px; color: rgb(11, 102, 168); &fileName=&fileAddr=&size=&recommend=false&editorValue=<h2 style=\"margin: 0px; padding: 0px; font-size: 12px; line-height: 22px; color: rgb(11, 102, 168);',''),('1452348022784','access','admin','/admin',NULL,'/admin/document/update/1452222962997','POST','id=1452222962997&contentShort=DedeCMS内容管理系统软件简介欢迎使用国内最专业的PHP网站内容管理系统-织梦内容管理系统，他将是您轻松建站的首选利器。采用XML名字空间风格核心模板：模板全部使用文件形式保存，对用户设计模板、网&assetsIds=&documentTemplete=zhiwo-product.jsp&geneTemplate=template/zhiwo-product.ftl&mGeneTemplate=&channelId=1451531199872&title=产品介绍&author=&color=&keyword=产品介绍&hidden=true&priority=&source=&sourceAddr=&titleImage=&content=<h2 style=\"margin: 0px; padding: 0px; font-size: 12px; line-height: 22px; color: rgb(11, 102, 168); &fileName=&fileAddr=&size=&recommend=false&editorValue=<h2 style=\"margin: 0px; padding: 0px; font-size: 12px; line-height: 22px; color: rgb(11, 102, 168);',''),('1452391647746','access','admin','/admin',NULL,'/admin/channel/create','POST','channelTemplete=&documentId=&parentIds=&parentId=&name=放松放松放松&code=dfgs&keyword=sdfsd&linkAddr=channel/dfgs&openMode=false&hidden=false&asdocument=false&descrition=fdsfsdf&sort=&image=',''),('1452391745226','access','admin','/admin',NULL,'/admin/channel/deleteById','POST','idstring=1452391647510',''),('1452391928548','access','admin','/admin',NULL,'/admin/channel/create','POST','channelTemplete=&documentId=&parentIds=&parentId=&name=sdfaf&code=sdfsf&keyword=&linkAddr=channel/sdfsf&openMode=false&hidden=false&asdocument=false&descrition=sfd&sort=&image=',''),('1452391980416','access','admin','/admin',NULL,'/admin/channel/deleteById','POST','idstring=1452391926929',''),('1452392213373','access','admin','/admin',NULL,'/admin/document/create','POST','fileName=&color=&hidden=true&contentShort=tesawewwrwrwrwrwerwerwerwerwerwerwerwerwerwerwrwrw&assetsIds=&author=&recommend=false&source=&title=test&priority=&content=<p>tesawewwrwrwrwrwerwerwerwerwerwerwerwerwerwerwrwrw<br/></p>&editorValue=<p>tesawewwrwrwrwrwerwerwerwerwerwerwerwerwerwerwrwrw<br/></p>&mGeneTemplate=&titleImage=&documentTemplete=&fileAddr=&size=&geneTemplate=&sourceAddr=&keyword=rewrwe&channelId=1451539099301',''),('1452392623570','access','admin','/admin',NULL,'/admin/document/deleteById','POST','idstring=1452392213167',''),('1452398456016','access','admin','/admin',NULL,'/admin/channel/update/1451532077867','POST','id=1451532077867&channelTemplete=zhiwo-newscenter.jsp&geneTemplate=template/zhiwo-newscenter.ftl&parentIds=&documentId=&parentId=&name=新闻中心&code=news&keyword=JCINCMS,Java,开源免费,安全&linkAddr=channel/news&openMode=false&hidden=false&asdocument=false&descrition=JCINCMSCMS是基于Java集成spring，mybatis开发的一款内容管理系统，有着高效，安全，简单，易用等特点&sort=4&image=',''),('1452434372594','access','admin','/admin',NULL,'/admin/document/update/1452140840800','POST','id=1452140840800&contentShort=近日，河南省软件服务业协会发布了“关于表彰2014年度河南省软件服务业优秀软件企业、优秀软件产品的通知（豫软服协【2015】02号）”，我公司4项产品被评为《2014年度优秀软件产品》：新开普R108&assetsIds=&documentTemplete=zhiwo-newsdoc.jsp&geneTemplate=template/zhiwo-newsdoc.ftl&mGeneTemplate=&channelId=1451532077867&title=简讯：我公司又一批软件产品被认定为《优秀软件产品》&author=&color=&keyword=&hidden=true&priority=&source=&sourceAddr=&titleImage=&content=<p style=\"margin: 10px; padding: 0px; line-height: 27px; text-indent: 0em; font-size: 13px; color: r&fileName=&fileAddr=&size=&recommend=false&editorValue=<p style=\"margin: 10px; padding: 0px; line-height: 27px; text-indent: 0em; font-size: 13px; color: r',''),('1452434385968','access','admin','/admin',NULL,'/admin/document/deleteById','POST','idstring=1452140727593',''),('1452434405411','access','admin','/admin',NULL,'/admin/document/update/1451967078595','POST','id=1451967078595&contentShort=2015年12月23日16:00，新开普电子股份有限公司与郑州升达经贸管理学院“人才服务校企合作战略协议“签约授牌仪式在郑州升达经贸管理学院隆重举行。新开普电子股份有限公司董事长杨维国，郑州升达经贸管&assetsIds=&documentTemplete=zhiwo-newsdoc.jsp&geneTemplate=template/zhiwo-newsdoc.ftl&mGeneTemplate=&channelId=1451532077867&title=新开普＆郑州升达学院签订校企合作战略协议&author=&color=&keyword=&hidden=true&priority=&source=&sourceAddr=&titleImage=&content=<p>2015年12月23日16:00，新开普电子股份有限公司与郑州升达经贸管理学院“人才服务校企合作战略协议“签约授牌仪式在郑州升达经贸管理学院隆重举行。</p><p><br/></p><p><br&fileName=&fileAddr=&size=&recommend=false&editorValue=<p>2015年12月23日16:00，新开普电子股份有限公司与郑州升达经贸管理学院“人才服务校企合作战略协议“签约授牌仪式在郑州升达经贸管理学院隆重举行。</p><p><br/></p><p><br',''),('1452436075640','access','admin','/admin',NULL,'/admin/channel/deleteById','POST','idstring=1452257333988',''),('1452520490212','access','admin','/admin',NULL,'/admin/document/update/1451641173216','POST','id=1451641173216&contentShort=    公司本部设置在广州，在其它若干城市也设有业务代表，欢迎联系我们。    上海——公司顾问：何先生 电话：192 1730 0512    广州——公司顾问：黄先生 电话：158 7532 70&assetsIds=&documentTemplete=zhiwo-aboutus.jsp&geneTemplate=template/zhiwo-aboutus.ftl&mGeneTemplate=&channelId=1451555208927&title=服务网络&author=&color=&keyword=timeswo时沃,服务网络&hidden=true&priority=&source=&sourceAddr=&titleImage=&content=<p style=\"text-align: left;\"><span style=\"font-family: 微软雅黑, &#39;Microsoft YaHei&#39;;\">&nbsp;&nbsp&fileName=&fileAddr=&size=&recommend=false&editorValue=<p style=\"text-align: left;\"><span style=\"font-family: 微软雅黑, &#39;Microsoft YaHei&#39;;\">&nbsp;&nbsp',''),('1452521368031','access','admin','/admin',NULL,'/admin/document/update/1451556536767','POST','id=1451556536767&contentShort=广州智沃信息技术有限公司在2015年成立于广州，公司专业致力于中小企业网站以及微信公众号服务开发，为各类行业提供应用解决方案,面向城市、校园、企事业以及银行。公司的技术骨干都先后任职过金蝶和中兴等知名&assetsIds=&documentTemplete=zhiwo-aboutus.jsp&geneTemplate=template/zhiwo-aboutus.ftl&mGeneTemplate=&channelId=1451532049377&title=公司简介&author=&color=&keyword=公司简介&hidden=true&priority=&source=&sourceAddr=&titleImage=&content=<p style=\"margin: 10px; padding: 0px; line-height: 27px; text-indent: 2em; font-size: 13px; color: r&fileName=&fileAddr=&size=&recommend=false&editorValue=<p style=\"margin: 10px; padding: 0px; line-height: 27px; text-indent: 2em; font-size: 13px; color: r',''),('1452521382140','access','admin','/admin',NULL,'/admin/document/deleteById','POST','idstring=1451968501462',''),('1452521414058','access','admin','/admin',NULL,'/admin/document/update/1451642283835','POST','id=1451642283835&contentShort=我们的宗旨为用户服务，我们能做的更好！我们的核心价值观以人为本、共同成长鼓励创新、注重细节关注过程、重视结果 我们的文化诚实与公平尊重与关心个人团队合作、良好沟通&assetsIds=&documentTemplete=zhiwo-aboutus.jsp&geneTemplate=template/zhiwo-aboutus.ftl&mGeneTemplate=&channelId=1451555446829&title=企业文化&author=&color=&keyword=&hidden=true&priority=&source=&sourceAddr=&titleImage=&content=<p style=\"text-align: left;\"><span style=\"font-family: 微软雅黑, &#39;Microsoft YaHei&#39;;\">我们的<span st&fileName=&fileAddr=&size=&recommend=false&editorValue=<p style=\"text-align: left;\"><span style=\"font-family: 微软雅黑, &#39;Microsoft YaHei&#39;;\">我们的<span st','');
/*!40000 ALTER TABLE `log` ENABLE KEYS */;
UNLOCK TABLES;

--
-- Table structure for table `t_qunhu_info`
--

DROP TABLE IF EXISTS `t_qunhu_info`;
/*!40101 SET @saved_cs_client     = @@character_set_client */;
/*!40101 SET character_set_client = utf8 */;
CREATE TABLE `t_qunhu_info` (
  `id` int(11) NOT NULL AUTO_INCREMENT,
  `create_Name` varchar(120) DEFAULT NULL COMMENT '数据规则：qunhu20150929_4455,qunhu+当天时间+4455是上一条记录的“_”后面的数字+1',
  `table_Name` varchar(120) DEFAULT NULL COMMENT '数据表名',
  `times` varchar(120) DEFAULT NULL,
  `callbs` varchar(120) DEFAULT NULL,
  `countB` int(11) DEFAULT NULL,
  `filename` varchar(120) DEFAULT NULL,
  `ip` varchar(120) DEFAULT NULL,
  `leixing` int(11) DEFAULT '0',
  PRIMARY KEY (`id`)
) ENGINE=InnoDB AUTO_INCREMENT=7 DEFAULT CHARSET=utf8;
/*!40101 SET character_set_client = @saved_cs_client */;

--
-- Dumping data for table `t_qunhu_info`
--

LOCK TABLES `t_qunhu_info` WRITE;
/*!40000 ALTER TABLE `t_qunhu_info` DISABLE KEYS */;
INSERT INTO `t_qunhu_info` VALUES (1,'1',NULL,NULL,NULL,NULL,NULL,NULL,1),(2,'1',NULL,NULL,NULL,NULL,NULL,NULL,2),(3,'2',NULL,NULL,NULL,NULL,NULL,NULL,1),(4,'2',NULL,NULL,NULL,NULL,NULL,NULL,2),(5,'3',NULL,NULL,NULL,NULL,NULL,NULL,1),(6,'3',NULL,NULL,NULL,NULL,NULL,NULL,2);
/*!40000 ALTER TABLE `t_qunhu_info` ENABLE KEYS */;
UNLOCK TABLES;

--
-- Table structure for table `tb_assets`
--

DROP TABLE IF EXISTS `tb_assets`;
/*!40101 SET @saved_cs_client     = @@character_set_client */;
/*!40101 SET character_set_client = utf8 */;
CREATE TABLE `tb_assets` (
  `id` varchar(120) NOT NULL,
  `name` varchar(120) DEFAULT NULL,
  `path` varchar(1200) DEFAULT NULL,
  `url` varchar(120) DEFAULT NULL,
  `create_date` datetime DEFAULT NULL,
  `update_date` datetime DEFAULT NULL,
  `size` int(11) DEFAULT NULL,
  PRIMARY KEY (`id`)
) ENGINE=InnoDB DEFAULT CHARSET=utf8;
/*!40101 SET character_set_client = @saved_cs_client */;

--
-- Dumping data for table `tb_assets`
--

LOCK TABLES `tb_assets` WRITE;
/*!40000 ALTER TABLE `tb_assets` DISABLE KEYS */;
INSERT INTO `tb_assets` VALUES ('1447078926018','20151109_102205.jpg','D:\\workspace\\.metadata\\.me_tcat7\\webapps\\syst\\\\upload\\1\\20151109_102205.jpg','/upload/1/20151109_102205.jpg','2015-11-09 22:22:06',NULL,NULL),('1447083013186','20151109_113013.jpg','D:\\workspace\\.metadata\\.me_tcat7\\webapps\\syst\\\\upload\\1\\20151109_113013.jpg','/upload/1/20151109_113013.jpg','2015-11-09 23:30:13',NULL,NULL),('1447083480982','20151109_113800.jpg','D:\\workspace\\.metadata\\.me_tcat7\\webapps\\syst\\\\upload\\1\\20151109_113800.jpg','/upload/1/20151109_113800.jpg','2015-11-09 23:38:01',NULL,NULL),('1447083499131','20151109_113819.jpg','D:\\workspace\\.metadata\\.me_tcat7\\webapps\\syst\\\\upload\\1\\20151109_113819.jpg','/upload/1/20151109_113819.jpg','2015-11-09 23:38:19',NULL,NULL),('1447502268742','20151114_075748.jpg','D:\\workspace\\.metadata\\.me_tcat7\\webapps\\syst\\upload\\1\\20151114_075748.jpg','/upload/1/20151114_075748.jpg','2015-11-14 19:57:49',NULL,NULL),('1447502638620','20151114_080358.jpg','D:\\workspace\\.metadata\\.me_tcat7\\webapps\\syst\\upload\\1\\20151114_080358.jpg','/upload/1/20151114_080358.jpg','2015-11-14 20:03:59',NULL,NULL),('1447502700691','20151114_080500.jpg','D:\\workspace\\.metadata\\.me_tcat7\\webapps\\syst\\upload\\1\\20151114_080500.jpg','/upload/1/20151114_080500.jpg','2015-11-14 20:05:01',NULL,NULL),('1447502727148','20151114_080527.png','D:\\workspace\\.metadata\\.me_tcat7\\webapps\\syst\\upload\\1\\20151114_080527.png','/upload/1/20151114_080527.png','2015-11-14 20:05:27',NULL,NULL),('1447634062641','20151116_083422.jpg','D:\\workspace\\.metadata\\.me_tcat7\\webapps\\syst\\upload\\1\\20151116_083422.jpg','/upload/1/20151116_083422.jpg','2015-11-16 08:34:23',NULL,NULL),('1447634224837','20151116_083704.jpg','D:\\workspace\\.metadata\\.me_tcat7\\webapps\\syst\\upload\\1\\20151116_083704.jpg','/upload/1/20151116_083704.jpg','2015-11-16 08:37:05',NULL,NULL),('1447634301705','20151116_083821.jpg','D:\\workspace\\.metadata\\.me_tcat7\\webapps\\syst\\upload\\1\\20151116_083821.jpg','/upload/1/20151116_083821.jpg','2015-11-16 08:38:22',NULL,NULL),('1447634377568','20151116_083937.jpg','D:\\workspace\\.metadata\\.me_tcat7\\webapps\\syst\\upload\\1\\20151116_083937.jpg','/upload/1/20151116_083937.jpg','2015-11-16 08:39:38',NULL,NULL),('1447639253865','20151116_100053.jpg','D:\\workspace\\.metadata\\.me_tcat7\\webapps\\syst\\upload\\1\\20151116_100053.jpg','/upload/1/20151116_100053.jpg','2015-11-16 10:00:54',NULL,NULL),('1447639355125','20151116_100235.jpg','D:\\workspace\\.metadata\\.me_tcat7\\webapps\\syst\\upload\\1\\20151116_100235.jpg','/upload/1/20151116_100235.jpg','2015-11-16 10:02:35',NULL,NULL),('1447662907538','20151116_043507.jpg','D:\\workspace\\.metadata\\.me_tcat7\\webapps\\syst\\upload\\1\\20151116_043507.jpg','/upload/1/20151116_043507.jpg','2015-11-16 16:35:08',NULL,NULL),('1447990985292','20151120_114304.jpg','D:\\workspace\\.metadata\\.me_tcat7\\webapps\\syst3_module\\upload\\1\\20151120_114304.jpg','/upload/1/20151120_114304.jpg','2015-11-20 11:43:05',NULL,NULL),('1447993341525','20151120_122221.jpg','D:\\Program Files (x86)\\MyEclipse Professional\\plugins\\com.genuitec.eclipse.easie.tomcat7.myeclipse_11.0.0.me201305151620\\tomcat\\bin\\webapp\\upload\\20151120_122221.jpg','/upload/1/20151120_122221.jpg','2015-11-20 12:22:22',NULL,NULL),('1447993438811','20151120_122348.jpg','/alidata/apachapache-tomcat-7.0.65/webapps/syst/upload/20151120_122348.jpg','/upload/1/20151120_122348.jpg','2015-11-20 12:23:59',NULL,NULL),('1447995460184','20151120_125739.jpg','D:\\Program Files\\apache-tomcat-7.0.59\\webapps\\syst\\upload\\20151120_125739.jpg','/upload/1/20151120_125739.jpg','2015-11-20 12:57:40',NULL,NULL),('1447995867580','20151120_010357.jpg','D://workspace//jcincms_base//syst3_module//src//main//webapp//upload//20151120_010357.jpg','/upload/1/20151120_010357.jpg','2015-11-20 13:04:28',NULL,NULL),('1447996348316','20151120_011215.jpg','D://workspace//jcincms_base//syst3_module//src//main//webapp//upload//20151120_011215.jpg','/upload/1/20151120_011215.jpg','2015-11-20 13:12:28',NULL,NULL),('1447998572022','20151120_014931.jpg','D://workspace//.metadata//.me_tcat7//webapps//syst//upload//20151120_014931.jpg','/upload/1/20151120_014931.jpg','2015-11-20 13:49:32',NULL,NULL),('1447998802063','20151120_015310.jpg','D:\\workspace\\.metadata\\.me_tcat7\\webapps\\syst\\upload\\1\\20151120_015310.jpg','/upload/1/20151120_015310.jpg','2015-11-20 13:53:22',NULL,NULL),('1447999133900','20151120_015850.jpg','D:\\workspace\\.metadata\\.me_tcat7\\webapps\\syst\\upload\\1\\20151120_015850.jpg','/upload/1/20151120_015850.jpg','2015-11-20 13:58:54',NULL,NULL),('1447999374906','20151120_020254.jpg','D:\\workspace\\.metadata\\.me_tcat7\\webapps\\syst//upload\\20151120_020254.jpg','/upload/1/20151120_020254.jpg','2015-11-20 14:02:55',NULL,NULL),('1447999562740','20151120_020602.jpg','D:\\workspace\\.metadata\\.me_tcat7\\webapps\\syst\\upload\\20151120_020602.jpg','/upload/1/20151120_020602.jpg','2015-11-20 14:06:03',NULL,NULL),('1447999660911','20151120_020740.jpg','D:\\workspace\\.metadata\\.me_tcat7\\webapps\\syst\\upload\\1\\20151120_020740.jpg','/upload/1/20151120_020740.jpg','2015-11-20 14:07:41',NULL,NULL),('1447999837785','20151120_021037.jpg','D:\\workspace\\.metadata\\.me_tcat7\\webapps\\syst\\upload\\1\\20151120_021037.jpg','/upload/1/20151120_021037.jpg','2015-11-20 14:10:38',NULL,NULL),('1448006922435','20151120_040842.jpg','D:\\workspace\\.metadata\\.me_tcat7\\webapps\\syst\\upload\\1\\20151120_040842.jpg','/upload/1/20151120_040842.jpg','2015-11-20 16:08:42',NULL,NULL),('1449670053892','20151209_100733.jpg','D:\\workspace\\.metadata\\.me_tcat7\\webapps\\ROOT\\upload\\1\\20151209_100733.jpg','/upload/1/20151209_100733.jpg','2015-12-09 22:07:34',NULL,NULL),('1449670278887','20151209_101118.jpg','D:\\workspace\\.metadata\\.me_tcat7\\webapps\\syst3_module\\upload\\1\\20151209_101118.jpg','/upload/1/20151209_101118.jpg','2015-12-09 22:11:19',NULL,NULL),('1451552504539','20151231_050144.jpg','D:\\workspace\\.metadata\\.me_tcat7\\webapps\\ROOT\\upload\\1\\20151231_050144.jpg','/upload/1/20151231_050144.jpg','2015-12-31 17:01:45',NULL,NULL),('1451552710943','20151231_050510.jpg','D:\\workspace\\.metadata\\.me_tcat7\\webapps\\ROOT\\upload\\1\\20151231_050510.jpg','/upload/1/20151231_050510.jpg','2015-12-31 17:05:11',NULL,NULL),('1451553025864','20151231_051025.jpg','D:\\workspace\\.metadata\\.me_tcat7\\webapps\\ROOT\\upload\\1\\20151231_051025.jpg','/upload/1/20151231_051025.jpg','2015-12-31 17:10:26',NULL,NULL),('1451553354074','20151231_051553.jpg','D:\\workspace\\.metadata\\.me_tcat7\\webapps\\ROOT\\upload\\1\\20151231_051553.jpg','/upload/1/20151231_051553.jpg','2015-12-31 17:15:54',NULL,NULL),('1451553896373','20151231_052456.jpg','D:\\workspace\\.metadata\\.me_tcat7\\webapps\\ROOT\\upload\\1\\20151231_052456.jpg','/upload/1/20151231_052456.jpg','2015-12-31 17:24:56',NULL,NULL),('1451554278520','20151231_053118.jpg','D:\\workspace\\.metadata\\.me_tcat7\\webapps\\ROOT\\upload\\1\\20151231_053118.jpg','/upload/1/20151231_053118.jpg','2015-12-31 17:31:19',NULL,NULL);
/*!40000 ALTER TABLE `tb_assets` ENABLE KEYS */;
UNLOCK TABLES;

--
-- Table structure for table `tb_db_backup`
--

DROP TABLE IF EXISTS `tb_db_backup`;
/*!40101 SET @saved_cs_client     = @@character_set_client */;
/*!40101 SET character_set_client = utf8 */;
CREATE TABLE `tb_db_backup` (
  `id` varchar(120) NOT NULL,
  `name` varchar(120) DEFAULT NULL COMMENT '名称',
  `path` varchar(120) DEFAULT NULL COMMENT '存放路径',
  `create_date` datetime DEFAULT NULL COMMENT '创建日期',
  PRIMARY KEY (`id`)
) ENGINE=InnoDB DEFAULT CHARSET=utf8 COMMENT='数据库备份表';
/*!40101 SET character_set_client = @saved_cs_client */;

--
-- Dumping data for table `tb_db_backup`
--

LOCK TABLES `tb_db_backup` WRITE;
/*!40000 ALTER TABLE `tb_db_backup` DISABLE KEYS */;
INSERT INTO `tb_db_backup` VALUES ('00ea3581-b53c-44f0-82db-2784f7caf669','20151116_050901.sql','D:\\MySQl\\20151116_050901.sql','2015-11-16 17:09:09'),('0a5ce7b4-5ea0-4604-a60a-7dd683cd2047','20151222_120000.sql','D:\\MySQl\\20151222_120000.sql','2015-12-22 12:00:05'),('0e7e9396-59fe-4197-84f1-b57d217d5be9','20151224_120000.sql','D:\\MySQl\\20151224_120000.sql','2015-12-24 12:00:05'),('13c423c3-f29e-405a-bd79-64e360e40d8f','20151211_120000.sql','D:\\MySQl\\20151211_120000.sql','2015-12-11 12:00:06'),('1e905c3f-1767-4aec-a9ca-77f4fcd54632','20151120_120000.sql','D:\\MySQl\\20151120_120000.sql','2015-11-20 12:00:09'),('1f457b78-7e47-4cf6-8944-437522a1edc3','20160103_120000.sql','D:\\MySQl\\20160103_120000.sql','2016-01-03 12:00:04'),('2248fca4-807c-499f-9806-5088bf55aa8e','20151231_125917.sql','D:\\MySQl\\20151231_125917.sql','2015-12-31 12:59:54'),('28397621-26c4-4b77-9a66-e7fecfe12dff','20160103_085205.sql','D:\\MySQl\\20160103_085205.sql','2016-01-03 08:53:03'),('28b352e2-aa80-49fc-b837-df32cc474644','20151220_015938.sql','D:\\MySQl\\20151220_015938.sql','2015-12-20 14:00:15'),('2dd2a112-33f2-401d-8227-b0faa6a1f0fa','20151215_120000.sql','D:\\MySQl\\20151215_120000.sql','2015-12-15 12:00:06'),('34bb3d52-90d3-432d-8224-3ad66a45f954','20151209_120000.sql','D:\\MySQl\\20151209_120000.sql','2015-12-09 12:00:08'),('37d0fa1f-b137-451c-b87d-debb477b609c','20160110_120000.sql','D:\\MySQl\\20160110_120000.sql','2016-01-10 12:00:03'),('3e77a379-4044-42b0-8065-dae06ca6bed1','20151130_084929.sql','D:\\MySQl\\20151130_084929.sql','2015-11-30 20:49:34'),('3f7ec99f-cac3-4adc-bbb5-5faf5fb9f109','20151121_120801.sql','D:\\MySQl\\20151121_120801.sql','2015-11-21 12:08:05'),('42954a53-0c43-4504-a2ef-d6535e21426b','20151219_120000.sql','D:\\MySQl\\20151219_120000.sql','2015-12-19 12:00:14'),('44ace728-9f1b-4891-b9f6-d7073c623998','20151205_120000.sql','D:\\MySQl\\20151205_120000.sql','2015-12-05 12:00:04'),('474f0d6c-e666-46db-aa7f-2879c4a1726b','20160109_120007.sql','D:\\MySQl\\20160109_120007.sql','2016-01-09 12:00:13'),('4ce3a913-fbf1-451a-9bba-5a0478043627','20151216_120011.sql','D:\\MySQl\\20151216_120011.sql','2015-12-16 12:00:19'),('534f0b93-1d04-45ea-b989-4db27984f684','20160108_120000.sql','D:\\MySQl\\20160108_120000.sql','2016-01-08 12:00:03'),('5acd1370-25b0-4797-9028-03584c044569','20151223_120000.sql','D:\\MySQl\\20151223_120000.sql','2015-12-23 12:00:04'),('5ad31d88-6b8e-4eca-987e-2b39d999efbd','20151114_120000.sql','D:\\MySQl\\20151114_120000.sql','2015-11-14 12:00:08'),('6135f1ff-2592-437f-a752-f4bcd42bb27d','20151225_014512.sql','D:\\MySQl\\20151225_014512.sql','2015-12-25 13:45:54'),('69956a55-4768-4153-b608-f596b4d51dd2','20151226_120013.sql','D:\\MySQl\\20151226_120013.sql','2015-12-26 12:00:18'),('6d65a193-5b54-4820-9d1c-f33b34b7397f','20151124_102626.sql','D:\\MySQl\\20151124_102626.sql','2015-11-24 10:26:34'),('6e0fd379-8540-4771-93d4-88edc6746c36','20151214_120000.sql','D:\\MySQl\\20151214_120000.sql','2015-12-14 12:00:05'),('71315119-2ed6-45e9-9817-ab8b23b7695e','20151117_120000.sql','D:\\MySQl\\20151117_120000.sql','2015-11-17 12:00:07'),('735d1538-07df-4658-8d9e-e1331fa8c374','20151213_120000.sql','D:\\MySQl\\20151213_120000.sql','2015-12-13 12:00:04'),('749f0be8-41cb-47e7-8a5a-9b7d13c636cc','20151218_120008.sql','D:\\MySQl\\20151218_120008.sql','2015-12-18 12:00:16'),('82489958-6b00-4eff-8a12-cf861cd259ab','20151228_120000.sql','D:\\MySQl\\20151228_120000.sql','2015-12-28 12:00:09'),('87460ac9-08ff-41a4-ad5d-882d829aacb3','20151221_120000.sql','D:\\MySQl\\20151221_120000.sql','2015-12-21 12:00:06'),('99ce74a7-5d7d-44fd-9cb4-b6ea564de1f2','20151111_113314.sql','D:\\MySQl\\20151111_113314.sql','2015-11-11 11:33:16'),('9a86c8b8-27a8-42f8-a5f2-69159e2df3a1','20160105_120000.sql','D:\\MySQl\\20160105_120000.sql','2016-01-05 12:00:07'),('9b008405-54f1-4dc7-8096-3aa3a0f925d0','20151201_120000.sql','D:\\MySQl\\20151201_120000.sql','2015-12-01 12:00:03'),('9bb2a074-dbb5-4df9-9c4b-fb4014e6651f','20151128_120000.sql','D:\\MySQl\\20151128_120000.sql','2015-11-28 12:00:09'),('9c44dd15-1ca0-4a5e-bacc-082919cfbf9d','20160107_120000.sql','D:\\MySQl\\20160107_120000.sql','2016-01-07 12:00:02'),('a07de7cf-d5e5-4c63-b4c2-8db152378686','20160104_120002.sql','D:\\MySQl\\20160104_120002.sql','2016-01-04 12:00:08'),('a1281737-822a-42bf-a57f-511e0bcf7d51','20151111_120000.sql','D:\\MySQl\\20151111_120000.sql','2015-11-11 12:00:02'),('a46ac729-f2fd-46ff-a403-35072c969e99','20151117_021327.sql','D:\\MySQl\\20151117_021327.sql','2015-11-17 14:13:31'),('aa7742fe-53de-4f87-92be-a8bb9437d3bb','20151130_120000.sql','D:\\MySQl\\20151130_120000.sql','2015-11-30 12:00:07'),('b2384290-1fd9-4920-88f5-eacf8a77deb3','20151122_025007.sql','D:\\MySQl\\20151122_025007.sql','2015-11-22 14:50:39'),('b5d7f84b-31f6-470a-a293-d6ea8dd41a4e','20151211_072132.sql','D:\\MySQl\\20151211_072132.sql','2015-12-11 19:21:38'),('b96d888d-99e2-49ad-b517-ed9196a93b77','20151210_120000.sql','D:\\MySQl\\20151210_120000.sql','2015-12-10 12:00:04'),('c2982d71-d2af-46f9-9710-80e18b95f2bd','20151203_120006.sql','D:\\MySQl\\20151203_120006.sql','2015-12-03 12:00:10'),('c55350ed-49e9-4d6f-a8a0-bd555b0daff2','20151121_120000.sql','D:\\MySQl\\20151121_120000.sql','2015-11-21 12:00:05'),('ca9e2f26-9324-438d-b865-82854945bdd1','20160109_110216.sql','D:\\MySQl\\20160109_110216.sql','2016-01-09 23:02:20'),('d50f2837-3688-48aa-9495-a3fa983f27fd','20151204_120010.sql','D:\\MySQl\\20151204_120010.sql','2015-12-04 12:00:18'),('e06680b4-6716-4cdb-b635-0ce2c6377772','20151112_025608.sql','D:\\MySQl\\20151112_025608.sql','2015-11-12 14:56:15'),('ea8bf930-74d1-4f79-b42a-c4dbb6187782','20151208_120000.sql','D:\\MySQl\\20151208_120000.sql','2015-12-08 12:00:07'),('f65b611f-94f9-4b38-acaf-37775712e32b','20151229_012255.sql','D:\\MySQl\\20151229_012255.sql','2015-12-29 13:23:48'),('fa520109-d3ac-42f9-a6a4-0769b59d0c8d','20151113_120000.sql','D:\\MySQl\\20151113_120000.sql','2015-11-13 12:00:14');
/*!40000 ALTER TABLE `tb_db_backup` ENABLE KEYS */;
UNLOCK TABLES;

--
-- Table structure for table `tb_dictionary`
--

DROP TABLE IF EXISTS `tb_dictionary`;
/*!40101 SET @saved_cs_client     = @@character_set_client */;
/*!40101 SET character_set_client = utf8 */;
CREATE TABLE `tb_dictionary` (
  `id` varchar(120) NOT NULL,
  `type` varchar(45) DEFAULT NULL,
  `label` varchar(45) DEFAULT NULL,
  `value` varchar(45) DEFAULT NULL,
  PRIMARY KEY (`id`)
) ENGINE=InnoDB DEFAULT CHARSET=utf8;
/*!40101 SET character_set_client = @saved_cs_client */;

--
-- Dumping data for table `tb_dictionary`
--

LOCK TABLES `tb_dictionary` WRITE;
/*!40000 ALTER TABLE `tb_dictionary` DISABLE KEYS */;
INSERT INTO `tb_dictionary` VALUES ('1444633076622','available','是','true'),('1444633285663','available','否','false'),('1444635718573','sex','男','1'),('1444635730059','sex','女','0'),('1445084486206','openMode','是','true'),('1445084504313','openMode','否','false'),('1445567200072','hidden','是','true'),('1445567211523','hidden','否','false'),('1445740433805','asdocument','是','true'),('1445740454594','asdocument','否','false'),('1447471583389','recommend','是','true'),('1447471593870','recommend','否','false');
/*!40000 ALTER TABLE `tb_dictionary` ENABLE KEYS */;
UNLOCK TABLES;

--
-- Table structure for table `tb_organization`
--

DROP TABLE IF EXISTS `tb_organization`;
/*!40101 SET @saved_cs_client     = @@character_set_client */;
/*!40101 SET character_set_client = utf8 */;
CREATE TABLE `tb_organization` (
  `id` varchar(120) NOT NULL,
  `name` varchar(120) DEFAULT NULL,
  `parent_id` varchar(120) DEFAULT NULL,
  `parent_ids` varchar(1200) DEFAULT NULL,
  `available` tinyint(1) DEFAULT '1',
  `create_date` datetime DEFAULT NULL,
  `update_date` datetime DEFAULT NULL,
  PRIMARY KEY (`id`),
  KEY `fk_orga_orga_idx` (`parent_id`),
  CONSTRAINT `fk_orga_orga` FOREIGN KEY (`parent_id`) REFERENCES `tb_organization` (`id`) ON DELETE CASCADE ON UPDATE CASCADE
) ENGINE=InnoDB DEFAULT CHARSET=utf8;
/*!40101 SET character_set_client = @saved_cs_client */;

--
-- Dumping data for table `tb_organization`
--

LOCK TABLES `tb_organization` WRITE;
/*!40000 ALTER TABLE `tb_organization` DISABLE KEYS */;
INSERT INTO `tb_organization` VALUES ('1444636328008','公司',NULL,NULL,1,'2015-10-12 15:52:08',NULL),('1444636521670','财务部','1444636328008','1444636328008',1,'2015-10-12 15:55:22',NULL),('1444636560192','市场部','1444636328008','1444636328008',0,NULL,'2015-10-15 14:52:00'),('1444636575952','研发部','1444636328008','1444636328008',1,'2015-10-12 15:56:16',NULL),('1444636666661','研发一部','1444636575952','1444636328008,1444636575952',1,'2015-10-12 15:57:47',NULL),('1444636687117','研发二部','1444636575952','1444636328008,1444636575952',1,'2015-10-12 15:58:07',NULL),('1444890482058','研发三部','1444636575952','1444636328008,1444636575952',1,'2015-10-15 14:28:02',NULL);
/*!40000 ALTER TABLE `tb_organization` ENABLE KEYS */;
UNLOCK TABLES;

--
-- Table structure for table `tb_organization_resource`
--

DROP TABLE IF EXISTS `tb_organization_resource`;
/*!40101 SET @saved_cs_client     = @@character_set_client */;
/*!40101 SET character_set_client = utf8 */;
CREATE TABLE `tb_organization_resource` (
  `id` varchar(120) NOT NULL,
  `organization_id` varchar(120) DEFAULT NULL,
  `resource_id` varchar(120) DEFAULT NULL,
  PRIMARY KEY (`id`),
  KEY `fk_tb_organization_resource_organization_idx` (`organization_id`),
  KEY `fk_tb_organization_resource_resource_idx` (`resource_id`),
  CONSTRAINT `fk_tb_organization_resource_organization` FOREIGN KEY (`organization_id`) REFERENCES `tb_organization` (`id`) ON DELETE CASCADE ON UPDATE CASCADE,
  CONSTRAINT `fk_tb_organization_resource_resource` FOREIGN KEY (`resource_id`) REFERENCES `tb_resource` (`id`) ON DELETE CASCADE ON UPDATE CASCADE
) ENGINE=InnoDB DEFAULT CHARSET=utf8;
/*!40101 SET character_set_client = @saved_cs_client */;

--
-- Dumping data for table `tb_organization_resource`
--

LOCK TABLES `tb_organization_resource` WRITE;
/*!40000 ALTER TABLE `tb_organization_resource` DISABLE KEYS */;
INSERT INTO `tb_organization_resource` VALUES ('0f9d93eb-11e8-4a60-b0a9-ded22fbbc250','1444636328008','2'),('12392a7c-251f-4ba9-b58e-c599cfe4bfa4','1444636328008','1444987149377'),('3ac842dd-658a-4097-ac91-78128b453972','1444636328008','14'),('3e45459a-b500-4803-b7ec-ff028d2a89fa','1444636328008','1444573378567'),('4795b80e-2d0d-42ee-8cf1-ef78a847dae6','1444636328008','15'),('5351f315-922d-4e6d-9853-171c1dee7eaf','1444636328008','1444548142152'),('66abf7f8-b73f-45c3-ab15-8a124841715a','1444636328008','7'),('6d3421f6-4769-4760-99d8-1e0ae547d6a7','1444636328008','5'),('7207372f-d4f2-41fa-afe8-6aabfb4c6d07','1444636328008','1445075669752'),('75560d18-ad7c-4052-b675-225c1ee3e6ee','1444636328008','9'),('837653a2-4795-445e-8d7c-2119e7d3719f','1444636328008','1444987225918'),('84a441d3-a794-4dd3-9f21-f5910d8f7243','1444636328008','17'),('8bd40b78-2103-48d1-a8e9-6ddd1051b51a','1444636328008','6'),('91618d1d-92a1-4d34-b63a-50b8cc79d6c5','1444636328008','16'),('9b9e3d97-fb15-4165-bd93-e5515d6550f8','1444636328008','1444631314253'),('a36a55f5-4726-41dd-a45f-27a495b0a905','1444636328008','13'),('a4443347-7ca7-444a-b7d2-0051cfba93a3','1444636328008','3'),('b052209b-fe23-47d6-8ebd-2c03cfe1abe4','1444636328008','1444459418042'),('b2ba56d4-5db6-4b2b-91fa-e0d7d0648571','1444636328008','4'),('bbb185df-a91c-4bde-9161-b3dd02320446','1444636328008','12'),('cc07ba67-2833-45ad-a5a0-57098fc0eeb6','1444636560192','1444573378567'),('d1d152b4-0e7a-46b7-9fc0-8c418dc0867a','1444636328008','1445075702637'),('d4a303a3-a4c5-49e9-b3af-7cdaf1694f76','1444636328008','1444573320799'),('d8041cc7-9bd1-42bf-a01d-6b901a9f0952','1444636328008','10'),('df33aac9-cfac-4039-abbf-cf98aac377f3','1444636328008','11'),('ee0e640d-2787-4aae-9dbf-d07d6ae12c0b','1444636328008','8'),('ff58c11c-1fcb-42c5-9b3b-cf7363880aa6','1444636560192','1444573320799');
/*!40000 ALTER TABLE `tb_organization_resource` ENABLE KEYS */;
UNLOCK TABLES;

--
-- Table structure for table `tb_resource`
--

DROP TABLE IF EXISTS `tb_resource`;
/*!40101 SET @saved_cs_client     = @@character_set_client */;
/*!40101 SET character_set_client = utf8 */;
CREATE TABLE `tb_resource` (
  `id` varchar(120) NOT NULL,
  `name` varchar(120) DEFAULT NULL COMMENT '菜单名',
  `parentids` varchar(1200) DEFAULT NULL COMMENT '父亲节点集，用逗号分开',
  `parent_id` varchar(120) DEFAULT NULL COMMENT '父亲节点',
  `auth_name` varchar(120) DEFAULT NULL COMMENT '权限名称',
  `path` varchar(120) DEFAULT NULL COMMENT '访问路径，以“/”开头',
  `type` varchar(45) DEFAULT 'menu' COMMENT '资源类型，可以为menu或者button',
  `create_date` datetime DEFAULT NULL COMMENT '创建日期',
  `update_date` datetime DEFAULT NULL COMMENT '更新日期',
  `create_by` varchar(120) DEFAULT NULL COMMENT '创建人',
  `update_by` varchar(120) DEFAULT NULL COMMENT '更新人',
  `sort` int(11) DEFAULT '0' COMMENT '默认0',
  PRIMARY KEY (`id`),
  KEY `fk_tb_resource_tb_resource_idx` (`parent_id`),
  CONSTRAINT `fk_tb_resource_tb_resource` FOREIGN KEY (`parent_id`) REFERENCES `tb_resource` (`id`) ON DELETE CASCADE ON UPDATE CASCADE
) ENGINE=InnoDB DEFAULT CHARSET=utf8;
/*!40101 SET character_set_client = @saved_cs_client */;

--
-- Dumping data for table `tb_resource`
--

LOCK TABLES `tb_resource` WRITE;
/*!40000 ALTER TABLE `tb_resource` DISABLE KEYS */;
INSERT INTO `tb_resource` VALUES ('10','角色管理删除','2,8','8','role:delete',NULL,'button',NULL,NULL,NULL,NULL,NULL),('11','角色管理修改','2,8','8','role:update',NULL,'button',NULL,NULL,NULL,NULL,NULL),('12','角色管理查询','2,8','8','role:view',NULL,'button',NULL,NULL,NULL,NULL,NULL),('13','资源管理','2','2','resource:*','/resource','menu',NULL,NULL,NULL,NULL,NULL),('14','资源管理新增','2,13','13','resource:create',NULL,'button',NULL,NULL,NULL,NULL,NULL),('1444459418042','日志管理','2','2','log:*','/log','menu',NULL,NULL,NULL,NULL,NULL),('1444548142152','组织管理','2','2','organization:*','/organization','menu',NULL,NULL,NULL,NULL,NULL),('1444573320799','关于系统',NULL,NULL,'','','menu',NULL,'2015-12-23 17:31:28',NULL,'admin',1),('1444573378567','产品信息','1444573320799','1444573320799','','/user/productInfo','menu',NULL,NULL,NULL,NULL,NULL),('1444631314253','字典管理','2','2','dictionary:*','/dictionary','menu',NULL,NULL,NULL,NULL,NULL),('1444987149377','数据库',NULL,NULL,'','','menu',NULL,'2015-12-23 17:31:47',NULL,'admin',3),('1444987225918','数据库备份管理','1444987149377','1444987149377','dbBackup:*','/dbBackup','menu',NULL,NULL,NULL,NULL,NULL),('1445075669752','栏目',NULL,NULL,'channel:*','/channel','menu',NULL,'2015-12-23 17:32:09',NULL,'admin',4),('1445075702637','文档',NULL,NULL,'document:*','/document','menu',NULL,'2015-12-23 17:32:34',NULL,'admin',5),('1448077430572','栏目新增','1445075669752','1445075669752','channel:create','','button',NULL,NULL,NULL,NULL,NULL),('1448077501999','栏目修改','1445075669752','1445075669752','channel:update','','button',NULL,NULL,NULL,NULL,NULL),('1448077536293','栏目删除','1445075669752','1445075669752','channel:delete','','button',NULL,NULL,NULL,NULL,NULL),('1448077557959','栏目查询','1445075669752','1445075669752','channel:view','','button',NULL,NULL,NULL,NULL,NULL),('1448078024172','文档新增','1445075702637','1445075702637','document:create','','button',NULL,NULL,NULL,NULL,NULL),('1448078045387','文档修改','1445075702637','1445075702637','document:update','','button',NULL,NULL,NULL,NULL,NULL),('1448078495058','文档删除','1445075702637','1445075702637','document:delete','','button',NULL,NULL,NULL,NULL,NULL),('1449130042353','页面生成',NULL,NULL,'htmlgenerate:view','/htmlgenerate','menu',NULL,'2015-12-23 17:32:45',NULL,'admin',6),('15','资源管理删除','2,13','13','resource:delete',NULL,'button',NULL,NULL,NULL,NULL,NULL),('16','资源管理修改','2,13','13','resource:update',NULL,'button',NULL,NULL,NULL,NULL,NULL),('17','资源管理查询','2,13','13','resource:view',NULL,'button',NULL,NULL,NULL,NULL,NULL),('2','系统管理',NULL,NULL,NULL,NULL,'menu',NULL,NULL,NULL,NULL,2),('3','用户管理','2','2','user:*','/user','menu',NULL,NULL,NULL,NULL,NULL),('4','用户管理新增','2,3','3','user:create',NULL,'button',NULL,NULL,NULL,NULL,NULL),('5','用户管理删除','2,3','3','user:delete',NULL,'button',NULL,NULL,NULL,NULL,NULL),('6','用户管理修改','2,3','3','user:update',NULL,'button',NULL,NULL,NULL,NULL,NULL),('7','用户管理查询','2,3','3','user:view',NULL,'button',NULL,NULL,NULL,NULL,NULL),('8','角色管理','2','2','role:*','/role','menu',NULL,NULL,NULL,NULL,NULL),('9','角色管理新增','2,8','8','role:create',NULL,'button',NULL,NULL,NULL,NULL,NULL);
/*!40000 ALTER TABLE `tb_resource` ENABLE KEYS */;
UNLOCK TABLES;

--
-- Table structure for table `tb_role`
--

DROP TABLE IF EXISTS `tb_role`;
/*!40101 SET @saved_cs_client     = @@character_set_client */;
/*!40101 SET character_set_client = utf8 */;
CREATE TABLE `tb_role` (
  `id` varchar(120) NOT NULL,
  `name` varchar(120) DEFAULT NULL,
  `create_date` datetime DEFAULT NULL,
  `update_date` datetime DEFAULT NULL,
  `create_by` varchar(120) DEFAULT NULL,
  `update_by` varchar(120) DEFAULT NULL,
  PRIMARY KEY (`id`)
) ENGINE=InnoDB DEFAULT CHARSET=utf8;
/*!40101 SET character_set_client = @saved_cs_client */;

--
-- Dumping data for table `tb_role`
--

LOCK TABLES `tb_role` WRITE;
/*!40000 ALTER TABLE `tb_role` DISABLE KEYS */;
INSERT INTO `tb_role` VALUES ('1','admin',NULL,NULL,NULL,NULL),('1444806243281','test1',NULL,NULL,NULL,NULL),('2','test',NULL,NULL,NULL,NULL);
/*!40000 ALTER TABLE `tb_role` ENABLE KEYS */;
UNLOCK TABLES;

--
-- Table structure for table `tb_role_resource`
--

DROP TABLE IF EXISTS `tb_role_resource`;
/*!40101 SET @saved_cs_client     = @@character_set_client */;
/*!40101 SET character_set_client = utf8 */;
CREATE TABLE `tb_role_resource` (
  `id` varchar(120) NOT NULL,
  `role_id` varchar(120) DEFAULT NULL,
  `resource_id` varchar(120) DEFAULT NULL,
  PRIMARY KEY (`id`),
  KEY `fk_tb_role_tb_resource_tb_role_idx` (`role_id`),
  KEY `fk_tb_role_tb_resource_tb_resource_idx` (`resource_id`),
  CONSTRAINT `fk_tb_role_tb_resource_tb_resource` FOREIGN KEY (`resource_id`) REFERENCES `tb_resource` (`id`) ON DELETE CASCADE ON UPDATE CASCADE,
  CONSTRAINT `fk_tb_role_tb_resource_tb_role` FOREIGN KEY (`role_id`) REFERENCES `tb_role` (`id`) ON DELETE CASCADE ON UPDATE CASCADE
) ENGINE=InnoDB DEFAULT CHARSET=utf8;
/*!40101 SET character_set_client = @saved_cs_client */;

--
-- Dumping data for table `tb_role_resource`
--

LOCK TABLES `tb_role_resource` WRITE;
/*!40000 ALTER TABLE `tb_role_resource` DISABLE KEYS */;
INSERT INTO `tb_role_resource` VALUES ('00f52a79-22fd-426e-8cd4-fac4d6817982','1','1444987225918'),('068b0210-a8e6-47aa-9600-96e8aeca0614','1','1444548142152'),('10cc1c5d-3640-43f0-bf83-57a099873b00','2','1444573378567'),('13d84466-0c78-4a30-95a4-e482485cde91','1','1445075669752'),('16dbfd2e-1d14-4f6f-9ed4-74a4f805cf5d','1','6'),('1c8daa8f-9de5-419f-a6e6-0fd85a7f7471','1','1444631314253'),('20c28a7c-a787-421f-b481-e4294f0ca8c8','1','1444459418042'),('21ad0471-0b77-4bdc-a520-600594875303','1','11'),('2635aebc-e60d-40a7-81ba-8d5994de9a20','1','1448078024172'),('3155b39a-6cd8-4ba2-837f-e8d58788d4f3','1','2'),('36bfe9ae-88fc-4d85-9f0a-020f8229c9e1','1','8'),('3a8f3385-4b9d-4584-9e49-d3680af369ef','1','13'),('411be081-f216-49f3-b869-7080c316a0ca','1','3'),('41762142-875f-4484-898a-6e09644843ae','1','15'),('44819097-1255-41e3-bbda-bf511371a1bb','1','12'),('4556d2b9-22a4-4660-a47d-7029aa3ee04c','1444806243281','17'),('45f2d9e9-cd05-43cd-a65d-1e2ff431e73c','1','14'),('4605eb8b-ea6e-4d9b-83bb-f62e0929b644','1444806243281','1444573378567'),('4b546a98-872a-4438-ae96-06de7198fb82','1','9'),('510f47c1-394a-45b3-9c8d-6163871e7687','2','1444459418042'),('56b3fd88-6beb-4c3a-acb5-fafd3c119fdb','1','16'),('5daa2d91-3b43-46e9-8f17-81515f83c7ab','1','1444987149377'),('622366f8-af95-451c-8c51-13793f6162bd','1','1445075702637'),('6f3a0c56-e65b-43e8-8acf-1e09321faaf2','1','1448077501999'),('80b6eb98-c425-46c3-afd0-2bb84aca59d0','1','1444573378567'),('84757e6c-f474-40a4-a5a3-3859724fba04','1','17'),('863a7676-c7cd-47c5-ac0b-d5f299b07482','1','1448077557959'),('8a865b2e-4e69-407a-b55a-ef9b3999d7a0','1','1448078045387'),('8deb1a05-4ca2-4fec-bb24-b98450dd3c52','1','10'),('a2cd11e1-a2dc-4651-bce0-ba80e0cbb678','1','7'),('a460bd26-e993-4830-8202-7ba55727305e','1','1444573320799'),('b4088fde-1b81-478b-acfb-c296161adaf5','2','1444573320799'),('bbdca356-6688-49f2-a650-dcc679f01523','1','1448077536293'),('bc2c0199-9d0c-4354-b90d-e248002ead9d','1444806243281','1444573320799'),('bfb80025-7a33-4ddb-b0a6-de24d2215ae0','1','1448077430572'),('cc00a7d5-27fb-473f-b586-d581233d8fbd','1','1449130042353'),('e4314fd6-b21e-420e-ae23-cc9b9df6db70','1','5'),('e9c1f0f5-f5db-4739-838f-e2b468155b75','1','1448078495058'),('ed30854a-b19b-4a09-acf4-307a5df3927b','1','4');
/*!40000 ALTER TABLE `tb_role_resource` ENABLE KEYS */;
UNLOCK TABLES;

--
-- Table structure for table `tb_user`
--

DROP TABLE IF EXISTS `tb_user`;
/*!40101 SET @saved_cs_client     = @@character_set_client */;
/*!40101 SET character_set_client = utf8 */;
CREATE TABLE `tb_user` (
  `id` varchar(120) NOT NULL,
  `username` varchar(120) DEFAULT NULL COMMENT '用户登录名',
  `password` varchar(1200) DEFAULT NULL COMMENT '密码，加密存储',
  `login_date` datetime DEFAULT NULL,
  `create_date` datetime DEFAULT NULL COMMENT '创建日期',
  `update_date` datetime DEFAULT NULL COMMENT '更新日期',
  `show_name` varchar(45) DEFAULT NULL COMMENT '显示名称',
  `email` varchar(45) DEFAULT NULL COMMENT '邮箱',
  `mobile` varchar(45) DEFAULT NULL COMMENT '移动电话',
  `login_count` int(11) DEFAULT '0' COMMENT '登录次数',
  `login_ip` varchar(45) DEFAULT NULL COMMENT '登录IP',
  `last_login` datetime DEFAULT NULL COMMENT '上一次登录',
  `sex` tinyint(4) DEFAULT NULL COMMENT '性别',
  `create_by` varchar(120) DEFAULT NULL COMMENT '创建人',
  `update_by` varchar(120) DEFAULT NULL COMMENT '更新人',
  `head_image` varchar(120) DEFAULT NULL COMMENT '头像',
  `lock` tinyint(1) DEFAULT '0' COMMENT '是否锁定，1表示是，0表示否',
  PRIMARY KEY (`id`)
) ENGINE=InnoDB DEFAULT CHARSET=utf8;
/*!40101 SET character_set_client = @saved_cs_client */;

--
-- Dumping data for table `tb_user`
--

LOCK TABLES `tb_user` WRITE;
/*!40000 ALTER TABLE `tb_user` DISABLE KEYS */;
INSERT INTO `tb_user` VALUES ('1','admin','ea48576f30be1669971699c09ad05c94','2016-01-11 21:52:00',NULL,'2016-01-11 21:52:00',NULL,'wefewe',NULL,85,'127.0.0.1','2016-01-10 21:54:15',1,NULL,NULL,NULL,0);
/*!40000 ALTER TABLE `tb_user` ENABLE KEYS */;
UNLOCK TABLES;

--
-- Table structure for table `tb_user_organization`
--

DROP TABLE IF EXISTS `tb_user_organization`;
/*!40101 SET @saved_cs_client     = @@character_set_client */;
/*!40101 SET character_set_client = utf8 */;
CREATE TABLE `tb_user_organization` (
  `id` varchar(120) NOT NULL,
  `user_id` varchar(120) DEFAULT NULL,
  `organization_id` varchar(120) DEFAULT NULL,
  PRIMARY KEY (`id`),
  KEY `fk_tb_user_user_organization_idx` (`user_id`),
  KEY `fk_tb_organization_user_organization_idx` (`organization_id`),
  CONSTRAINT `fk_tb_organization_user_organization` FOREIGN KEY (`organization_id`) REFERENCES `tb_organization` (`id`) ON DELETE CASCADE ON UPDATE CASCADE,
  CONSTRAINT `fk_tb_user_user_organization` FOREIGN KEY (`user_id`) REFERENCES `tb_user` (`id`) ON DELETE CASCADE ON UPDATE CASCADE
) ENGINE=InnoDB DEFAULT CHARSET=utf8;
/*!40101 SET character_set_client = @saved_cs_client */;

--
-- Dumping data for table `tb_user_organization`
--

LOCK TABLES `tb_user_organization` WRITE;
/*!40000 ALTER TABLE `tb_user_organization` DISABLE KEYS */;
INSERT INTO `tb_user_organization` VALUES ('1444707160835','1','1444636521670');
/*!40000 ALTER TABLE `tb_user_organization` ENABLE KEYS */;
UNLOCK TABLES;

--
-- Table structure for table `tb_user_role`
--

DROP TABLE IF EXISTS `tb_user_role`;
/*!40101 SET @saved_cs_client     = @@character_set_client */;
/*!40101 SET character_set_client = utf8 */;
CREATE TABLE `tb_user_role` (
  `id` varchar(120) NOT NULL,
  `user_id` varchar(120) NOT NULL,
  `tb_role_id` varchar(120) NOT NULL,
  PRIMARY KEY (`id`),
  KEY `fk_tb_user_role_tb_user_idx` (`user_id`),
  KEY `fk_tb_user_role_tb_role1_idx` (`tb_role_id`),
  CONSTRAINT `fk_tb_user_role_tb_role1` FOREIGN KEY (`tb_role_id`) REFERENCES `tb_role` (`id`) ON DELETE CASCADE ON UPDATE CASCADE,
  CONSTRAINT `fk_tb_user_role_tb_user` FOREIGN KEY (`user_id`) REFERENCES `tb_user` (`id`) ON DELETE CASCADE ON UPDATE CASCADE
) ENGINE=InnoDB DEFAULT CHARSET=utf8;
/*!40101 SET character_set_client = @saved_cs_client */;

--
-- Dumping data for table `tb_user_role`
--

LOCK TABLES `tb_user_role` WRITE;
/*!40000 ALTER TABLE `tb_user_role` DISABLE KEYS */;
INSERT INTO `tb_user_role` VALUES ('1','1','1');
/*!40000 ALTER TABLE `tb_user_role` ENABLE KEYS */;
UNLOCK TABLES;

--
-- Table structure for table `test`
--

DROP TABLE IF EXISTS `test`;
/*!40101 SET @saved_cs_client     = @@character_set_client */;
/*!40101 SET character_set_client = utf8 */;
CREATE TABLE `test` (
  `id` varchar(120) NOT NULL,
  `name` varchar(45) DEFAULT NULL,
  `create_date` datetime DEFAULT NULL,
  `update_date` datetime DEFAULT NULL,
  PRIMARY KEY (`id`)
) ENGINE=InnoDB DEFAULT CHARSET=utf8;
/*!40101 SET character_set_client = @saved_cs_client */;

--
-- Dumping data for table `test`
--

LOCK TABLES `test` WRITE;
/*!40000 ALTER TABLE `test` DISABLE KEYS */;
INSERT INTO `test` VALUES ('1444522792556','test112','2015-10-11 08:19:53','2015-10-11 08:33:10');
/*!40000 ALTER TABLE `test` ENABLE KEYS */;
UNLOCK TABLES;
/*!40103 SET TIME_ZONE=@OLD_TIME_ZONE */;

/*!40101 SET SQL_MODE=@OLD_SQL_MODE */;
/*!40014 SET FOREIGN_KEY_CHECKS=@OLD_FOREIGN_KEY_CHECKS */;
/*!40014 SET UNIQUE_CHECKS=@OLD_UNIQUE_CHECKS */;
/*!40101 SET CHARACTER_SET_CLIENT=@OLD_CHARACTER_SET_CLIENT */;
/*!40101 SET CHARACTER_SET_RESULTS=@OLD_CHARACTER_SET_RESULTS */;
/*!40101 SET COLLATION_CONNECTION=@OLD_COLLATION_CONNECTION */;
/*!40111 SET SQL_NOTES=@OLD_SQL_NOTES */;

-- Dump completed on 2016-01-11 22:15:00
