-- MySQL dump 10.13  Distrib 5.6.20, for Win64 (x86_64)
--
-- Host: 127.0.0.1    Database: woshang
-- ------------------------------------------------------
-- Server version	5.6.25

/*!40101 SET @OLD_CHARACTER_SET_CLIENT=@@CHARACTER_SET_CLIENT */;
/*!40101 SET @OLD_CHARACTER_SET_RESULTS=@@CHARACTER_SET_RESULTS */;
/*!40101 SET @OLD_COLLATION_CONNECTION=@@COLLATION_CONNECTION */;
/*!40101 SET NAMES utf8 */;
/*!40103 SET @OLD_TIME_ZONE=@@TIME_ZONE */;
/*!40103 SET TIME_ZONE='+00:00' */;
/*!40014 SET @OLD_UNIQUE_CHECKS=@@UNIQUE_CHECKS, UNIQUE_CHECKS=0 */;
/*!40014 SET @OLD_FOREIGN_KEY_CHECKS=@@FOREIGN_KEY_CHECKS, FOREIGN_KEY_CHECKS=0 */;
/*!40101 SET @OLD_SQL_MODE=@@SQL_MODE, SQL_MODE='NO_AUTO_VALUE_ON_ZERO' */;
/*!40111 SET @OLD_SQL_NOTES=@@SQL_NOTES, SQL_NOTES=0 */;

--
-- Table structure for table `busi_channel`
--

DROP TABLE IF EXISTS `busi_channel`;
/*!40101 SET @saved_cs_client     = @@character_set_client */;
/*!40101 SET character_set_client = utf8 */;
CREATE TABLE `busi_channel` (
  `id` varchar(120) NOT NULL COMMENT 'id标识符',
  `name` varchar(45) DEFAULT NULL COMMENT '名称',
  `code` varchar(45) DEFAULT NULL COMMENT '代码',
  `keyword` varchar(12000) DEFAULT NULL COMMENT '关键词',
  `link_addr` varchar(120) DEFAULT NULL COMMENT '链接地址',
  `open_mode` varchar(45) DEFAULT NULL COMMENT '打开模式',
  `descrition` varchar(1200) DEFAULT NULL COMMENT '描述',
  `parent_id` varchar(120) DEFAULT NULL,
  `channel_templete` varchar(120) DEFAULT NULL COMMENT '栏目模板',
  `document_templete` varchar(120) DEFAULT NULL COMMENT '文档模板',
  `hidden` bit(1) DEFAULT NULL COMMENT '是否显示',
  `asdocument` bit(1) DEFAULT NULL,
  `document_id` varchar(120) DEFAULT NULL,
  `sort` int(11) DEFAULT '0',
  `parent_ids` varchar(1200) DEFAULT NULL,
  `link_addr_zh` varchar(1200) DEFAULT NULL COMMENT '中文连接导航',
  `create_date` datetime DEFAULT NULL COMMENT '创建日期',
  `update_date` datetime DEFAULT NULL COMMENT '更新日期',
  `create_by` varchar(120) DEFAULT NULL COMMENT '创建人',
  `update_by` varchar(120) DEFAULT NULL COMMENT '更新人',
  `gene_template` varchar(120) DEFAULT NULL,
  `image` varchar(120) DEFAULT NULL COMMENT '图片',
  `m_gene_template` varchar(120) DEFAULT NULL COMMENT '移动端页面生成模板',
  PRIMARY KEY (`id`),
  KEY `fk_busi_channel_busichannel_idx` (`parent_id`),
  CONSTRAINT `fk_busi_channel_busichannel` FOREIGN KEY (`parent_id`) REFERENCES `busi_channel` (`id`) ON DELETE CASCADE ON UPDATE CASCADE
) ENGINE=InnoDB DEFAULT CHARSET=utf8 COMMENT='栏目表';
/*!40101 SET character_set_client = @saved_cs_client */;

--
-- Dumping data for table `busi_channel`
--

LOCK TABLES `busi_channel` WRITE;
/*!40000 ALTER TABLE `busi_channel` DISABLE KEYS */;
INSERT INTO `busi_channel` VALUES ('1451531531116','案例中心','cases','成功案例,智沃案例','channel/cases','false','广州智沃科技有限公司是一家以高端网站设计开发为核心业务的电子商务咨询服务机构。我们能为你提供的不仅仅是网站建设，而是一套适合您的解决方案及一支全方的位护航编队。传递品牌文化，雕琢商业品牌，对追求品质和苛求细节的人而言，我们是最理想的电子商务服务商。一支以创新为核心的团队，一支视品质为生命 的团队，一群怀揣梦想的孩子，这就是智沃！电话:13926205227。',NULL,'woshang-case.jsp',NULL,'\0','\0','',2,'',NULL,'2016-03-05 12:13:03',NULL,'admin',NULL,'template/woshang-cases.ftl','',''),('1451532049377','关于我们','aboutus','关于智沃,广州智沃,网站建设','channel/aboutus','false','广州智沃科技有限公司是一家以高端网站设计开发为核心业务的电子商务咨询服务机构。我们能为你提供的不仅仅是网站建设，而是一套适合您的解决方案及一支全方的位护航编队。传递品牌文化，雕琢商业品牌，对追求品质和苛求细节的人而言，我们是最理想的电子商务服务商。一支以创新为核心的团队，一支视品质为生命 的团队，一群怀揣梦想的孩子，这就是智沃！电话:13926205227。',NULL,'woshang-aboutus.jsp',NULL,'\0','\0','',4,'',NULL,'2016-02-24 12:03:07',NULL,'admin',NULL,'template/woshang-aboutus.ftl','',NULL),('1451532077867','新闻中心','news','智沃新闻,广州智沃,网站建设','channel/news','false','广州智沃科技有限公司是一家以高端网站设计开发为核心业务的电子商务咨询服务机构。我们能为你提供的不仅仅是网站建设，而是一套适合您的解决方案及一支全方的位护航编队。传递品牌文化，雕琢商业品牌，对追求品质和苛求细节的人而言，我们是最理想的电子商务服务商。一支以创新为核心的团队，一支视品质为生命 的团队，一群怀揣梦想的孩子，这就是智沃！电话:13926205227。',NULL,'woshang-news.jsp',NULL,'\0','\0','',5,'',NULL,'2016-02-24 21:01:54',NULL,'admin',NULL,'template/woshang-news.ftl','',NULL),('1456063569566','服务项目','service','服务项目,智沃服务','channel/service','false','广州智沃科技有限公司是一家以高端网站设计开发为核心业务的电子商务咨询服务机构。我们能为你提供的不仅仅是网站建设，而是一套适合您的解决方案及一支全方的位护航编队。传递品牌文化，雕琢商业品牌，对追求品质和苛求细节的人而言，我们是最理想的电子商务服务商。一支以创新为核心的团队，一支视品质为生命 的团队，一群怀揣梦想的孩子，这就是智沃！电话:13926205227。',NULL,'woshang-service.jsp',NULL,'\0','\0','',3,'',NULL,'2016-03-05 12:15:45',NULL,'admin',NULL,'template/woshang-service.ftl','','template/woshang-service.ftl'),('1457152309638','网络营销','yingxiao','智沃营销','channel/yingxiao','false','广州智沃科技有限公司是一家以高端网站设计开发为核心业务的电子商务咨询服务机构。我们能为你提供的不仅仅是网站建设，而是一套适合您的解决方案及一支全方的位护航编队。传递品牌文化，雕琢商业品牌，对追求品质和苛求细节的人而言，我们是最理想的电子商务服务商。一支以创新为核心的团队，一支视品质为生命 的团队，这就是智沃！电话:13926205227。',NULL,'woshang-news.jsp',NULL,'\0','\0','',6,'',NULL,'2016-03-05 12:31:50',NULL,'admin',NULL,'template/woshang-news.ftl','','');
/*!40000 ALTER TABLE `busi_channel` ENABLE KEYS */;
UNLOCK TABLES;

--
-- Table structure for table `busi_comment`
--

DROP TABLE IF EXISTS `busi_comment`;
/*!40101 SET @saved_cs_client     = @@character_set_client */;
/*!40101 SET character_set_client = utf8 */;
CREATE TABLE `busi_comment` (
  `id` varchar(120) NOT NULL,
  `document_id` varchar(120) DEFAULT NULL,
  `create_date` datetime DEFAULT NULL,
  `update_date` datetime DEFAULT NULL,
  `content` varchar(1200) DEFAULT NULL,
  `parent_ids` varchar(1200) DEFAULT NULL,
  `parent_id` varchar(120) DEFAULT NULL,
  `hidden` bit(1) DEFAULT b'0' COMMENT '是否隐藏',
  `ip` varchar(120) DEFAULT NULL COMMENT 'IP地址',
  `commenter` varchar(120) DEFAULT '匿名' COMMENT '评论人',
  PRIMARY KEY (`id`),
  KEY `tb_comment_docu_idx` (`document_id`),
  KEY `comment_fk_comment_idx` (`parent_id`),
  CONSTRAINT `comment_fk_comment` FOREIGN KEY (`parent_id`) REFERENCES `busi_comment` (`id`) ON DELETE CASCADE ON UPDATE CASCADE,
  CONSTRAINT `comment_fk_docu` FOREIGN KEY (`document_id`) REFERENCES `busi_document` (`id`) ON DELETE CASCADE ON UPDATE CASCADE
) ENGINE=InnoDB DEFAULT CHARSET=utf8 COMMENT='文章评论表';
/*!40101 SET character_set_client = @saved_cs_client */;

--
-- Dumping data for table `busi_comment`
--

LOCK TABLES `busi_comment` WRITE;
/*!40000 ALTER TABLE `busi_comment` DISABLE KEYS */;
INSERT INTO `busi_comment` VALUES ('1',NULL,NULL,NULL,'1',NULL,NULL,'\0',NULL,'匿名');
/*!40000 ALTER TABLE `busi_comment` ENABLE KEYS */;
UNLOCK TABLES;

--
-- Table structure for table `busi_document`
--

DROP TABLE IF EXISTS `busi_document`;
/*!40101 SET @saved_cs_client     = @@character_set_client */;
/*!40101 SET character_set_client = utf8 */;
CREATE TABLE `busi_document` (
  `id` varchar(120) NOT NULL,
  `channel_id` varchar(120) DEFAULT NULL,
  `title` varchar(1200) DEFAULT NULL COMMENT '标题',
  `color` varchar(10) DEFAULT NULL COMMENT '颜色',
  `keyword` varchar(5000) DEFAULT NULL COMMENT '关键词',
  `descrition` varchar(5000) DEFAULT NULL COMMENT '描述',
  `priority` int(11) DEFAULT NULL COMMENT '优先级',
  `source` varchar(45) DEFAULT NULL COMMENT '来源',
  `source_addr` varchar(1200) DEFAULT NULL COMMENT '来源地址',
  `author` varchar(45) DEFAULT NULL COMMENT '作者',
  `title_image` varchar(1200) DEFAULT NULL COMMENT '标题图片',
  `file_name` varchar(1200) DEFAULT NULL,
  `file_addr` varchar(1200) DEFAULT NULL,
  `size` bigint(20) DEFAULT NULL COMMENT '文件大小',
  `content` longtext COMMENT '内容',
  `document_templete` varchar(1200) DEFAULT NULL COMMENT '文档模板',
  `hidden` bit(1) DEFAULT b'0' COMMENT '是否显示',
  `assets_ids` varchar(1200) DEFAULT NULL,
  `recommend` bit(1) DEFAULT b'0' COMMENT '是否推荐',
  `click_count` int(11) DEFAULT '0',
  `create_date` datetime DEFAULT NULL,
  `update_date` datetime DEFAULT NULL,
  `content_short` varchar(400) DEFAULT NULL,
  `m_gene_template` varchar(1200) DEFAULT NULL COMMENT '移动端页面生成模板',
  `gene_template` varchar(1200) DEFAULT NULL COMMENT 'pc端页面生成模板',
  `enable_vote` tinyint(1) DEFAULT '0' COMMENT '默认不可以投票',
  PRIMARY KEY (`id`),
  KEY `fk_busi_doc_channel_idx` (`channel_id`),
  CONSTRAINT `fk_busi_doc_channel` FOREIGN KEY (`channel_id`) REFERENCES `busi_channel` (`id`) ON DELETE CASCADE ON UPDATE CASCADE
) ENGINE=InnoDB DEFAULT CHARSET=utf8 COMMENT='文档';
/*!40101 SET character_set_client = @saved_cs_client */;

--
-- Dumping data for table `busi_document`
--

LOCK TABLES `busi_document` WRITE;
/*!40000 ALTER TABLE `busi_document` DISABLE KEYS */;
INSERT INTO `busi_document` VALUES ('1451556536767','1451532049377','公司简介','','公司简介',NULL,NULL,'','','','','','',NULL,'<p style=\"margin: 10px; padding: 0px; line-height: 27px; text-indent: 2em; font-size: 13px; color: rgb(85, 85, 85); font-family: Arial, Helvetica, sans-serif; white-space: normal; text-align: left;\"><span style=\"font-size: 16px; font-family: 微软雅黑, &#39;Microsoft YaHei&#39;;\">广州智沃信息技术有限公司在2015年成立于广州，公司专业致力于中小企业网站以及微信公众号服务开发，为各类行业提供应用解决方案,面向城市、校园、企事业以及银行。公司的技术骨干都先后任职过金蝶和中兴等知名企业，技术力量雄厚；公司的推出的建站产品JCINCMS是基于Java的开源框架Spring和Mybatis，采用大量中小企业成熟使用的Mysql数据库，具有稳定，高效，安全，适配手机端等特点。公司始终将客户的利益放在第一位，致力于为客户提供优质的软件服务，欢迎联系我们洽谈业务。</span></p><p style=\"margin: 10px; padding: 0px; line-height: 27px; text-indent: 2em; font-size: 13px; color: rgb(85, 85, 85); font-family: Arial, Helvetica, sans-serif; white-space: normal; text-align: left;\"><br/></p>','zhiwo-aboutus.jsp','','','\0',NULL,NULL,'2016-01-11 22:09:28','广州智沃信息技术有限公司在2015年成立于广州，公司专业致力于中小企业网站以及微信公众号服务开发，为各类行业提供应用解决方案,面向城市、校园、企事业以及银行。公司的技术骨干都先后任职过金蝶和中兴等知名企业，技术力量雄厚；公司的推出的建站产品JCINCMS是基于Java的开源框架Spring和Mybatis，采用大量中小企业成熟使用的Mysql数据库，具有稳定，高效，安全，适配手机端等特点。公司始终','','template/zhiwo-aboutus.ftl',0),('1457170595046','1451532077867','练好这些基本功，玩转百度付费推广更容易！','','关键词质量度优化,百度付费推广,智沃网',NULL,NULL,'','','','','20160229J8R6TBP026.jpg','/upload/1/20160308/20160229J8R6TBP026.jpg',31017,'<p>&nbsp;&nbsp;&nbsp;&nbsp;质量度是推广过程中衡量关键词排名的关键指标之一，官方给出的质量度定义是：“质量度主要反映网民对参与百度推广的关键词以及关键词创意的认可程度”，也足以证明质量度在推广中、在关键词排名中的重要性。</p><p><br/></p><p>&nbsp;&nbsp;&nbsp;&nbsp;在网络营销的百度付费推广过程中，影响关键词排名的除了“出价”，还有“质量度”。后者对于很多推广员来说真是“想要爱你不容易”，任是怎么“有钱”都没法 “任性”！因为，质量度这个小婊砸不仅难优化，而且优化成功后，还会莫名其妙的下跌。要不是看在图1里质量度影响排名重要的“裙带”关系，谁还要去抱她大腿！</p><p style=\"margin-top: 18px; margin-bottom: 18px; padding: 0px 10px; font-size: 14px; line-height: 26px; word-spacing: 10px; color: rgb(51, 51, 51); font-family: Verdana, Arial, Helvetica, sans-serif; white-space: normal; background-color: rgb(255, 255, 255);\">&nbsp;&nbsp;<strong>账户结构的细化</strong><br/>&nbsp; 账户结构是优化质量度的基本功：账户的搭建决定了后续的优化是否能对质量度起到提升的作用。质量度优化首先要遵循关键词对应创意的原则，也就需要通过对关键词进行分类。如果未对账户关键词进行分类，由于通配符的替换作用，不同词性的关键词匹配到同一创意，很可能造成不通顺的情况。（当然，如果账户中关键词的词性统一，可以忽略此条）。</p><p style=\"margin-top: 18px; margin-bottom: 18px; padding: 0px 10px; font-size: 14px; line-height: 26px; word-spacing: 10px; color: rgb(51, 51, 51); font-family: Verdana, Arial, Helvetica, sans-serif; white-space: normal; background-color: rgb(255, 255, 255);\">&nbsp;&nbsp;<strong>点击率</strong><br/>&nbsp; 作为质量度的重要影响指标之一，点击率也是漏斗第一层展现量向漏斗第二层点击量的转化。点击率的计算公式为：点击次数/展现量。这就说明，在同一个行业内，同一天的推广展现量很可能都是相同的，这也就说明，在行业没有大的新闻或者热点的情况下，每天的用户和搜索量几乎是固定的，不会有大幅度上升的情况出现；在同样的展现量情况下，占据越多的点击量，搜索引擎给到账户的权重也就越大。这里所说的权重，就是质量度。在图1中，我们可以看到。影响点击率的因素，主要有2个方面：</p><p style=\"margin-top: 18px; margin-bottom: 18px; padding: 0px 10px; font-size: 14px; line-height: 26px; word-spacing: 10px; color: rgb(51, 51, 51); font-family: Verdana, Arial, Helvetica, sans-serif; white-space: normal; background-color: rgb(255, 255, 255);\">&nbsp; （1）展现量，展现量既然作为点击率计算公式中的一个部分，就足以见得展现量对于点击率的重要性。我们需要控制展现量，提升点击量，从而使点击率得到提升。（2）点击量，点击量作为点击率计算公式中的另一个部分，主要的影响因素包括：创意的吸引力、广告的排名（这属于一个循环，点击影响点击率；点击率影响质量度；质量度影响排名；排名又影响网民的点击）两个部分。既然出价会影响排名，细分来看，出价的高低在一定程度上也决定了网民的点击量。另一方面，创意的吸引力会在第3大点中跟大家详细讲解。</p><p style=\"margin-top: 18px; margin-bottom: 18px; padding: 0px 10px; font-size: 14px; line-height: 26px; word-spacing: 10px; color: rgb(51, 51, 51); font-family: Verdana, Arial, Helvetica, sans-serif; white-space: normal; background-color: rgb(255, 255, 255);\">&nbsp;&nbsp;<strong>创意</strong><br/>&nbsp; 创意是推广过程中我们都需要接触的一个项目，在笔者看来。质量度的优化方法，最有效、最重要的莫过于对创意的优化，创意优化包含有以下几个方面：</p><p style=\"margin-top: 18px; margin-bottom: 18px; padding: 0px 10px; font-size: 14px; line-height: 26px; word-spacing: 10px; color: rgb(51, 51, 51); font-family: Verdana, Arial, Helvetica, sans-serif; white-space: normal; background-color: rgb(255, 255, 255);\">&nbsp; （1）飘红<br/>&nbsp; 飘红是优化创意最基本的一个方法，对于飘红笔者认为在一条创意中要出现3次或3次以上算比较好。但是有一个技巧告诉大家，在使用飘红时，将飘红的部分单纯放置在标题要比单纯放置在描述要好，放置在标题或描述的开头部分要比放置在标题或描述的后部要好，所以在添加飘红通配符的时候，在条件有限的情况下我们需要 遵循“选标题，弃描述；放前部，舍后部”的逻辑；当然，在条件允许的情况下，标题与描述，创意的前部后部都加上通配符飘红是最好的，小编以飘红放置在开头部分的创意举例，如图2。</p><p style=\"text-align: center;\"><img src=\"/zwoinfo/upload/1/20160308/20160229Z44N6FDVN4.jpg\" title=\"20160229Z44N6FDVN4.jpg\" alt=\"20160229Z44N6FDVN4.jpg\"/></p><p style=\"margin-top: 18px; margin-bottom: 18px; padding: 0px 10px; font-size: 14px; line-height: 26px; word-spacing: 10px; color: rgb(51, 51, 51); font-family: Verdana, Arial, Helvetica, sans-serif; white-space: normal; background-color: rgb(255, 255, 255);\">&nbsp; （2）通顺<br/>&nbsp; 通顺主要分为2个优化方面：①描述语句时的通顺。我想这一点大家都可以做到，非常简单，写好之后自己读一读。②账户结构对通顺的影响。由于通配符具有替换关键词的作用，如果我们没有对不同词性的关键词进行分类的话，无论我们写得再好，最后网民看到的创意都可能是不通顺的。</p><p style=\"margin-top: 18px; margin-bottom: 18px; padding: 0px 10px; font-size: 14px; line-height: 26px; word-spacing: 10px; color: rgb(51, 51, 51); font-family: Verdana, Arial, Helvetica, sans-serif; white-space: normal; background-color: rgb(255, 255, 255);\">&nbsp; （3）相关<br/>&nbsp; 相关方面的优化也主要分为2个部分：①关键词与创意的相关性。即本文第一大点里提到的让关键词和创意有相关性，以及关键词的细分。②创意内容与目标网页（着陆页）的相关性。解决了关键词与创意的相关性后，就需要考虑撰写的创意内容与目标网页的相关性，针对于某产品所撰写的创意，其访问URL最好是与该产品相关的介绍页面。我们应避免所有创意的访问URL都是网站首页。</p><p style=\"margin-top: 18px; margin-bottom: 18px; padding: 0px 10px; font-size: 14px; line-height: 26px; word-spacing: 10px; color: rgb(51, 51, 51); font-family: Verdana, Arial, Helvetica, sans-serif; white-space: normal; background-color: rgb(255, 255, 255);\">&nbsp; （4）吸引<br/>&nbsp; 创意方面如何做到吸引应该是比较难的一个问题，因为吸引是撰写者主观意识的产物，网民是否认可也是网民的主观意识，所以在这里面存在着很多不确定性，但这并不意味着没有技巧。</p><p style=\"margin-top: 18px; margin-bottom: 18px; padding: 0px 10px; font-size: 14px; line-height: 26px; word-spacing: 10px; color: rgb(51, 51, 51); font-family: Verdana, Arial, Helvetica, sans-serif; white-space: normal; background-color: rgb(255, 255, 255);\">&nbsp; 首先，我们可以参照同行撰写的创意，看看自己的同行如何描述产品，在撰写创意时，尽量区别同行的描述（尤其是很通用的，例如：价格实惠、品质保障等等。值得注意的是，在遵循吸引这个原则时，我们也不能将创意写得太非主流，毕竟有些行业还是比较严谨的，比如律师）。</p><p style=\"margin-top: 18px; margin-bottom: 18px; padding: 0px 10px; font-size: 14px; line-height: 26px; word-spacing: 10px; color: rgb(51, 51, 51); font-family: Verdana, Arial, Helvetica, sans-serif; white-space: normal; background-color: rgb(255, 255, 255);\">&nbsp; 其次，我们需要考虑的是，当网民搜索我们的产品时，其需要的是我们的产品。那么在创意中我们就需要对网民的需求点进行放大，在创意中告诉我们的客户，我的产品能给你带去什么（例如：一个网民搜索了“奶茶加盟”，那么他最终的需求我想就是赚钱，不要吝啬也不要害羞，大胆地在你的创意中体现出相应的内容。）</p><p style=\"margin-top: 18px; margin-bottom: 18px; padding: 0px 10px; font-size: 14px; line-height: 26px; word-spacing: 10px; color: rgb(51, 51, 51); font-family: Verdana, Arial, Helvetica, sans-serif; white-space: normal; background-color: rgb(255, 255, 255);\">&nbsp; （5）短。<br/>&nbsp; 过长的关键词会导致在创意中无法全部展现初来，并且有可能会造成创意原本的标题、描述被过长的关键词遮蔽，导致创意语句不通顺，网民无法理解商家需要表达的信息，而商家也无法通过创意体现出原本需要表达的诉求点和吸引点；进而导致创意卖点被忽略，潜在用户流失。并且在笔者的优化过程中发现，创意的长短其实对 关键词的质量度和排名有着一定比重的影响。短创意对质量度、排名的提升更明显。如何定义短创意呢？这通过自身的经历，给到大家以下的建议：①标题的字符数 限制在30个字符左右。②描述只写第1行，第2行空着不写，如图3。</p><p style=\"text-align: center;\"><img src=\"/zwoinfo/upload/1/20160308/20160229J8R6TBP026.jpg\" title=\"20160229J8R6TBP026.jpg\" alt=\"20160229J8R6TBP026.jpg\"/></p><p><br/></p>','woshang-doc.jsp','','1457170220257,1457170433990,1457170537238,1457405705948,1457405840086','\0',NULL,NULL,'2016-03-08 10:59:07','质量度是推广过程中衡量关键词排名的关键指标之一，官方给出的质量度定义是：“质量度主要反映网民对参与百度推广的关键词以及关键词创意的认可程度”，也足以证明质量度在推广中、在关键词排名中的重要性。    在网络营销的百度付费推广过程中，影响关键词排名的除了“出价”，还有“质量度”。后者对于很多推广员来说真是“想要爱你不容易”，任是怎么“有钱”都没法 “任性”！因为，质量度这个小婊砸不仅难优化，','template/m-woshang-doc.ftl','template/woshang-doc.ftl',NULL),('1457235306045','1451531531116','无锡摩顶科技有限公司','','智沃案例,无锡摩顶',NULL,NULL,'','','','','wuximoding.png','/upload/1/20160308/wuximoding.png',1552591,'<p><strong>&nbsp;&nbsp;&nbsp;&nbsp;公司网址：</strong><a href=\"http://www.mountcn.com\" target=\"_blank\">www.mountcn.com</a></p><p><strong>&nbsp;&nbsp;&nbsp;&nbsp;公司介绍：</strong>无锡摩顶科技有限公司成立于2011年1月。主要通过“人工生态湿地”实现“雨水、景观水、生活污水”净化利用，节省建设项目60-100%的公共用水水费。</p><p>&nbsp;&nbsp;&nbsp;&nbsp;公司老的企业网站，是模版式网站，没什么推广，也没什么营销效果；营销型网站上线，已有12个优质客户跟进中。</p><p><img src=\"/zwoinfo/upload/1/20160308/wuximoding.png\" title=\"wuximoding.png\" alt=\"wuximoding.png\"/></p><p><br/></p>','woshang-doc.jsp','','1457234638225,1457406817216','\0',NULL,NULL,'2016-03-08 11:13:51','公司网址：www.mountcn.com    公司介绍：无锡摩顶科技有限公司成立于2011年1月。主要通过“人工生态湿地”实现“雨水、景观水、生活污水”净化利用，节省建设项目60-100%的公共用水水费。    公司老的企业网站，是模版式网站，没什么推广，也没什么营销效果；营销型网站上线，已有12个优质客户跟进中。','template/m-woshang-doc.ftl','template/woshang-doc.ftl',NULL),('1457236582609','1451531531116','无锡中亚商标代理服务公司','','智沃案例,无锡中亚',NULL,NULL,'','','','','wuxizhongya.png','/upload/1/20160308/wuxizhongya.png',435158,'<p><strong>&nbsp;&nbsp;&nbsp;&nbsp;公司网址</strong>：http://www.zhongyatm.com/</p><p><strong>&nbsp;&nbsp;&nbsp;&nbsp;盈利模式</strong>：产品展示</p><p>&nbsp;&nbsp;&nbsp;&nbsp;公司介绍：中亚是一家商标代理服务公司。</p><p>&nbsp;&nbsp;&nbsp;&nbsp;老板感言：新学员不懂网络营销没关系，但一定要做，要学习。团队的学习能力一定要强，老板与团队一起学习，不断的听老学员的沙龙。我相信通过不断的努力，不断的学习一定会在网络上做出一片自己的天地。</p><p style=\"text-align: center;\"><img src=\"/zwoinfo/upload/1/20160308/wuxizhongya.png\" title=\"wuxizhongya.png\" alt=\"wuxizhongya.png\"/></p><p><br/></p>','woshang-doc.jsp','','1457236565565,1457406686040','\0',NULL,NULL,'2016-03-08 11:11:45','公司网址：http://www.zhongyatm.com/    盈利模式：产品展示    公司介绍：中亚是一家商标代理服务公司。    老板感言：新学员不懂网络营销没关系，但一定要做，要学习。团队的学习能力一定要强，老板与团队一起学习，不断的听老学员的沙龙。我相信通过不断的努力，不断的学习一定会在网络上做出一片自己的天地。','template/m-woshang-doc.ftl','template/woshang-doc.ftl',NULL),('1457238252125','1451531531116','科利欧环保科技','','广州智沃,科利欧,环保科技',NULL,NULL,'','','','','keliou.png','/upload/1/20160308/keliou.png',465104,'<p><strong>&nbsp; &nbsp; &nbsp;公司网址：</strong>http://www.scklo.com/</p><p><strong>&nbsp;&nbsp;&nbsp;&nbsp;公司介绍：</strong>四川科利欧环保科技有限公司是国内第一家专注于工业车间整体除尘净化的高新技术企业，专门面向传统铸造企业、机械加工企业，提供粉尘无组织排放环境下的除尘净化整体方案设计、除尘设备制造安装、除尘设备维护保养与维修、除尘系统运营管理等一站式服务。</p><p style=\"text-align: center;\"><img src=\"/zwoinfo/upload/1/20160308/keliou.png\" title=\"keliou.png\" alt=\"keliou.png\"/></p><p>&nbsp;&nbsp;&nbsp;&nbsp;<br/></p>','woshang-doc.jsp','','1457238186718,1457406620641','\0',NULL,NULL,'2016-03-08 11:10:33','公司网址：http://www.scklo.com/    公司介绍：四川科利欧环保科技有限公司是国内第一家专注于工业车间整体除尘净化的高新技术企业，专门面向传统铸造企业、机械加工企业，提供粉尘无组织排放环境下的除尘净化整体方案设计、除尘设备制造安装、除尘设备维护保养与维修、除尘系统运营管理等一站式服务。','template/m-woshang-doc.ftl','template/woshang-doc.ftl',NULL),('1457238571653','1451531531116','康维斯包装制品有限公司','','广州智沃,康维斯',NULL,NULL,'','','','','kangweisi.png','/upload/1/20160308/kangweisi.png',412304,'<p><strong>&nbsp; &nbsp; &nbsp;公司网址：</strong>http://www.scklo.com/</p><p><strong>&nbsp;&nbsp;&nbsp;&nbsp;公司介绍：</strong>坐落在“世界工厂”东莞市的康维斯包装制品有限公司，十年磨一剑，打造出强大的工艺设计团队、自动化生产设备和流水线，集各类礼品包装盒设计、开发、生产为一体，为海内外客户量身定制精美礼品包装盒、首饰包装盒、珠宝包装盒、收纳盒、各种天地盒……是专业制造各类礼品盒包装盒的工厂</p><p style=\"text-align: center;\"><img src=\"/zwoinfo/upload/1/20160308/kangweisi.png\" title=\"kangweisi.png\" alt=\"kangweisi.png\"/></p><p><br/></p><p><br/></p><p>&nbsp;&nbsp;&nbsp;&nbsp;<br/></p>','woshang-doc.jsp','','1457238186718,1457238386999,1457404807857,1457404885492','\0',NULL,NULL,'2016-03-08 10:41:54','公司网址：http://www.scklo.com/    公司介绍：坐落在“世界工厂”东莞市的康维斯包装制品有限公司，十年磨一剑，打造出强大的工艺设计团队、自动化生产设备和流水线，集各类礼品包装盒设计、开发、生产为一体，为海内外客户量身定制精美礼品包装盒、首饰包装盒、珠宝包装盒、收纳盒、各种天地盒……是专业制造各类礼品盒包装盒的工厂','template/m-woshang-doc.ftl','template/woshang-doc.ftl',NULL),('1457249195480','1457152309638','三大绝招教你快速提高网络营销转化率，效果棒棒哒！','','网络营销,广州智沃',NULL,NULL,'','','','','','',NULL,'<p>&nbsp;&nbsp;&nbsp;&nbsp;网络营销，重点在于营销。不管是站内优化还是站外推广，最终目的都是带来转化。流量不是目标，询盘不是目的，我们每一个环节做的每一件事情，都是为了引导客户成交，获得最终的盈利。</p><p>&nbsp;&nbsp;&nbsp;&nbsp;首先，简化转化流程。</p><p>&nbsp;&nbsp;&nbsp;&nbsp;这个是从消费者的心理角度出发的。用户的转化流程主要体现在浏览过程、购买流程、注册流程、互动流程等。我们千万不能去考验用户的耐心，而应该尽量让用户心情愉悦地进行每一步操作，并快速得到他想要的结果。简化流程是一项细活，需要反复地测试和揣摩。不要再程序上失掉了客户，这样就很冤枉了。</p><p>&nbsp;&nbsp;&nbsp;&nbsp;其次，关注在线客服。<br/>&nbsp;&nbsp;&nbsp;&nbsp;客服工具是一个与客户沟通非常有效的、直接的工具。作为一个双向沟通的工具，客服工具能够在第一时间了解客户的需求。网站客服也可以对用户的访问行为进行关注，并主动发出交谈邀请，帮助用户解决难题。这个过程是建立信任的过程，第一印象非常的重要，甚至可以决定最终的成败。</p><p>&nbsp;&nbsp;&nbsp;&nbsp;再次，具体客户见证。<br/>&nbsp;&nbsp;&nbsp;&nbsp;客户见证是非常有效的手段。在产品服务展示的同时，展示该产品服务客户的服务评价、使用体验，能增强产品/服务的说服力，增加用户购买的兴趣和信心。这些都是建立在诚信的基础之上的效果见证。客户会比较多的选择那些有极多客户见证的企业。这个道理非常简单，我们在选择商品或者服务的时候，都会很在意口碑。口碑如何体现?就需要通过客户见证的手段表现，这是网络营销中非常值得关注的一点。</p><p><br/></p>','woshang-doc.jsp','','','\0',NULL,NULL,'2016-03-06 17:17:45','网络营销，重点在于营销。不管是站内优化还是站外推广，最终目的都是带来转化。流量不是目标，询盘不是目的，我们每一个环节做的每一件事情，都是为了引导客户成交，获得最终的盈利。    首先，简化转化流程。    这个是从消费者的心理角度出发的。用户的转化流程主要体现在浏览过程、购买流程、注册流程、互动流程等。我们千万不能去考验用户的耐心，而应该尽量让用户心情愉悦地进行每一步操作，并快速得到他想要','template/m-woshang-doc.ftl','template/woshang-doc.ftl',NULL),('1457250526263','1457152309638','走出百度竞价误区，让你的百度付费推广更简单','','网络营销,广州智沃',NULL,NULL,'','','','','','',NULL,'<p>&nbsp;&nbsp;&nbsp;&nbsp;一提到网络营销，没有人不知道百度付费推广。不做付费推广，就不能是说你从事的是网络营销。网络营销是个大范围，包含了多方面的知识，其中百度竞价就是非常重要的一个环节。很多新人刚接触百度竞价的时候，经常会很迷茫，不知道应该如何下手，今天牛商网小编就来给大家简单整理一下百度竞价排名常见误区，希望能对新手有些帮助。</p><p>&nbsp;&nbsp;&nbsp;&nbsp;1、百度账户里的关键词是不是越多越好？<br/>这里首先强调下，账户做的好不好与关键词数量没有直接关系，百度账户里的关键词越多，意味着维护起来的工作量越大，大部分情况下，20%的关键词能带来80%的流量，不同公司的产品不同，业务不同，关键词数量也不一样，所有关键词数量不是决定账户质量的首要关键。</p><p>&nbsp;&nbsp;&nbsp;&nbsp;2、关键词排名是不是越靠前越好？<br/>这里没有必然联系，通常情况下品牌词追求左侧第一位，大部分词追求左3的位置。在不考虑品牌传播的情况下，最恰当的排名是需要根据数据分析来制定关键词出价和排名策略，高排名意味着高点击、高消费，只有转化高、性价比高的词才适合靠前的排名。<br/><br/>&nbsp;&nbsp;&nbsp;&nbsp;3、百度竞价的工作是不是就是调词、修改创意、优化质量度？<br/>&nbsp;&nbsp;&nbsp;&nbsp;不是，理解这个问题之前，我们需要想明白百度竞价的目的是什么。百度竞价作为一种推广手段，大多数情况下就是以销售为目的。所以我们每天对账户的优化和调整，也必须以销售为目的，通过数据分析，找到提升销售的最佳方法，调词、修改创意以及优化质量度只是其中的某几项工作。<br/><br/>&nbsp;&nbsp;&nbsp;&nbsp;4、百度推广账户优化好了，是不是就一定能提升销售业绩？<br/>&nbsp;&nbsp;&nbsp;&nbsp;不绝对，这里强调下，百度推广只是一种推广手段，是整个网络营销的一个环节。销售业绩的提升需要整体配合，百度推广是一方面，网站本身也占了很大的比重，另外如果是有需要与线上或线下人员配合，那么这块也占很大比重。</p><p style=\"margin-top: 18px; margin-bottom: 18px; padding: 0px 10px; font-size: 14px; line-height: 26px; word-spacing: 10px; color: rgb(51, 51, 51); font-family: Verdana, Arial, Helvetica, sans-serif; white-space: normal; background-color: rgb(255, 255, 255);\"><br/></p>','woshang-doc.jsp','','','\0',NULL,NULL,'2016-03-06 17:17:00','一提到网络营销，没有人不知道百度付费推广。不做付费推广，就不能是说你从事的是网络营销。网络营销是个大范围，包含了多方面的知识，其中百度竞价就是非常重要的一个环节。很多新人刚接触百度竞价的时候，经常会很迷茫，不知道应该如何下手，今天牛商网小编就来给大家简单整理一下百度竞价排名常见误区，希望能对新手有些帮助。    1、百度账户里的关键词是不是越多越好？这里首先强调下，账户做的好不好与关键词数','template/m-woshang-doc.ftl','template/woshang-doc.ftl',NULL),('1457254555929','1457152309638','火遍全网的营销型网站，价值到底有几分？','','',NULL,NULL,'','','','','','',NULL,'<p><br/></p><p>&nbsp; 传统企业走向互联网的渠道一般都是建网站，随着互联网+的普及，越来越多的建站公司应运而生，各种类型的网站也如雨后春笋般涌现出来。但随着互联网技术的高速发展，网站也开始有了偏重的方向，就如当前，已经越来越多的企业重视营销型网站建设，那么这种网站的价值体现在哪里呢?</p><p><br/></p><p>&nbsp; 所谓营销型网站的运用还得基于对其真正的认识和理解，才能发挥其最大价值。这类网站出现的主要目的是能够让企业以最直接的方式达到营销效果，且实现最终的盈利目标。</p><p>　　第一，重在本质。传统的展示型网站往往是以审美视觉为重，只要做到让企业信息内容通过网站能够美美地展示在用户面前就达到目的，不管有没有营销效果，页面足够精美丰富就足矣，这也许就只是用户眼中的“花瓶”，除了观赏也别无所用。但营销型网站更注重用户的实际体验，甚至是搜索引擎营销价值，因此从网站内部架构，程序编写的本质来看，都严格按照营销型网站建设的原则进行，譬如不利于页面加载速度、搜索引擎抓取的那些图片视频动画等元素都将省去，以保证用户体验。</p><p>　　第二，易于推广。一个成功的营销型网站都有一种神奇的力量，通过网站的配色效果，整体页面布局，内容排布等等，成功引导客户从网站上搜寻需要的 产品，激发客户的购买欲望。这种营销型网站普遍都有专门的营销栏目进行各种营销活动的设计，并放置于最显眼的位置，让用户一目了然，进而促成营销效果。这些都是关于网站站内推广的特征，其次在站外推广起来也比较容易，刚刚牛商网小编在上面提到的构建营销型网站的技术特征，对于网站的优化推广是非常有帮助的， 有好的网站结构更受搜索引擎的青睐，更容易提升网站权重和排名。</p><p>　　第三，方便交易。营销的最终目的是获得转化率，然而营销型的网站功能设置明显区别于其他类型的网站，一般都会包含直接的线上交易功能，当用户浏览网站之后看到喜欢的产品，可以下单支付到完成交易，这就是最直接的流量转化，网站能不能达到营销效果，从订单的转化就可作出判断，满足了用户的购买需求，同时对于企业收集用户需求数据也极其便利，为企业作下一步的营销计划提供有利的帮助。</p><p>　　建网站更多的是从运营角度来看一个网站的价值，归根结底，能给企业带来效益就是网站价值的最终体现。营销型网站不仅有企业展示的功能，更多是的在互联网上具有实现品牌营销以及完成订单的作用，也即是其备受企业欢迎的价值所在。</p><p><br/></p>','woshang-doc.jsp','','','\0',NULL,'2016-03-06 16:55:56',NULL,'传统企业走向互联网的渠道一般都是建网站，随着互联网+的普及，越来越多的建站公司应运而生，各种类型的网站也如雨后春笋般涌现出来。但随着互联网技术的高速发展，网站也开始有了偏重的方向，就如当前，已经越来越多的企业重视营销型网站建设，那么这种网站的价值体现在哪里呢?  所谓营销型网站的运用还得基于对其真正的认识和理解，才能发挥其最大价值。这类网站出现的主要目的是能够让企业以最直接的方式达到营销效果，','template/m-woshang-doc.ftl','template/woshang-doc.ftl',NULL),('1457254691437','1457152309638','百度竞价账户诊断之：长尾词的挑选和优化法则','','',NULL,NULL,'','','','','','',NULL,'<p>&nbsp; 长尾关键词是指那些非目标关键词但也可以带来搜索流量的关键词。长尾关键词带来的客户，转化为网站产品客户的概率比目标关键词高很多。所以长尾关键词对于一个网站的盈利情况有很重要的影响，接下来，牛商网资深营销型网站建设专家来跟大家讲讲长尾关键词的挑选和优化细节。<br/>&nbsp;&nbsp;什么是长尾关键词？<br/>&nbsp; 简单来说，长尾关键词就是那种有人搜索有人关注，但是搜索量不是很高的词。“长尾”具有两个特点——细和长。细的意思就是这种词对应的需求不被市场重视，长的意思就是虽然不被重视但是搜索量却仍有很多。这便衍生了长尾思想——众多的微小市场累积起来就会占据市场中可观的份额。所以，存在大量长尾关键词的大中型网站，其带来的总流量是非常大的。</p><p>&nbsp;&nbsp;怎么挑选长尾关键词？<br/>&nbsp;&nbsp;一、软件挖掘：有专门的软件可以帮助我们挖掘出长尾关键词，比如追词，金花站长工具，都是免费的。<br/>&nbsp;&nbsp;二、百度工具挖掘：百度同样提供的长尾关键词的挖掘工具，主要有两个：<br/>&nbsp; 1、百度下拉以及相关搜索。<br/>&nbsp; 百度下拉和相关搜索展示都是用户近期的搜索需求，多去关注百度下拉和相关搜索，有利于我们更快的发现用户的需求以及对应的长尾关键词。<br/>&nbsp; 2、百度站长工具。<br/>&nbsp; 百度站长工具中有个关键词工具，这个工具能够帮助我们瞬间获取非常多的长关键词，并且标注的竞争程度，对于我们的选择有很大的指导帮助。<br/>&nbsp;&nbsp;三、问答平台挖掘：问答平台是一个发现用户需求的好地方，虽然现在的问答平台中充斥着各种推广信息，但是这在一定程度仍旧反应了用户的搜索需求，将这些问题搜集好，提炼出对应的长尾关键词，并提供内容。<br/>&nbsp;&nbsp;如何优化长尾关键词？<br/>&nbsp; 优化长尾关键词的过程就是选择长尾关键词以及塑造对应内容的过程。一般情况我们选择长尾关键词会从以下几个方面入手：<br/>&nbsp;&nbsp;1、长尾关键词必须是用户有可能来查询的词。这一点不用过多解释，如果没有人搜索，我们就没办法搞到流量。SEO的基本工作就是满足那些搜索人群的搜索需求，如果我们提供的内容是没有人搜索的，那么SEO也就失去了意义。<br/>2、长尾关键词与网站业务相关。选择与网站业务有关的关键词，有利于我们的成交，比如一家做环境检测的公司，那么“地表水检测费用”这样的长尾关键词就是 必须要争取的词了，直接和公司的业务有关，而且搜索这样的关键词的人都是有购买意向的。<br/>&nbsp;&nbsp;3、长尾关键词与网站内容有关。选择关键词要与你的网站内容有关，这里不是指你的业务，而是你的网站文章，我们都知道网站的权重是靠大量文章支撑起来的，所以你不可能只更新产品信息，不写文章吧，所以长尾关键词一定要契合网站的内容。<br/>&nbsp;&nbsp;4、不要选择热门的长尾关键词。有的长尾关键词的热度非常高，比如“如何快速减肥”这样的词，这种词连搞竞价的人都在抢，我们就要不要凑热闹了，我们选择时尽量选择看似没有竞争的词，但还是有用户搜索的词，这样网站优化才会更容易，这样才有机会排名靠前。</p><p><br/></p>','woshang-doc.jsp','','','\0',NULL,'2016-03-06 16:58:11',NULL,'长尾关键词是指那些非目标关键词但也可以带来搜索流量的关键词。长尾关键词带来的客户，转化为网站产品客户的概率比目标关键词高很多。所以长尾关键词对于一个网站的盈利情况有很重要的影响，接下来，牛商网资深营销型网站建设专家来跟大家讲讲长尾关键词的挑选和优化细节。  什么是长尾关键词？  简单来说，长尾关键词就是那种有人搜索有人关注，但是搜索量不是很高的词。“长尾”具有两个特点——细和长。细的意思就是这','template/m-woshang-doc.ftl','template/woshang-doc.ftl',NULL),('1457254981616','1451532077867','专家解读：营销型网站建设的四大关键','','',NULL,NULL,'','','','','','',NULL,'<p>&nbsp;互联网风潮现在可谓是大热，市场上也涌现了很多网站建设公司。但是对于正真能通过网络营销赚钱的企业其实并不多，因为大部分都是盲目跟风，导致花了钱，费了时却没有效果。</p><p>&nbsp; 1、内容是基础，视觉才是重点<br/>&nbsp; 由于现在很多站长技术有限，大多数都会选择一些开源免费的CMS来制作自己的网站，建站就跟安装软件一样简单。就因为建站门槛之低，导致了很多网站都千篇一律，完全没有创意，所以，很多站长就选择制作新的模板来凸显自己的特色，这无疑是一个好的办法，整个网站的核心如果跟别人不一样，这就在众多站点中更能突出亮点，当然就更受访客的关注了。</p><p></p><p>　　2、建立网站之前应有完整的思路<br/>&nbsp; 在营销型网站建设完成之后，网站肯定要做推广优化和营销的，那么在建站之前，就应该先想好这些问题，整理一下思路，不然到最后网站倒是建好了，才发现很多地方根本不符合当初的想法，就会导致频繁地做修改调整，影响网站的优化和营销。正是考虑到这一点，所以对于牛商网来说：营销型网站建设关键并不在于网站建设，而是拥有营销力。程序并不是最重要的，思维才是决定我们走向成功的关键。</p><p>　　3、建站分工明确<br/>&nbsp; 很多的站长不太懂技术，其实运营一个网站，站长不需要懂得太多技术，站长应保持清醒的头脑才是明智之举。一般站长在建站完成后都会考虑如何来充实网站内容，但一个营销型网站如果内容的更新、运营策划、页面设计和美工都由一个人来做的话肯定会力不从心，身心也疲惫。这里建议大家还是应该找专人来做，公司可以选择招聘技术人员或者外包给网络公司来做，个人的话可以邀请团队运作。</p><p>　　4、推广网站需要耐心<br/>&nbsp; 网站的推广工作不但繁琐，而且枯燥，加之一时半会也见不到好的效果(这里指做搜索引擎自然排名，当然你花钱找百度那就另当别论了)，那么很多站长可能会打退堂鼓了。这里小编就不多说了，无论你是用的哪种推广方法，我们唯一要做的就是坚持和等待。</p><p style=\"margin-top: 18px; margin-bottom: 18px; padding: 0px 10px; font-size: 14px; line-height: 26px; word-spacing: 10px; color: rgb(51, 51, 51); font-family: Verdana, Arial, Helvetica, sans-serif; white-space: normal; background-color: rgb(255, 255, 255);\"><br/></p>','woshang-doc.jsp','','','\0',NULL,'2016-03-06 17:03:02',NULL,'互联网风潮现在可谓是大热，市场上也涌现了很多网站建设公司。但是对于正真能通过网络营销赚钱的企业其实并不多，因为大部分都是盲目跟风，导致花了钱，费了时却没有效果。  1、内容是基础，视觉才是重点  由于现在很多站长技术有限，大多数都会选择一些开源免费的CMS来制作自己的网站，建站就跟安装软件一样简单。就因为建站门槛之低，导致了很多网站都千篇一律，完全没有创意，所以，很多站长就选择制作新的模板来凸显','template/m-woshang-doc.ftl','template/woshang-doc.ftl',NULL),('1457255213619','1451532077867','如何让访客对你的官网一见钟情？','','',NULL,NULL,'','','','','','',NULL,'<p>&nbsp;&nbsp;&nbsp;&nbsp;官网代表着企业的品牌和形象，一定程度上就是整个企业的浓缩。一般来说，官网需要有着相当高的严谨性和严密性，当然也可以融入一些欢乐和亲和的元素。如果是一板一眼的风格，就像是板着面孔应对用户一样，从而让用户感到你的网站不够吸引力。那么从营销型网站建设的角度上来看如何才能够有效提升官方网站的吸引力呢?</p><p><br/></p><p>&nbsp;&nbsp;&nbsp;&nbsp;第一，版面风格的整体设计。<br/>&nbsp;&nbsp;&nbsp;&nbsp;版面风格是一个官网的核心内容，也是一个营销型网站的灵魂。官网的风格应该跟你的logo是匹配的，而且颜色要统一，切记不能花花绿绿，反差强烈。另外，官网的整体风格一定要跟企业的主营产品一致。例如一家科技公司选择的色调就应该是偏冷色调，有现代感和金属感，而不建议过于明媚的红色，绿色或者黄色等等。所以一个网页的整体设计风格对于用户的吸引力往往起到非常关键性的作用。</p><p>&nbsp;&nbsp;&nbsp;&nbsp;第二，Banner图的设计。<br/>&nbsp;&nbsp;&nbsp;&nbsp;这对于官网来说同样非常重要，然而很多官网在这方面的设计并没有下功夫，甚至还有一些人认为这个Banner图根本不重要。可是从SEO优化的角度上来看，很多 Banner图并没有起到画龙点睛的作用，甚至还会起到反作用。比如这些图片的大小尺寸没有进行严格的控制，导致网站的打开速度变得过慢。另外有些网站的 Banner图不能够和网站内容相配套，比如一个科技型的官网，Banner图却是一个个美女的动态展示，这显然会让不少用户错会意思，导致官网的跳出率大增，从而降低网站的吸引力。</p><p>&nbsp;&nbsp;&nbsp;&nbsp;第三，网站的排序同样非常关键。<br/>&nbsp;&nbsp;&nbsp;&nbsp;这是一个相对较小的细节，可是当前竞争激励程度越来越大，在这个背景下细节决定高度，也决定一个营销型网站能够走多远。所以为了有效提升网站的吸引力，网站首页的整体排序就显得极为重要。井然有序会让用户觉得非常舒服，如果颜色胡乱搭配，栏目随意设置，这些都会影响到用户的视觉吸引力，不少用户可能不会看更长的时间。&nbsp;</p><p>&nbsp;&nbsp;&nbsp;&nbsp;第四，官网的字体选择要合适。<br/>&nbsp;&nbsp;&nbsp;&nbsp;不能太大，也不能够过小，最好提供网站字体大小可以调试的功能，这样就有利于不同用户的浏览需要，特别是那些带有说明书或者大量文字内容的网站，文字大小的合适选择是必要的。</p><p><br/></p>','woshang-doc.jsp','','','\0',NULL,'2016-03-06 17:06:54',NULL,'官网代表着企业的品牌和形象，一定程度上就是整个企业的浓缩。一般来说，官网需要有着相当高的严谨性和严密性，当然也可以融入一些欢乐和亲和的元素。如果是一板一眼的风格，就像是板着面孔应对用户一样，从而让用户感到你的网站不够吸引力。那么从营销型网站建设的角度上来看如何才能够有效提升官方网站的吸引力呢?    第一，版面风格的整体设计。    版面风格是一个官网的核心内容，也是一个营销型网站的灵魂。','template/m-woshang-doc.ftl','template/woshang-doc.ftl',NULL),('1457255524351','1451532077867','企业为什么要建设网站？','','为什么要建设网站',NULL,NULL,'','','','','','',NULL,'<p>&nbsp;&nbsp;&nbsp;&nbsp;据不完全统计，中国每天大约有一亿人在上网，对于企业来说，这可能是一亿个潜在客户，由此，很多企业开始急于找网站建设公司建设网站，迫切地希望能迅速在网上占据一席之地。那么究竟建设一个营销型网站到底能为企业带来哪些好处呢？</p><p>&nbsp;&nbsp;&nbsp;&nbsp;营销型网站能为您的企业延长营业时间扩展业务<br/>&nbsp;&nbsp;&nbsp;&nbsp;作为一个企业，想让业务订单更多，不应只从传统的、单一的渠道进行营销，当今发展最快的应该要数互联网了，找一个网站建设公司，让其为您的企业建立一个营销型网站，把网站作为一个从不休息、从不知疲倦、每时每刻都能让顾客接触到的“业务代表”，24小时的营业方式，让顾客无论在何时何地都能买到您企业的东西，为顾客提供了方便。</p><p>&nbsp;&nbsp;&nbsp;&nbsp;营销型网站能您的企业争取新的客户<br/>&nbsp;&nbsp;&nbsp;&nbsp;每天上网的一亿人当中，如果有人正需要您企业的产品，可是搜索不到您的公司，这样业务订单绝对为零，但是如果建立了一个网站，而且让网站建设公司帮您的网站做优化，顾客搜索到您的企业网站的几率会大大增加。</p><p></p><p></p><p>&nbsp;&nbsp;&nbsp;&nbsp;营销型网站可以降低销售成本增加利润<br/>&nbsp;&nbsp;&nbsp;&nbsp;一个网上的商店若是经营得好，肯定会给您的企业带来利润，利润多了，销售成本自然就会降低。即使您的企业非销售型企业，您也可以通过网上的广告效应带来业务，从而增加利润。这样，成本减少了，商机便增多了。</p><p>&nbsp;&nbsp;&nbsp;&nbsp;营销型网站可向国际化业务的方向发展<br/>&nbsp;&nbsp;&nbsp;&nbsp;网站一旦上线，您公司从事的业务便能让世界上每一个拥有电脑的人看到，公司不论大小与否，在互联网上一律平等。通过网站建设公司的优化，可以让更多的新客户通过搜索引擎找到您的公司，可以通过搜索相关类别、产品名称、产品的特征词或者电话、email来找到您的企业，这样您的公司便可以进一步开拓市场了。</p><p><br/></p>','woshang-doc.jsp','','','\0',NULL,'2016-03-06 17:12:04',NULL,'据不完全统计，中国每天大约有一亿人在上网，对于企业来说，这可能是一亿个潜在客户，由此，很多企业开始急于找网站建设公司建设网站，迫切地希望能迅速在网上占据一席之地。那么究竟建设一个营销型网站到底能为企业带来哪些好处呢？    营销型网站能为您的企业延长营业时间扩展业务    作为一个企业，想让业务订单更多，不应只从传统的、单一的渠道进行营销，当今发展最快的应该要数互联网了，找一个网站建设公司','template/m-woshang-doc.ftl','template/woshang-doc.ftl',NULL);
/*!40000 ALTER TABLE `busi_document` ENABLE KEYS */;
UNLOCK TABLES;

--
-- Table structure for table `log`
--

DROP TABLE IF EXISTS `log`;
/*!40101 SET @saved_cs_client     = @@character_set_client */;
/*!40101 SET character_set_client = utf8 */;
CREATE TABLE `log` (
  `id` varchar(120) NOT NULL,
  `type` varchar(45) DEFAULT NULL,
  `create_by` varchar(45) DEFAULT NULL,
  `remote_addr` varchar(45) DEFAULT NULL,
  `user_agent` varchar(45) DEFAULT NULL,
  `request_uri` varchar(120) DEFAULT NULL,
  `Method` varchar(45) DEFAULT NULL,
  `params` varchar(1200) DEFAULT NULL,
  `exception` varchar(45) DEFAULT NULL,
  PRIMARY KEY (`id`)
) ENGINE=InnoDB DEFAULT CHARSET=utf8;
/*!40101 SET character_set_client = @saved_cs_client */;

--
-- Dumping data for table `log`
--

LOCK TABLES `log` WRITE;
/*!40000 ALTER TABLE `log` DISABLE KEYS */;
INSERT INTO `log` VALUES ('1444461791779','access','admin','/syst/admin',NULL,'/syst/admin/user/create','POST','username=11&password=&roleId=1',''),('1444462164666','access','admin','/syst/admin',NULL,'/syst/admin/user/create','POST','username=ewew&password=&roleId=1',''),('1444462267090','access','admin','/syst/admin',NULL,'/syst/admin/user/deleteById','POST','idstring=1444462156956',''),('1444473873451','access','admin','/syst/admin',NULL,'/syst/admin/dictionary/create','POST','id=&value=dsfdsf&label=fsdfs&type=dsf',''),('1444521665878','access','admin','/syst/admin',NULL,'/syst/admin/dictionary/create','POST','id=&value=klkl&label=klkl&type=dsf',''),('1444521698983','access','admin','/syst/admin',NULL,'/syst/admin/dictionary/deleteById','POST','idstring=1444521665766',''),('1444522698205','access','admin','/syst/admin',NULL,'/syst/admin/test/create','POST','id=&name=dsds&createDate=&updateDate=',''),('1444522751730','access','admin','/syst/admin',NULL,'/syst/admin/test/deleteById','POST','idstring=1444522696210',''),('1444522792673','access','admin','/syst/admin',NULL,'/syst/admin/test/create','POST','id=eww&name=wqwq&createDate=&updateDate=',''),('1444522818280','access','admin','/syst/admin',NULL,'/syst/admin/test/update/1444522792556','POST','id=1444522792556&name=wqwqiii&createDate=Sun Oct 11 08:19:53 CST 2015&updateDate=',''),('1444522877181','access','admin','/syst/admin',NULL,'/syst/admin/test/update/1444522792556','POST','id=1444522792556&name=wqwqiii&createDate=Sun Oct 11 08:19:53 CST 2015&updateDate=',''),('1444523023078','access','admin','/syst/admin',NULL,'/syst/admin/test/update/1444522792556','POST','id=1444522792556&name=wqwqii&createDate=Sun Oct 11 08:19:53 CST 2015&updateDate=',''),('1444523252297','access','admin','/syst/admin',NULL,'/syst/admin/user/update/2','POST','id=2&username=test1&password=&roleId=2',''),('1444523367070','access','admin','/syst/admin',NULL,'/syst/admin/test/update/1444522792556','POST','id=1444522792556&name=wqwqewew',''),('1444523435595','access','admin','/syst/admin',NULL,'/syst/admin/test/update/1444522792556','POST','id=1444522792556&name=wqwqiiiiii',''),('1444523458827','access','admin','/syst/admin',NULL,'/syst/admin/test/update/1444522792556','POST','id=1444522792556&name=test',''),('1444523589961','access','admin','/syst/admin',NULL,'/syst/admin/test/update/1444522792556','POST','id=1444522792556&name=test112',''),('1444526990037','access','admin','/syst/admin',NULL,'/syst/admin/organization/create','POST','parentId=&parentIds=&name=test&available=',''),('1444527152005','access','admin','/syst/admin',NULL,'/syst/admin/organization/create','POST','parentId=&parentIds=&name=test&available=',''),('1444534867380','access','admin','/syst/admin',NULL,'/syst/admin/organization/create','POST','parentId=&parentIds=&name=ass&available=',''),('1444548142682','access','admin','/syst/admin',NULL,'/syst/admin/resource/create','POST','parentId=2&name=组织管理&authName=organization:*&path=/organization&type=menu',''),('1444548969561','access','admin','/syst/admin',NULL,'/syst/admin/resource/create','POST','parentId=2&name=角色授权&authName=roleResource|*&path=/roleResource&type=menu',''),('1444550544945','access','admin','/syst/admin',NULL,'/syst/admin/resource/create','POST','parentId=2&name=组织授权&authName=organizationResource:*&path=/organizationResource&type=menu',''),('1444573320976','access','admin','/syst/admin',NULL,'/syst/admin/resource/create','POST','parentId=&name=关于系统&authName=&path=&type=menu',''),('1444573378659','access','admin','/syst/admin',NULL,'/syst/admin/resource/create','POST','parentId=1444573320799&name=产品信息&authName=&path=/productInfo&type=menu',''),('1444574410762','access','admin','/syst/admin',NULL,'/syst/admin/resource/deleteById','POST','idstring=1',''),('1444575788831','access','admin','/syst/admin',NULL,'/syst/admin/resource/create','POST','parentId=1444573320799&name=修改密码&authName=&path=/changePassword&type=menu',''),('1444628148087','access','admin','/syst/admin',NULL,'/syst/admin/resource/deleteById','POST','idstring=1444575788723',''),('1444631314573','access','admin','/syst/admin',NULL,'/syst/admin/resource/create','POST','parentId=2&name=字典管理&authName=&path=/dictionary&type=menu',''),('1444632936253','access','admin','/syst/admin',NULL,'/syst/admin/dictionary/deleteById','POST','idstring=1444473873037',''),('1444633076902','access','admin','/syst/admin',NULL,'/syst/admin/dictionary/create','POST','value=true&label=是&type=available',''),('1444633285726','access','admin','/syst/admin',NULL,'/syst/admin/dictionary/create','POST','value=false&label=否&type=available',''),('1444635718867','access','admin','/syst/admin',NULL,'/syst/admin/dictionary/create','POST','value=true&label=男&type=sex',''),('1444635730168','access','admin','/syst/admin',NULL,'/syst/admin/dictionary/create','POST','value=false&label=女&type=sex',''),('1444636328281','access','admin','/syst/admin',NULL,'/syst/admin/organization/create','POST','parentId=&name=公司&available=true',''),('1444636390553','access','admin','/syst/admin',NULL,'/syst/admin/organization/deleteById','POST','idstring=1444534865650',''),('1444636521753','access','admin','/syst/admin',NULL,'/syst/admin/organization/create','POST','parentId=1444636328008&name=财务部&available=true',''),('1444636560272','access','admin','/syst/admin',NULL,'/syst/admin/organization/create','POST','parentId=1444636328008&name=市场部&available=true',''),('1444636576043','access','admin','/syst/admin',NULL,'/syst/admin/organization/create','POST','parentId=1444636328008&name=研发部&available=true',''),('1444636666722','access','admin','/syst/admin',NULL,'/syst/admin/organization/create','POST','parentId=1444636575952&name=研发一部&available=true',''),('1444636687175','access','admin','/syst/admin',NULL,'/syst/admin/organization/create','POST','parentId=1444636575952&name=研发二部&available=true',''),('1444646456492','access','admin','/syst/admin',NULL,'/syst/admin/resource/update/1444573378567','POST','parentId=1444573320799&name=产品信息&authName=&path=/user/productInfo&type=menu',''),('1444657440163','access','admin','/syst/admin',NULL,'/syst/admin/user/create','POST','username=123&organizationId=1444636666661&password=&roleId=1',''),('1444658564224','access','admin','/syst/admin',NULL,'/syst/admin/user/deleteById','POST','idstring=1444658081768,1444657439316',''),('1444658595341','access','admin','/syst/admin',NULL,'/syst/admin/user/create','POST','username=123&organizationId=1444636666661&password=&roleId=1',''),('1444660524158','access','admin','/syst/admin',NULL,'/syst/admin/user/update/1444658591291','POST','id=1444658591291&username=123&organizationId=1444636521670&password=&roleId=1',''),('1444660940062','access','admin','/syst/admin',NULL,'/syst/admin/user/update/2','POST','id=2&username=test&organizationId=1444636328008&password=&roleId=2',''),('1444704614238','access','admin','/syst/admin',NULL,'/syst/admin/user/update/2','POST','id=2&username=test&organizationId=1444636328008&password=&roleId=2',''),('1444704720356','access','admin','/syst/admin',NULL,'/syst/admin/user/update/2','POST','id=2&username=test&organizationId=1444636328008&password=&roleId=2',''),('1444705528084','access','admin','/syst/admin',NULL,'/syst/admin/user/update/2','POST','id=2&username=test&organizationId=1444636328008&password=&roleId=1',''),('1444705760683','access','admin','/syst/admin',NULL,'/syst/admin/user/update/2','POST','id=2&username=test&organizationId=1444636328008&password=&roleId=1',''),('1444706427606','access','admin','/syst/admin',NULL,'/syst/admin/user/update/2','POST','id=2&username=test&organizationId=1444636560192&password=&roleId=1',''),('1444706750682','access','admin','/syst/admin',NULL,'/syst/admin/user/update/1','POST','id=1&username=admin&organizationId=1444636328008&password=&roleId=1',''),('1444707135766','access','admin','/syst/admin',NULL,'/syst/admin/user/update/1','POST','id=1&username=admin&organizationId=&password=&roleId=1',''),('1444707160889','access','admin','/syst/admin',NULL,'/syst/admin/user/update/1','POST','id=1&username=admin&organizationId=1444636521670&password=&roleId=1',''),('1444707442615','access','admin','/syst/admin',NULL,'/syst/admin/user/update/1444658591291','POST','id=1444658591291&username=123&organizationId=1444636560192&password=&roleId=1',''),('1444806244826','access','admin','/syst/admin',NULL,'/syst/admin/role/create','POST','name=test1',''),('1444876159396','access','admin','/syst/admin',NULL,'/syst/admin/user/create','POST','username=ewew&organizationId=1444636328008&password=&roleId=1',''),('1444885097090','access','admin','/syst/admin',NULL,'/syst/admin/resource/create','POST','parentId=&name=test&authName=&path=&type=menu',''),('1444885145375','access','admin','/syst/admin',NULL,'/syst/admin/resource/deleteById','POST','idstring=1444885095467',''),('1444890482621','access','admin','/syst/admin',NULL,'/syst/admin/organization/create','POST','parentId=1444636575952&name=研发三部&available=true',''),('1444891927652','access','admin','/syst/admin',NULL,'/syst/admin/organization/update/1444636560192','POST','id=1444636560192&parentId=1444636328008&name=市场部&available=false',''),('1444987150866','access','admin','/syst/admin',NULL,'/syst/admin/resource/create','POST','parentId=&name=数据库&authName=&path=&type=menu',''),('1444987227000','access','admin','/syst/admin',NULL,'/syst/admin/resource/create','POST','parentId=1444987149377&name=数据库备份管理&authName=dbBackup:*&path=/dbBackup&type=menu',''),('1445057609284','access','admin','/syst/admin',NULL,'/syst/admin/dbBackup/deleteById','POST','idstring=94ef4a1e-2c5a-421d-8d91-4e5401e54f0f',''),('1445065243584','access','admin','/syst/admin',NULL,'/syst/admin/resource/deleteById','POST','idstring=1444548968675,1444550544838',''),('1445075671821','access','admin','/syst/admin',NULL,'/syst/admin/resource/create','POST','parentId=&name=栏目&authName=channel:*&path=/channel&type=menu',''),('1445075703962','access','admin','/syst/admin',NULL,'/syst/admin/resource/create','POST','parentId=&name=文档&authName=document:*&path=/document&type=menu',''),('1445084486374','access','admin','/syst/admin',NULL,'/syst/admin/dictionary/create','POST','value=true&label=是&type=openMode',''),('1445084504353','access','admin','/syst/admin',NULL,'/syst/admin/dictionary/create','POST','value=false&label=否&type=openMode',''),('1445086466947','access','admin','/syst/admin',NULL,'/syst/admin/channel/create','POST','parentId=&linkAddr=&desc=&name=新闻&keyword=新闻，news&code=news&openMode=true',''),('1445086819068','access','admin','/syst/admin',NULL,'/syst/admin/channel/create','POST','parentId=&linkAddr=&desc=&name=新闻&keyword=新闻，news&code=news&openMode=true',''),('1445086834289','access','admin','/syst/admin',NULL,'/syst/admin/channel/create','POST','parentId=&linkAddr=&desc=&name=新闻&keyword=新闻，news&code=news&openMode=true',''),('1445130394900','access','admin','/syst/admin',NULL,'/syst/admin/channel/create','POST','descrition=新闻&parentId=&linkAddr=&name=新闻&keyword=新闻，news&code=news&openMode=true',''),('1445137715738','access','admin','/syst/admin',NULL,'/syst/admin/channel/create','POST','descrition=&parentId=&linkAddr=&name=test&keyword=&code=&openMode=true',''),('1445137720485','access','admin','/syst/admin',NULL,'/syst/admin/channel/deleteById','POST','idstring=1445137715690',''),('1445137723908','access','admin','/syst/admin',NULL,'/syst/admin/channel/deleteById','POST','idstring=1445137715690',''),('1445137772871','access','admin','/syst/admin',NULL,'/syst/admin/channel/create','POST','descrition=&parentId=&linkAddr=&name=test&keyword=&code=&openMode=true',''),('1445137782009','access','admin','/syst/admin',NULL,'/syst/admin/channel/deleteById','POST','idstring=1445137772831',''),('1445137809630','access','admin','/syst/admin',NULL,'/syst/admin/channel/create','POST','descrition=&parentId=&linkAddr=&name=test&keyword=&code=&openMode=true',''),('1445137815235','access','admin','/syst/admin',NULL,'/syst/admin/channel/deleteById','POST','idstring=1445137809586',''),('1445139154778','access','admin','/syst/admin',NULL,'/syst/admin/channel/update/1445130394473','POST','id=1445130394473&descrition=新闻&parentId=1445130394473&linkAddr=&name=新闻&keyword=新闻，news&code=news&openMode=true',''),('1445139264057','access','admin','/syst/admin',NULL,'/syst/admin/channel/update/1445130394473','POST','id=1445130394473&descrition=新闻&parentId=&linkAddr=&name=新闻&keyword=新闻，news&code=news&openMode=false',''),('1445139381681','access','admin','/syst/admin',NULL,'/syst/admin/channel/create','POST','descrition=&parentId=1445130394473&linkAddr=&name=体育&keyword=体育，sports&code=sports&openMode=true',''),('1445222940765','access','admin','/syst/admin',NULL,'/syst/admin/document/create','POST','content=&author=&title=&source=&color=&titleImage=&priority=&keyword=&fileAddr=&fileName=&sourceAddr=&size=',''),('1445242395078','access','admin','/syst/admin',NULL,'/syst/admin/document/create','POST','content=&author=黄记新&title=二少联手砍40分 雷霆结束掘金4连胜&editorValue=<p>谈汽车0-100加速度</p><h2>什么是汽车0-100加速度</h2><p>汽车0-100加速度是指汽车点火后从静止状态加速到100km/h所用的时间，民用车通常在7-10秒左右。</p><&source=&titleImage=&color=&priority=&fileAddr=&keyword=&fileName=&sourceAddr=&size=',''),('1445242558317','access','admin','/syst/admin',NULL,'/syst/admin/document/create','POST','content=&author=test&title=test&editorValue=<p>但是很舒服<br/></p>&source=&color=&titleImage=&priority=&fileAddr=&keyword=&fileName=&sourceAddr=&size=',''),('1445243132922','access','admin','/syst/admin',NULL,'/syst/admin/document/create','POST','content=&author=test&title=test&editorValue=<p>te额台湾问题为<br/></p>&source=&titleImage=&color=&priority=&fileAddr=&keyword=&fileName=&sourceAddr=&size=',''),('1445243351338','access','admin','/syst/admin',NULL,'/syst/admin/document/create','POST','content=&author=test&title=test&editorValue=<p>特提斯<br/></p>&source=&titleImage=&color=&priority=&fileAddr=&keyword=&fileName=&sourceAddr=&size=',''),('1445243390828','access','admin','/syst/admin',NULL,'/syst/admin/document/create','POST','content=&author=test&title=test&editorValue=<p>test<br/></p>&source=&titleImage=&color=&priority=&fileAddr=&keyword=&fileName=&sourceAddr=&size=',''),('1445243465003','access','admin','/syst/admin',NULL,'/syst/admin/document/create','POST','content=&author=速度多少&title=到时候&editorValue=<p>第三方的身份<br/></p>&source=&titleImage=&color=&priority=&fileAddr=&keyword=&fileName=&sourceAddr=&size=',''),('1445243727564','access','admin','/syst/admin',NULL,'/syst/admin/document/create','POST','content=&author=&title=&source=&color=&titleImage=&priority=&fileAddr=&keyword=&fileName=&sourceAddr=&size=',''),('1445244571986','access','admin','/syst/admin',NULL,'/syst/admin/document/create','POST','content=&author=&title=&source=&color=&titleImage=&priority=&keyword=&fileAddr=&fileName=&sourceAddr=&size=',''),('1445244631591','access','admin','/syst/admin',NULL,'/syst/admin/document/deleteById','POST','idstring=1445244571092,1445243727454,1445243464921,1445243390752',''),('1445245578403','access','admin','/syst/admin',NULL,'/syst/admin/document/create','POST','content=<p>的时候说的话<br/></p>&author=&title=&editorValue=<p>的时候说的话<br/></p>&source=&titleImage=&color=&priority=&fileAddr=&keyword=&fileName=&sourceAddr=&size=',''),('1445245594050','access','admin','/syst/admin',NULL,'/syst/admin/document/deleteById','POST','idstring=1445245577629',''),('1445245615601','access','admin','/syst/admin',NULL,'/syst/admin/document/create','POST','content=&author=&title=&source=&color=&titleImage=&priority=&keyword=&fileAddr=&fileName=&sourceAddr=&size=',''),('1445245640733','access','admin','/syst/admin',NULL,'/syst/admin/document/create','POST','content=<p>傻大时代<br/></p>&author=test&title=test&editorValue=<p>傻大时代<br/></p>&source=&titleImage=&color=&priority=&fileAddr=&keyword=test&fileName=&sourceAddr=&size=',''),('1445246336518','access','admin','/syst/admin',NULL,'/syst/admin/document/create','POST','content=<p><img src=\"/ueditor/jsp/upload/image/20151019/1445246260741001574.jpg\" style=\"\" title=\"14452462607&author=test&title=test&editorValue=<p><img src=\"/ueditor/jsp/upload/image/20151019/1445246260741001574.jpg\" style=\"\" title=\"14452462607&source=&titleImage=&color=&priority=&fileAddr=&keyword=&fileName=&sourceAddr=&size=',''),('1445249753622','access','admin','/syst/admin',NULL,'/syst/admin/document/create','POST','content=<p>适当放松的方式<br/></p>&author=&title=test&editorValue=<p>适当放松的方式<br/></p>&source=&titleImage=&color=&priority=&fileAddr=&keyword=&fileName=&sourceAddr=&size=',''),('1445249831820','access','admin','/syst/admin',NULL,'/syst/admin/document/deleteById','POST','idstring=1445245640651,1445245615476,1445243351210,1445243131971,1445242558182,1445242394645',''),('1445250072215','access','admin','/syst/admin',NULL,'/syst/admin/document/create','POST','content=<p>test<br/></p>&author=&title=test&editorValue=<p>test<br/></p>&source=&titleImage=&color=&priority=&fileAddr=&keyword=&fileName=&sourceAddr=&size=',''),('1445250101344','access','admin','/syst/admin',NULL,'/syst/admin/document/create','POST','editorValue=<p>发生的<br/></p>&channelId=1445130394473&keyword=&sourceAddr=&size=&content=<p>发生的<br/></p>&author=&title=时代复分&source=&titleImage=&color=&priority=&fileAddr=&fileName=',''),('1445250201938','access','admin','/syst/admin',NULL,'/syst/admin/document/create','POST','editorValue=<p>test<br/></p>&channelId=1445130394473&keyword=&sourceAddr=&size=&content=<p>test<br/></p>&author=&title=test&source=&color=&titleImage=&priority=&fileAddr=&fileName=',''),('1445250240497','access','admin','/syst/admin',NULL,'/syst/admin/document/create','POST','editorValue=<p>test<br/></p>&channelId=1445130394473&keyword=&sourceAddr=&size=&content=<p>test<br/></p>&author=&title=test&source=&color=&titleImage=&priority=&fileAddr=&fileName=',''),('1445250391899','access','admin','/syst/admin',NULL,'/syst/admin/document/deleteById','POST','idstring=1445250240419,1445250201825,1445250101228,1445250072114,1445249752872,1445246335614',''),('1445250404079','access','admin','/syst/admin',NULL,'/syst/admin/document/create','POST','editorValue=<p>test<br/></p>&channelId=1445130394473&keyword=&sourceAddr=&size=&content=<p>test<br/></p>&author=&title=test&source=&titleImage=&color=&priority=&fileAddr=&fileName=',''),('1445306615984','access','admin','/syst/admin',NULL,'/syst/admin/document/create','POST','editorValue=<p>的时候说的话说的话都是<br/></p>&channelId=1445139381638&keyword=&sourceAddr=&size=&content=<p>的时候说的话说的话都是<br/></p>&author=test&title=test&source=&color=&titleImage=&priority=&fileAddr=&fileName=',''),('1445309513544','access','admin','/syst/admin',NULL,'/syst/admin/document/update/1445250404016','POST','editorValue=<p>testfdgd<br/></p>&channelId=1445130394473&keyword=&sourceAddr=&size=&content=<p>testfdgd<br/></p>&id=1445250404016&author=yrdy&title=test&source=&color=&titleImage=&priority=&fileAddr=&fileName=',''),('1445311648453','access','admin','/syst/admin',NULL,'/syst/admin/channel/deleteById','POST','idstring=1445139381638',''),('1445311813384','access','admin','/syst/admin',NULL,'/syst/admin/channel/create','POST','descrition=体育&parentId=&linkAddr=&name=体育&keyword=sports,体育&code=sports&openMode=true',''),('1445312220776','access','admin','/syst/admin',NULL,'/syst/admin/channel/create','POST','descrition=娱乐，entertainment&parentId=&linkAddr=&name=娱乐&keyword=娱乐，entertainment&code=entertainment&openMode=true',''),('1445322326622','access','admin','/syst/admin',NULL,'/syst/admin/channel/create','POST','descrition=科技,tech&parentId=&linkAddr=&name=科技&keyword=科技,tech&code=tech&openMode=true',''),('1445322448238','access','admin','/syst/admin',NULL,'/syst/admin/channel/create','POST','descrition=图集，picture&parentId=&linkAddr=&name=图集&keyword=图集，picture&code=picture&openMode=true',''),('1445322475673','access','admin','/syst/admin',NULL,'/syst/admin/channel/create','POST','descrition=video，视频&parentId=&linkAddr=&name=视频&keyword=video，视频&code=video&openMode=true',''),('1445322552825','access','admin','/syst/admin',NULL,'/syst/admin/channel/create','POST','descrition=product，产品&parentId=&linkAddr=&name=产品&keyword=product，产品&code=product&openMode=true',''),('1445322582071','access','admin','/syst/admin',NULL,'/syst/admin/channel/create','POST','descrition=download，下载&parentId=&linkAddr=&name=下载&keyword=download，下载&code=download&openMode=true',''),('1445323572017','access','admin','/syst/admin',NULL,'/syst/admin/channel/create','POST','descrition=doc，文库&parentId=&linkAddr=&name=文库&keyword=doc，文库&code=doc&openMode=true',''),('1445323609582','access','admin','/syst/admin',NULL,'/syst/admin/channel/create','POST','descrition=notice，网站公告&parentId=&linkAddr=&name=网站公告&keyword=notice，网站公告&code=notice&openMode=true',''),('1445323635460','access','admin','/syst/admin',NULL,'/syst/admin/channel/create','POST','descrition=position，诚聘英才&parentId=&linkAddr=&name=诚聘英才&keyword=position，诚聘英才&code=position&openMode=true',''),('1445502180613','access','admin','/syst/admin',NULL,'/syst/admin/document/create','POST','content=<p>test</p>&author=test&editorValue=<p>test</p>&title=test&source=&titleImage=&color=&channelId=1445130394473&priority=&keyword=test&sourceAddr=',''),('1445506205169','access','admin','/syst/admin',NULL,'/syst/admin/channel/create','POST','descrition=society,&parentId=1445130394473&linkAddr=&name=社会&keyword=society,社会&code=society&openMode=true',''),('1445567200858','access','admin','/syst/admin',NULL,'/syst/admin/dictionary/create','POST','value=true&label=是&type=hidden',''),('1445567211571','access','admin','/syst/admin',NULL,'/syst/admin/dictionary/create','POST','value=false&label=否&type=hidden',''),('1445573148346','access','admin','/syst/admin',NULL,'/syst/admin/document/create','POST','content=<p>123</p>&author=123&editorValue=<p>123</p>&title=123&source=&titleImage=&color=&channelId=1445506204924&priority=&keyword=&sourceAddr=',''),('1445573235349','access','admin','/syst/admin',NULL,'/syst/admin/channel/create','POST','descrition=international,国际&parentId=1445130394473&linkAddr=&name=国际&keyword=international,国际&code=international&openMode=false',''),('1445573294906','access','admin','/syst/admin',NULL,'/syst/admin/document/create','POST','content=<p>英国派军舰赴地中海演习 西班牙称是恐吓行为</p>&author=123&editorValue=<p>英国派军舰赴地中海演习 西班牙称是恐吓行为</p>&title=英国派军舰赴地中海演习 西班牙称是恐吓行为&source=&titleImage=&color=&channelId=1445573235198&priority=&keyword=&sourceAddr=',''),('1445589799282','access','admin','/syst/admin',NULL,'/syst/admin/document/update/1445573294870','POST','editorValue=<p><span style=\"font-family: Verdana, Arial, Tahoma; font-size: 12px; background-color: rgb(255, 255&channelId=1445573235198&keyword=&sourceAddr=&size=&content=<p><span style=\"font-family: Verdana, Arial, Tahoma; font-size: 12px; background-color: rgb(255, 255&id=1445573294870&author=123&title=英国派军舰赴地中海演习 西班牙称是恐吓行为&source=&color=&titleImage=&priority=&fileAddr=&fileName=',''),('1445590069906','access','admin','/syst/admin',NULL,'/syst/admin/document/update/1445573294870','POST','editorValue=<p><span style=\"font-family: Verdana, Arial, Tahoma; font-size: 12px; background-color: rgb(255, 255&channelId=1445573235198&keyword=&sourceAddr=&size=&id=1445573294870&author=123&title=英国派军舰赴地中海演习 西班牙称是恐吓行为&source=&color=&titleImage=&priority=&fileAddr=&fileName=',''),('1445590572058','access','admin','/syst/admin',NULL,'/syst/admin/document/update/1445573294870','POST','editorValue=<p><span style=\"font-family: Verdana, Arial, Tahoma; font-size: 12px; background-color: rgb(255, 255&channelId=1445573235198&keyword=&sourceAddr=&size=&content=<p><span style=\"font-family: Verdana, Arial, Tahoma; font-size: 12px; background-color: rgb(255, 255&id=1445573294870&author=123&title=英国派军舰赴地中海演习 西班牙称是恐吓行为&source=&color=&titleImage=&priority=&fileAddr=&fileName=',''),('1445591560673','access','admin','/syst/admin',NULL,'/syst/admin/document/update/1445573294870','POST','editorValue=<p>腾讯财经讯 北京10月23日下午消息 据日本共同网文章，访日外国游客人数和消费额正在不断刷新历史纪录，今年1至9月分别达1448万人和25,967亿日元（约合人民币1368亿元），超过了去年全年&channelId=1445573235198&keyword=&sourceAddr=&size=&id=1445573294870&content=<p>腾讯财经讯 北京10月23日下午消息 据日本共同网文章，访日外国游客人数和消费额正在不断刷新历史纪录，今年1至9月分别达1448万人和25,967亿日元（约合人民币1368亿元），超过了去年全年&author=123&title=中国游客持续火爆 日媒：警惕过度依赖中国&source=&color=&titleImage=&priority=&fileAddr=&fileName=',''),('1445672557092','access','admin','/syst/admin',NULL,'/syst/admin/channel/create','POST','descrition=&parentId=1445311813162&linkAddr=sports/sdfsdf&name=&keyword=&code=sdfsdf&openMode=true',''),('1445672570275','access','admin','/syst/admin',NULL,'/syst/admin/channel/deleteById','POST','idstring=1445672555584',''),('1445672614253','access','admin','/syst/admin',NULL,'/syst/admin/channel/create','POST','descrition=篮球sports/basketball&parentId=1445311813162&linkAddr=sports/basketball&name=篮球&keyword=篮球,sports/basketball&code=basketball&openMode=true',''),('1445672877474','access','admin','/syst/admin',NULL,'/syst/admin/channel/update/1445130394473','POST','id=1445130394473&descrition=新闻&parentId=&linkAddr=news&name=新闻&keyword=新闻，news&code=news&openMode=false',''),('1445672953081','access','admin','/syst/admin',NULL,'/syst/admin/channel/update/1445506204924','POST','id=1445506204924&descrition=society,&parentId=1445130394473&linkAddr=news/society&name=社会&keyword=society,社会&code=society&openMode=true',''),('1445673027542','access','admin','/syst/admin',NULL,'/syst/admin/channel/update/1445573235198','POST','id=1445573235198&descrition=international,国际&parentId=1445130394473&linkAddr=news/international&name=国际&keyword=international,国际&code=international&openMode=false',''),('1445673404283','access','admin','/syst/admin',NULL,'/syst/admin/channel/update/1445311813162','POST','id=1445311813162&descrition=体育&parentId=&linkAddr=sports&name=体育&keyword=sports,体育&code=sports&openMode=true',''),('1445673528622','access','admin','/syst/admin',NULL,'/syst/admin/channel/update/1445312220733','POST','id=1445312220733&descrition=娱乐，entertainment&parentId=&linkAddr=entertainment&name=娱乐&keyword=娱乐，entertainment&code=entertainment&openMode=true',''),('1445673647872','access','admin','/syst/admin',NULL,'/syst/admin/channel/update/1445322325956','POST','id=1445322325956&descrition=科技,tech&parentId=&linkAddr=tech&name=科技&keyword=科技,tech&code=tech&openMode=true',''),('1445673674307','access','admin','/syst/admin',NULL,'/syst/admin/channel/update/1445322448152','POST','id=1445322448152&descrition=图集，picture&parentId=&linkAddr=picture&name=图集&keyword=图集，picture&code=picture&openMode=true',''),('1445673687411','access','admin','/syst/admin',NULL,'/syst/admin/channel/update/1445322475610','POST','id=1445322475610&descrition=video，视频&parentId=&linkAddr=video&name=视频&keyword=video，视频&code=video&openMode=true',''),('1445673701949','access','admin','/syst/admin',NULL,'/syst/admin/channel/update/1445322552743','POST','id=1445322552743&descrition=product，产品&parentId=&linkAddr=product&name=产品&keyword=product，产品&code=product&openMode=true',''),('1445673718112','access','admin','/syst/admin',NULL,'/syst/admin/channel/update/1445322582001','POST','id=1445322582001&descrition=download，下载&parentId=&linkAddr=download&name=下载&keyword=download，下载&code=download&openMode=true',''),('1445673730813','access','admin','/syst/admin',NULL,'/syst/admin/channel/update/1445323571971','POST','id=1445323571971&descrition=doc，文库&parentId=&linkAddr=doc&name=文库&keyword=doc，文库&code=doc&openMode=true',''),('1445673745577','access','admin','/syst/admin',NULL,'/syst/admin/channel/update/1445323609464','POST','id=1445323609464&descrition=notice，网站公告&parentId=&linkAddr=notice&name=网站公告&keyword=notice，网站公告&code=notice&openMode=true',''),('1445673765566','access','admin','/syst/admin',NULL,'/syst/admin/channel/update/1445323635367','POST','id=1445323635367&descrition=position，诚聘英才&parentId=&linkAddr=position&name=诚聘英才&keyword=position，诚聘英才&code=position&openMode=true',''),('1445740435156','access','admin','/syst/admin',NULL,'/syst/admin/dictionary/create','POST','value=false&label=true&type=asdocument',''),('1445740454680','access','admin','/syst/admin',NULL,'/syst/admin/dictionary/create','POST','value=false&label=否&type=asdocument',''),('1445740478911','access','admin','/syst/admin',NULL,'/syst/admin/dictionary/update/1445740433805','POST','id=1445740433805&value=false&label=是&type=asdocument',''),('1445740575737','access','admin','/syst/admin',NULL,'/syst/admin/dictionary/update/1445740433805','POST','id=1445740433805&value=true&label=是&type=asdocument',''),('1445741407519','access','admin','/syst/admin',NULL,'/syst/admin/channel/update/1445506204924','POST','id=1445506204924&descrition=society,&parentId=1445130394473&linkAddr=news/society&hidden=false&name=社会&keyword=society,社会&code=society&channelTemplete=&openMode=false&asdocument=false',''),('1445823925396','access','admin','/syst/admin',NULL,'/syst/admin/channel/create','POST','descrition=关于我们，aboutus&parentId=&linkAddr=aboutus&hidden=true&name=关于我们&keyword=关于我们，aboutus&code=aboutus&channelTemplete=default/test.jsp&openMode=false&asdocument=true',''),('1445824762514','access','admin','/syst/admin',NULL,'/syst/admin/channel/update/1445823924985','POST','id=1445823924985&descrition=关于我们，aboutus&parentId=&linkAddr=aboutus&hidden=true&name=关于我们&keyword=关于我们，aboutus&code=aboutus&channelTemplete=default/test.jsp&openMode=false&asdocument=true',''),('1445826571690','access','admin','/syst/admin',NULL,'/syst/admin/document/create','POST','editorValue=<h1 style=\"margin: 15px 35px; padding: 0px 0px 15px; font-size: 18px; color: rgb(51, 51, 51); font-s&channelId=1445823924985&keyword=&documentTemplete=default/test.jsp&sourceAddr=&content=<h1 style=\"margin: 15px 35px; padding: 0px 0px 15px; font-size: 18px; color: rgb(51, 51, 51); font-s&author=&title=关于我们&source=&color=&titleImage=&hidden=true&priority=',''),('1445829887884','access','admin','/syst/admin',NULL,'/syst/admin/channel/update/1445823924985','POST','id=1445823924985&descrition=关于我们，aboutus&parentId=&linkAddr=aboutus&hidden=true&name=关于我们&keyword=关于我们，aboutus&code=aboutus&channelTemplete=default/test&openMode=false&asdocument=true',''),('1445830274478','access','admin','/syst/admin',NULL,'/syst/admin/document/update/1445826571527','POST','editorValue=<h1 style=\"margin: 15px 35px; padding: 0px 0px 15px; font-size: 18px; color: rgb(51, 51, 51); font-s&channelId=1445823924985&documentTemplete=default/test&keyword=&sourceAddr=&size=&id=1445826571527&content=<h1 style=\"margin: 15px 35px; padding: 0px 0px 15px; font-size: 18px; color: rgb(51, 51, 51); font-s&author=&title=关于我们&source=&titleImage=&color=&priority=&hidden=true&fileAddr=',''),('1445832244499','access','admin','/syst/admin',NULL,'/syst/admin/document/update/1445826571527','POST','editorValue=<h1 style=\"margin: 15px 35px; padding: 0px 0px 15px; font-size: 18px; color: rgb(51, 51, 51); font-s&channelId=1445823924985&documentTemplete=default/test&keyword=&sourceAddr=&size=&id=1445826571527&content=<h1 style=\"margin: 15px 35px; padding: 0px 0px 15px; font-size: 18px; color: rgb(51, 51, 51); font-s&author=&title=公司简介&source=&titleImage=&color=&priority=&hidden=true&fileAddr=',''),('1445832556633','access','admin','/syst/admin',NULL,'/syst/admin/document/create','POST','editorValue=<h1 style=\"white-space: normal; margin: 15px 35px; padding: 0px 0px 15px; font-size: 18px; color: rg&channelId=1445823924985&keyword=发展历程&documentTemplete=&sourceAddr=&content=<h1 style=\"white-space: normal; margin: 15px 35px; padding: 0px 0px 15px; font-size: 18px; color: rg&author=&title=发展历程&source=&color=&titleImage=&hidden=true&priority=',''),('1445842678345','access','admin','/syst/admin',NULL,'/syst/admin/channel/create','POST','descrition=dsfsdf&parentId=1445823924985&linkAddr=aboutus/qiyewenhua&hidden=false&name=企业文化&keyword=企业文化,qiyewenhua&code=qiyewenhua&openMode=false&asdocument=true&documentId=',''),('1445842761024','access','admin','/syst/admin',NULL,'/syst/admin/channel/deleteById','POST','idstring=1445842677582',''),('1445842816896','access','admin','/syst/admin',NULL,'/syst/admin/channel/create','POST','descrition=&parentId=1445823924985&linkAddr=aboutus/qiyewenhua&hidden=false&name=企业文化&keyword=&code=qiyewenhua&openMode=false&asdocument=true&documentId=1445832556483',''),('1445843145227','access','admin','/syst/admin',NULL,'/syst/admin/channel/create','POST','descrition=&parentId=1445823924985&linkAddr=aboutus/quarlitySystem&hidden=false&name=质量体系&keyword=&code=quarlitySystem&openMode=false&asdocument=true&documentId=1445832556483',''),('1445843356238','access','admin','/syst/admin',NULL,'/syst/admin/channel/deleteById','POST','idstring=1445843145145',''),('1445844279362','access','admin','/syst/admin',NULL,'/syst/admin/channel/create','POST','descrition=发展历程,history&parentId=1445823924985&linkAddr=aboutus/history&hidden=false&name=发展历程&keyword=发展历程,history&code=history&openMode=false&asdocument=true&documentId=1445832556483',''),('1445844789708','access','admin','/syst/admin',NULL,'/syst/admin/channel/update/1445844279063','POST','id=1445844279063&descrition=发展历程,history&parentId=1445823924985&linkAddr=aboutus/history&hidden=false&name=发展历程&keyword=发展历程,history&code=history&channelTemplete=&openMode=false&asdocument=true',''),('1445846106656','access','admin','/syst/admin',NULL,'/syst/admin/document/update/1445832556483','POST','editorValue=<h1 style=\"white-space: normal; margin: 15px 35px; padding: 0px 0px 15px; font-size: 18px; color: rg&channelId=1445823924985&documentTemplete=default/test&keyword=发展历程&sourceAddr=&size=&id=1445832556483&content=<h1 style=\"white-space: normal; margin: 15px 35px; padding: 0px 0px 15px; font-size: 18px; color: rg&author=&title=发展历程&source=&titleImage=&color=&priority=&hidden=true&fileAddr=',''),('1445846786079','access','admin','/syst/admin',NULL,'/syst/admin/channel/update/1445823924985','POST','id=1445823924985&descrition=关于我们，aboutus&parentId=&linkAddr=aboutus&hidden=true&name=关于我们&keyword=关于我们，aboutus&code=aboutus&openMode=false&asdocument=true',''),('1445846932758','access','admin','/syst/admin',NULL,'/syst/admin/channel/update/1445823924985','POST','id=1445823924985&descrition=关于我们，aboutus&parentId=&linkAddr=aboutus&hidden=true&name=关于我们&keyword=关于我们，aboutus&code=aboutus&openMode=false&asdocument=true',''),('1445847054095','access','admin','/syst/admin',NULL,'/syst/admin/channel/update/1445823924985','POST','id=1445823924985&descrition=关于我们，aboutus&parentId=&linkAddr=aboutus&hidden=true&name=关于我们&keyword=关于我们，aboutus&code=aboutus&channelTemplete=&openMode=false&asdocument=true',''),('1445847307130','access','admin','/syst/admin',NULL,'/syst/admin/channel/update/1445823924985','POST','id=1445823924985&descrition=关于我们，aboutus&parentId=&linkAddr=aboutus&hidden=true&name=关于我们&keyword=关于我们，aboutus&code=aboutus&channelTemplete=&openMode=false&asdocument=true&documentId=1445826571527',''),('1445932612080','access','admin','/syst/admin',NULL,'/syst/admin/log/deleteById','POST','idstring=1445853807130,1445852169204,1445852116529',''),('1445933542372','access','admin','/syst/admin',NULL,'/syst/admin/channel/deleteById','POST','idstring=1445130394473,1445506204924,1445573235198,1445311813162,1445672614195,1445312220733,1445322325956,14',''),('1445933614803','access','admin','/syst/admin',NULL,'/syst/admin/channel/create','POST','descrition=&parentId=&linkAddr=/&hidden=false&name=公司主页&keyword=公司主页，网聚&code=/&channelTemplete=&openMode=false&asdocument=false&documentId=',''),('1445933697755','access','admin','/syst/admin',NULL,'/syst/admin/channel/create','POST','descrition=&parentId=&linkAddr=aboutus&hidden=false&name=关于我们&keyword=公司主页，关于我们&code=aboutus&channelTemplete=&openMode=false&asdocument=false&documentId=',''),('1445933756152','access','admin','/syst/admin',NULL,'/syst/admin/channel/create','POST','descrition=&parentId=1445933697685&linkAddr=aboutus/organization&hidden=false&name=组织架构&keyword=组织架构&code=organization&channelTemplete=&openMode=false&asdocument=false&documentId=',''),('1445933793481','access','admin','/syst/admin',NULL,'/syst/admin/channel/create','POST','descrition=&parentId=1445933697685&linkAddr=aboutus/history&hidden=false&name=公司历史&keyword=公司历史&code=history&channelTemplete=&openMode=false&asdocument=false&documentId=',''),('1445933824337','access','admin','/syst/admin',NULL,'/syst/admin/channel/create','POST','descrition=contact&parentId=1445933697685&linkAddr=aboutus/contact&hidden=false&name=联系我们&keyword=联系我们&code=contact&channelTemplete=&openMode=false&asdocument=false&documentId=',''),('1445933911063','access','admin','/syst/admin',NULL,'/syst/admin/channel/create','POST','descrition=product产品展示&parentId=&linkAddr=product&hidden=false&name=产品展示&keyword=产品展示&code=product&channelTemplete=&openMode=false&asdocument=false&documentId=',''),('1445934192770','access','admin','/syst/admin',NULL,'/syst/admin/channel/create','POST','descrition=医药原料及中间体&parentId=1445933910969&linkAddr=product/yyyljzhjt&hidden=false&name=医药原料及中间体&keyword=医药原料及中间体&code=yyyljzhjt&channelTemplete=&openMode=false&asdocument=false&documentId=',''),('1445934220843','access','admin','/syst/admin',NULL,'/syst/admin/channel/create','POST','descrition=无机化工产品&parentId=1445933910969&linkAddr=product/wjhgchp&hidden=false&name=无机化工产品&keyword=无机化工产品&code=wjhgchp&channelTemplete=&openMode=false&asdocument=false&documentId=',''),('1445934282778','access','admin','/syst/admin',NULL,'/syst/admin/channel/create','POST','descrition=香精香料及植物提取物&parentId=1445933910969&linkAddr=product/xjxljzhwtqw&hidden=false&name=香精香料及植物提取物&keyword=香精香料及植物提取物&code=xjxljzhwtqw&channelTemplete=&openMode=false&asdocument=false&documentId=',''),('1445934363192','access','admin','/syst/admin',NULL,'/syst/admin/channel/create','POST','descrition=新闻中心&parentId=&linkAddr=news&hidden=false&name=新闻中心&keyword=新闻中心&code=news&channelTemplete=&openMode=false&asdocument=false&documentId=',''),('1445934469054','access','admin','/syst/admin',NULL,'/syst/admin/channel/create','POST','descrition=招聘信息,jobs&parentId=&linkAddr=jobs&hidden=false&name=招聘信息&keyword=招聘信息,jobs&code=jobs&channelTemplete=&openMode=false&asdocument=false&documentId=',''),('1445940555174','access','admin','/syst/admin',NULL,'/syst/admin/document/create','POST','editorValue=<h1 label=\"标题居中\" style=\"font-size: 32px; font-weight: bold; border-bottom-color: rgb(204, 204, 204);&channelId=1445933697685&keyword=&documentTemplete=&sourceAddr=&content=<h1 label=\"标题居中\" style=\"font-size: 32px; font-weight: bold; border-bottom-color: rgb(204, 204, 204);&author=&title=公司简介&source=&color=&titleImage=&hidden=true&priority=',''),('1445940588755','access','admin','/syst/admin',NULL,'/syst/admin/channel/update/1445933697685','POST','id=1445933697685&descrition=&parentId=&linkAddr=aboutus&hidden=false&name=关于我们&keyword=公司主页，关于我们&code=aboutus&openMode=false&asdocument=true&documentId=1445940554062',''),('1445941023750','access','admin','/syst/admin',NULL,'/syst/admin/document/update/1445940554062','POST','editorValue=<h1 label=\"标题居中\" style=\"font-size: 32px; font-weight: bold; border-bottom-color: rgb(204, 204, 204);&channelId=1445933697685&documentTemplete=WEB-INF//default/single&keyword=&sourceAddr=&size=&id=1445940554062&content=<h1 label=\"标题居中\" style=\"font-size: 32px; font-weight: bold; border-bottom-color: rgb(204, 204, 204);&author=&title=公司简介&source=&titleImage=&color=&priority=&hidden=true&fileAddr=',''),('1445941122676','access','admin','/syst/admin',NULL,'/syst/admin/channel/update/1445933697685','POST','id=1445933697685&descrition=&parentId=&linkAddr=aboutus&hidden=false&name=关于我们&keyword=公司主页，关于我们&code=aboutus&channelTemplete=&openMode=false&asdocument=true&documentId=1445940554062',''),('1445941188235','access','admin','/syst/admin',NULL,'/syst/admin/document/update/1445940554062','POST','editorValue=<h1 label=\"标题居中\" style=\"font-size: 32px; font-weight: bold; border-bottom-color: rgb(204, 204, 204);&channelId=1445933697685&documentTemplete=default/single&keyword=&sourceAddr=&size=&id=1445940554062&content=<h1 label=\"标题居中\" style=\"font-size: 32px; font-weight: bold; border-bottom-color: rgb(204, 204, 204);&author=&title=公司简介&source=&titleImage=&color=&priority=&hidden=true&fileAddr=',''),('1445941803721','access','admin','/syst/admin',NULL,'/syst/admin/document/update/1445940554062','POST','editorValue=<p style=\"white-space: normal;\">&nbsp; 新开普电子股份有限公司2000年成立于郑州高新技术产业开发区，注册资本28544万元。公司专业致力于开发以智能卡及RFID&channelId=1445933697685&documentTemplete=default/single&keyword=&sourceAddr=&size=&id=1445940554062&content=<p style=\"white-space: normal;\">&nbsp; 新开普电子股份有限公司2000年成立于郑州高新技术产业开发区，注册资本28544万元。公司专业致力于开发以智能卡及RFID&author=&title=公司简介&source=&titleImage=&color=&priority=&hidden=true&fileAddr=',''),('1445941847365','access','admin','/syst/admin',NULL,'/syst/admin/document/update/1445940554062','POST','editorValue=<p style=\"white-space: normal;\"><span style=\"font-size: 14px;\">&nbsp;&nbsp;&nbsp;&nbsp;新开普电子股份有限公司20&channelId=1445933697685&documentTemplete=default/single&keyword=&sourceAddr=&size=&id=1445940554062&content=<p style=\"white-space: normal;\"><span style=\"font-size: 14px;\">&nbsp;&nbsp;&nbsp;&nbsp;新开普电子股份有限公司20&author=&title=公司简介&source=&titleImage=&color=&priority=&hidden=true&fileAddr=',''),('1445944238969','access','admin','/syst/admin',NULL,'/syst/admin/document/create','POST','editorValue=<p style=\"margin-right: 10px; margin-left: 34px; padding: 0px; line-height: 24px; font-size: 12px; c&channelId=&keyword=&documentTemplete=default/single&sourceAddr=&content=<p style=\"margin-right: 10px; margin-left: 34px; padding: 0px; line-height: 24px; font-size: 12px; c&author=&title=公司历史&source=&color=&titleImage=&hidden=true&priority=',''),('1445944340703','access','admin','/syst/admin',NULL,'/syst/admin/document/create','POST','editorValue=<p style=\"margin-right: 10px; margin-left: 34px; padding: 0px; line-height: 24px; font-size: 12px; c&channelId=1445933793433&keyword=&documentTemplete=default/single&sourceAddr=&content=<p style=\"margin-right: 10px; margin-left: 34px; padding: 0px; line-height: 24px; font-size: 12px; c&author=&title=公司历史&source=&color=&titleImage=&hidden=true&priority=',''),('1445944375088','access','admin','/syst/admin',NULL,'/syst/admin/channel/update/1445933793433','POST','id=1445933793433&descrition=&parentId=1445933697685&linkAddr=aboutus/history&hidden=false&name=公司历史&keyword=公司历史&code=history&openMode=false&asdocument=true&documentId=1445944340585',''),('1445947810766','access','admin','/syst/admin',NULL,'/syst/admin/document/create','POST','editorValue=<p style=\"margin: 0px 10px 20px 30px; padding: 0px; line-height: 22px; font-family: Arial, Helvetica&channelId=1445933824290&keyword=&documentTemplete=default/single&sourceAddr=&content=<p style=\"margin: 0px 10px 20px 30px; padding: 0px; line-height: 22px; font-family: Arial, Helvetica&author=&title=联系我们&source=&color=&titleImage=&hidden=true&priority=',''),('1445947842295','access','admin','/syst/admin',NULL,'/syst/admin/channel/update/1445933824290','POST','descrition=contact&keyword=联系我们&code=contact&id=1445933824290&parentId=1445933697685&linkAddr=aboutus/contact&hidden=false&name=联系我们&openMode=false&asdocument=true&documentId=1445947810718',''),('1445947886011','access','admin','/syst/admin',NULL,'/syst/admin/document/update/1445947810718','POST','editorValue=<p style=\"margin: 0px 10px 20px 30px; padding: 0px; line-height: 22px; font-family: Arial, Helvetica&channelId=1445933824290&documentTemplete=default/single&keyword=&sourceAddr=&size=&id=1445947810718&content=<p style=\"margin: 0px 10px 20px 30px; padding: 0px; line-height: 22px; font-family: Arial, Helvetica&author=&title=联系我们&source=&titleImage=&color=&priority=&hidden=true&fileAddr=',''),('1445948172030','access','admin','/syst/admin',NULL,'/syst/admin/channel/update/1445934363146','POST','descrition=新闻中心&keyword=新闻中心&code=news&id=1445934363146&parentId=&linkAddr=news&hidden=false&name=新闻中心&channelTemplete=default/news&openMode=false&asdocument=false&documentId=',''),('1445948748159','access','admin','/syst/admin',NULL,'/syst/admin/document/create','POST','editorValue=<p style=\"margin-top: 0px; padding: 0px; border: 0px; list-style: none; word-wrap: normal; word-brea&channelId=1445934363146&keyword=&documentTemplete=&sourceAddr=&content=<p style=\"margin-top: 0px; padding: 0px; border: 0px; list-style: none; word-wrap: normal; word-brea&author=&title=江苏化工企业接受环境风险全面排查&source=&color=&titleImage=&hidden=true&priority=',''),('1445948753346','access','admin','/syst/admin',NULL,'/syst/admin/document/create','POST','editorValue=<p style=\"margin-top: 0px; padding: 0px; border: 0px; list-style: none; word-wrap: normal; word-brea&channelId=1445934363146&keyword=&documentTemplete=&sourceAddr=&content=<p style=\"margin-top: 0px; padding: 0px; border: 0px; list-style: none; word-wrap: normal; word-brea&author=&title=江苏化工企业接受环境风险全面排查&source=&color=&titleImage=&hidden=true&priority=',''),('1445948756562','access','admin','/syst/admin',NULL,'/syst/admin/document/create','POST','editorValue=<p style=\"margin-top: 0px; padding: 0px; border: 0px; list-style: none; word-wrap: normal; word-brea&channelId=1445934363146&keyword=&documentTemplete=&sourceAddr=&content=<p style=\"margin-top: 0px; padding: 0px; border: 0px; list-style: none; word-wrap: normal; word-brea&author=&title=江苏化工企业接受环境风险全面排查&source=&color=&titleImage=&hidden=true&priority=',''),('1445948760119','access','admin','/syst/admin',NULL,'/syst/admin/document/create','POST','editorValue=<p style=\"margin-top: 0px; padding: 0px; border: 0px; list-style: none; word-wrap: normal; word-brea&channelId=1445934363146&keyword=&documentTemplete=&sourceAddr=&content=<p style=\"margin-top: 0px; padding: 0px; border: 0px; list-style: none; word-wrap: normal; word-brea&author=&title=江苏化工企业接受环境风险全面排查&source=&color=&titleImage=&hidden=true&priority=',''),('1445953109624','access','admin','/syst/admin',NULL,'/syst/admin/document/update/1445948759983','POST','editorValue=<p style=\"margin-top: 0px; padding: 0px; border: 0px; list-style: none; word-wrap: normal; word-brea&channelId=1445934363146&documentTemplete=default/newsInfo&keyword=&sourceAddr=&size=&id=1445948759983&content=<p style=\"margin-top: 0px; padding: 0px; border: 0px; list-style: none; word-wrap: normal; word-brea&author=&title=江苏化工企业接受环境风险全面排查&source=&titleImage=&color=&priority=&hidden=true&fileAddr=',''),('1445953590061','access','admin','/syst/admin',NULL,'/syst/admin/document/update/1445948756494','POST','editorValue=<p style=\"margin-top: 0px; padding: 0px; border: 0px; list-style: none; word-wrap: normal; word-brea&channelId=1445934363146&documentTemplete=default/newsInfo&keyword=&sourceAddr=&size=&id=1445948756494&content=<p style=\"margin-top: 0px; padding: 0px; border: 0px; list-style: none; word-wrap: normal; word-brea&author=&title=江苏化工企业接受环境风险全面排查&source=&titleImage=&color=&priority=&hidden=true&fileAddr=',''),('1445953599612','access','admin','/syst/admin',NULL,'/syst/admin/document/update/1445948753286','POST','editorValue=<p style=\"margin-top: 0px; padding: 0px; border: 0px; list-style: none; word-wrap: normal; word-brea&channelId=1445934363146&documentTemplete=default/newsInfo&keyword=&sourceAddr=&size=&id=1445948753286&content=<p style=\"margin-top: 0px; padding: 0px; border: 0px; list-style: none; word-wrap: normal; word-brea&author=&title=江苏化工企业接受环境风险全面排查&source=&titleImage=&color=&priority=&hidden=true&fileAddr=',''),('1445953610225','access','admin','/syst/admin',NULL,'/syst/admin/document/update/1445948748061','POST','editorValue=<p style=\"margin-top: 0px; padding: 0px; border: 0px; list-style: none; word-wrap: normal; word-brea&channelId=1445934363146&documentTemplete=default/newsInfo&keyword=&sourceAddr=&size=&id=1445948748061&content=<p style=\"margin-top: 0px; padding: 0px; border: 0px; list-style: none; word-wrap: normal; word-brea&author=&title=江苏化工企业接受环境风险全面排查&source=&titleImage=&color=&priority=&hidden=true&fileAddr=',''),('1445955237243','access','admin','/syst/admin',NULL,'/syst/admin/channel/update/1445933697685','POST','id=1445933697685&descrition=&parentId=&linkAddr=channel/aboutus&hidden=false&name=关于我们&keyword=公司主页，关于我们&code=aboutus&channelTemplete=&openMode=false&asdocument=true&documentId=1445940554062',''),('1445955269165','access','admin','/syst/admin',NULL,'/syst/admin/channel/update/1445933756067','POST','id=1445933756067&descrition=&parentId=1445933697685&linkAddr=channel/aboutus/organization&hidden=false&name=组织架构&keyword=组织架构&code=organization&channelTemplete=&openMode=false&asdocument=false&documentId=',''),('1445955283881','access','admin','/syst/admin',NULL,'/syst/admin/channel/update/1445933793433','POST','id=1445933793433&descrition=&parentId=1445933697685&linkAddr=channel/aboutus/history&hidden=false&name=公司历史&keyword=公司历史&code=history&channelTemplete=&openMode=false&asdocument=true&documentId=1445944340585',''),('1445955301385','access','admin','/syst/admin',NULL,'/syst/admin/channel/update/1445933824290','POST','id=1445933824290&descrition=contact&parentId=1445933697685&linkAddr=channel/aboutus/contact&hidden=false&name=联系我们&keyword=联系我们&code=contact&channelTemplete=&openMode=false&asdocument=true&documentId=1445947810718',''),('1445955314967','access','admin','/syst/admin',NULL,'/syst/admin/channel/update/1445934363146','POST','id=1445934363146&descrition=新闻中心&parentId=&linkAddr=channel/news&hidden=false&name=新闻中心&keyword=新闻中心&code=news&channelTemplete=default/news&openMode=false&asdocument=false&documentId=',''),('1446003030012','access','admin','/syst/admin',NULL,'/syst/admin/channel/update/1445933697685','POST','id=1445933697685&descrition=&parentId=&linkAddr=aboutus&hidden=false&name=关于我们&keyword=公司主页，关于我们&code=aboutus&channelTemplete=&openMode=false&asdocument=true&documentId=1445940554062',''),('1446003041908','access','admin','/syst/admin',NULL,'/syst/admin/channel/update/1445933756067','POST','id=1445933756067&descrition=&parentId=1445933697685&linkAddr=aboutus/organization&hidden=false&name=组织架构&keyword=组织架构&code=organization&channelTemplete=&openMode=false&asdocument=false&documentId=',''),('1446003056076','access','admin','/syst/admin',NULL,'/syst/admin/channel/update/1445933793433','POST','id=1445933793433&descrition=&parentId=1445933697685&linkAddr=aboutus/history&hidden=false&name=公司历史&keyword=公司历史&code=history&channelTemplete=&openMode=false&asdocument=true&documentId=1445944340585',''),('1446003069473','access','admin','/syst/admin',NULL,'/syst/admin/channel/update/1445933824290','POST','id=1445933824290&descrition=contact&parentId=1445933697685&linkAddr=aboutus/contact&hidden=false&name=联系我们&keyword=联系我们&code=contact&channelTemplete=&openMode=false&asdocument=true&documentId=1445947810718',''),('1446003087149','access','admin','/syst/admin',NULL,'/syst/admin/channel/update/1445933614530','POST','id=1445933614530&descrition=&parentId=&linkAddr=&hidden=false&name=公司主页&keyword=公司主页，网聚&code=/&channelTemplete=&openMode=false&asdocument=false&documentId=',''),('1446032319136','access','admin','/syst/admin',NULL,'/syst/admin/channel/update/1445933697685','POST','id=1445933697685&descrition=&parentId=&linkAddr=aboutes&hidden=false&name=关于我们&keyword=公司主页，关于我们&code=about&channelTemplete=&openMode=false&asdocument=true&documentId=1445940554062',''),('1446032369984','access','admin','/syst/admin',NULL,'/syst/admin/channel/update/1445933756067','POST','id=1445933756067&descrition=&parentId=1445933697685&linkAddr=aboutes/organizationes&hidden=false&name=组织架构&keyword=组织架构&code=organizationes&channelTemplete=&openMode=false&asdocument=false&documentId=',''),('1446032499158','access','admin','/syst/admin',NULL,'/syst/admin/channel/update/1445933793433','POST','id=1445933793433&descrition=&parentId=1445933697685&linkAddr=aboutes/historyes&hidden=false&name=公司历史&keyword=公司历史&code=historyes&channelTemplete=&openMode=false&asdocument=true&documentId=1445944340585',''),('1446084590226','access','admin','/syst/admin',NULL,'/syst/admin/document/update/1445948759983','POST','editorValue=<p>ewewfewfwefewewfewfwefewewfewfwefewewfewfwefewewfewfwefewewfewfwefewewfewfwefewewfewfwefewewfewfw&channelId=1445934363146&documentTemplete=default/newsInfo&keyword=&sourceAddr=&size=&id=1445948759983&content=<p>ewewfewfwefewewfewfwefewewfewfwefewewfewfwefewewfewfwefewewfewfwefewewfewfwefewewfewfwefewewfewfw&author=&title=江苏化工企业接受环境风险全面排查&source=&titleImage=&color=&priority=&hidden=true&fileAddr=',''),('1446084670061','access','admin','/syst/admin',NULL,'/syst/admin/channel/update/1445933697685','POST','id=1445933697685&descrition=&parentId=&linkAddr=aboutus&hidden=false&name=关于我们&keyword=公司主页，关于我们&code=aboutus&channelTemplete=&openMode=false&asdocument=true&documentId=1445940554062',''),('1446084790743','access','admin','/syst/admin',NULL,'/syst/admin/channel/update/1445933756067','POST','id=1445933756067&descrition=&parentId=1445933697685&linkAddr=aboutus/organization&hidden=false&name=组织架构&keyword=组织架构&code=organization&channelTemplete=&openMode=false&asdocument=false&documentId=',''),('1446084825096','access','admin','/syst/admin',NULL,'/syst/admin/channel/update/1445933793433','POST','id=1445933793433&descrition=&parentId=1445933697685&linkAddr=aboutus/history&hidden=false&name=公司历史&keyword=公司历史&code=history&channelTemplete=&openMode=false&asdocument=true&documentId=1445944340585',''),('1446166812467','access','admin','/syst/admin',NULL,'/syst/admin/channel/create','POST','descrition=&parentId=1445934468960&linkAddr=jobs/techdep&hidden=false&name=技术部招聘信息&keyword=&code=techdep&channelTemplete=&openMode=false&asdocument=false&documentId=',''),('1446166851937','access','admin','/syst/admin',NULL,'/syst/admin/channel/create','POST','descrition=&parentId=1446166812093&linkAddr=techdep/javadep&hidden=false&name=技术部java招聘信息&keyword=&code=javadep&channelTemplete=&openMode=false&asdocument=false&documentId=',''),('1446173864340','access','admin','/syst/admin',NULL,'/syst/admin/channel/update/1445933697685','POST','id=1445933697685&descrition=&parentId=&linkAddr=channel/aboutus&hidden=false&name=关于我们&keyword=公司主页，关于我们&code=aboutus&channelTemplete=&openMode=false&asdocument=true&documentId=1445940554062',''),('1446173876389','access','admin','/syst/admin',NULL,'/syst/admin/channel/update/1445933756067','POST','id=1445933756067&descrition=&parentId=1445933697685&linkAddr=channel/aboutus/organization&hidden=false&name=组织架构&keyword=组织架构&code=organization&channelTemplete=&openMode=false&asdocument=false&documentId=',''),('1446173886708','access','admin','/syst/admin',NULL,'/syst/admin/channel/update/1445933793433','POST','id=1445933793433&descrition=&parentId=1445933697685&linkAddr=channel/aboutus/history&hidden=false&name=公司历史&keyword=公司历史&code=history&channelTemplete=&openMode=false&asdocument=true&documentId=1445944340585',''),('1446173901364','access','admin','/syst/admin',NULL,'/syst/admin/channel/update/1445933824290','POST','id=1445933824290&descrition=contact&parentId=1445933697685&linkAddr=channel/aboutus/contact&hidden=false&name=联系我们&keyword=联系我们&code=contact&channelTemplete=&openMode=false&asdocument=true&documentId=1445947810718',''),('1446176652682','access','admin','/syst/admin',NULL,'/syst/admin/document/create','POST','editorValue=<p>tetsatsetestsetsetstsetesteeeeeeeeeeeeeeeeeeeeeeeeeeeeeeeeeeeeeeeeeeeeeeeeeeeeeeeeeeee<br/></p>&channelId=1446166851818&keyword=&documentTemplete=default/newsInfo&sourceAddr=&content=<p>tetsatsetestsetsetstsetesteeeeeeeeeeeeeeeeeeeeeeeeeeeeeeeeeeeeeeeeeeeeeeeeeeeeeeeeeeee<br/></p>&author=test&title=test&source=&color=&titleImage=&hidden=true&priority=',''),('1446177611011','access','admin','/syst/admin',NULL,'/syst/admin/channel/create','POST','descrition=&parentId=&linkAddr=channel/test&hidden=false&name=test&keyword=&code=test&channelTemplete=&openMode=false&asdocument=false&documentId=',''),('1446177859872','access','admin','/syst/admin',NULL,'/syst/admin/channel/update/1445933910969','POST','id=1445933910969&descrition=product产品展示&parentId=&linkAddr=channel/product&hidden=false&name=产品展示&keyword=产品展示&code=product&channelTemplete=&openMode=false&asdocument=false&documentId=',''),('1446177878392','access','admin','/syst/admin',NULL,'/syst/admin/channel/update/1445934468960','POST','id=1445934468960&descrition=招聘信息,jobs&parentId=&linkAddr=channel/jobs&hidden=false&name=招聘信息&keyword=招聘信息,jobs&code=jobs&channelTemplete=&openMode=false&asdocument=false&documentId=',''),('1446177902728','access','admin','/syst/admin',NULL,'/syst/admin/channel/update/1446166812093','POST','id=1446166812093&descrition=&parentId=1445934468960&linkAddr=channel/jobs/techdep&hidden=false&name=技术部招聘信息&keyword=&code=techdep&channelTemplete=&openMode=false&asdocument=false&documentId=',''),('1446177934414','access','admin','/syst/admin',NULL,'/syst/admin/channel/update/1446166851827','POST','id=1446166851827&descrition=&parentId=1446166812093&linkAddr=channel/jobs/techdep/javadep&hidden=false&name=技术部java招聘信息&keyword=&code=javadep&channelTemplete=&openMode=false&asdocument=false&documentId=',''),('1446193427112','access','admin','/syst/admin',NULL,'/syst/admin/user/update/1444658591291','POST','id=1444658591291&username=123&organizationId=1444636560192&password=&roleId=2',''),('1446197461400','access','admin','/syst/admin',NULL,'/syst/admin/resource/create','POST','parentId=1445075702637&name=文章评论&authName=comment:*&path=/comment&type=menu',''),('1446204386419','access','admin','/syst/admin',NULL,'/syst/admin/resource/deleteById','POST','idstring=1446197461142',''),('1446339789178','access','admin','/syst/admin',NULL,'/syst/admin/log/deleteById','POST','idstring=1446339648303',''),('1446339793589','access','admin','/syst/admin',NULL,'/syst/admin/log/deleteById','POST','idstring=1446207161179',''),('1446344033636','access','admin','/syst/admin',NULL,'/syst/admin/document/update/1445940554062','POST','id=1445940554062&channelId=1445933697685&title=公司简介&author=&color=&keyword=&hidden=true&priority=&source=&sourceAddr=&titleImage=&content=<p style=\"white-space: normal;\"><span style=\"font-size: 14px;\">&nbsp;&nbsp;&nbsp;&nbsp;新开普电子股份有限公司20&documentTemplete=defaultApp/single&file=&fileAddr=&size=&editorValue=<p style=\"white-space: normal;\"><span style=\"font-size: 14px;\">&nbsp;&nbsp;&nbsp;&nbsp;新开普电子股份有限公司20',''),('1446344052573','access','admin','/syst/admin',NULL,'/syst/admin/document/update/1445947810718','POST','id=1445947810718&channelId=1445933824290&title=联系我们&author=&color=&keyword=&hidden=true&priority=&source=&sourceAddr=&titleImage=&content=<p style=\"margin: 0px 10px 20px 30px; padding: 0px; line-height: 22px; font-family: Arial, Helvetica&documentTemplete=defaultApp/single&file=&fileAddr=&size=&editorValue=<p style=\"margin: 0px 10px 20px 30px; padding: 0px; line-height: 22px; font-family: Arial, Helvetica',''),('1446344070423','access','admin','/syst/admin',NULL,'/syst/admin/document/update/1445944340585','POST','id=1445944340585&channelId=1445933793433&title=公司历史&author=&color=&keyword=&hidden=true&priority=&source=&sourceAddr=&titleImage=&content=<p style=\"margin-right: 10px; margin-left: 34px; padding: 0px; line-height: 24px; font-size: 12px; c&documentTemplete=defaultApp/single&file=&fileAddr=&size=&editorValue=<p style=\"margin-right: 10px; margin-left: 34px; padding: 0px; line-height: 24px; font-size: 12px; c',''),('1446344115563','access','admin','/syst/admin',NULL,'/syst/admin/channel/update/1445934363146','POST','id=1445934363146&documentId=&parentId=&name=新闻中心&code=news&keyword=新闻中心&linkAddr=channel/news&openMode=false&channelTemplete=defaultApp/news&hidden=false&asdocument=false&descrition=新闻中心',''),('1446344161929','access','admin','/syst/admin',NULL,'/syst/admin/document/update/1445948759983','POST','id=1445948759983&channelId=1445934363146&title=江苏化工企业接受环境风险全面排查&author=&color=&keyword=&hidden=true&priority=&source=&sourceAddr=&titleImage=&content=<p>ewewfewfwefewewfewfwefewewfewfwefewewfewfwefewewfewfwefewewfewfwefewewfewfwefewewfewfwefewewfewfw&documentTemplete=defaultApp/newsInfo&file=&fileAddr=&size=&editorValue=<p>ewewfewfwefewewfewfwefewewfewfwefewewfewfwefewewfewfwefewewfewfwefewewfewfwefewewfewfwefewewfewfw',''),('1446344190344','access','admin','/syst/admin',NULL,'/syst/admin/document/update/1445948756494','POST','id=1445948756494&channelId=1445934363146&title=江苏化工企业接受环境风险全面排查&author=&color=&keyword=&hidden=true&priority=&source=&sourceAddr=&titleImage=&content=<p style=\"margin-top: 0px; padding: 0px; border: 0px; list-style: none; word-wrap: normal; word-brea&documentTemplete=defaultApp/newsInfo&file=&fileAddr=&size=&editorValue=<p style=\"margin-top: 0px; padding: 0px; border: 0px; list-style: none; word-wrap: normal; word-brea',''),('1446344491026','access','admin','/syst/admin',NULL,'/syst/admin/document/update/1445948748061','POST','id=1445948748061&channelId=1445934363146&title=江苏化工企业接受环境风险全面排查&author=&color=&keyword=&hidden=true&priority=&source=&sourceAddr=&titleImage=&content=<p style=\"margin-top: 0px; padding: 0px; border: 0px; list-style: none; word-wrap: normal; word-brea&documentTemplete=defaultApp/newsInfo&file=&fileAddr=&size=&editorValue=<p style=\"margin-top: 0px; padding: 0px; border: 0px; list-style: none; word-wrap: normal; word-brea',''),('1446346025349','access','admin','/syst/admin',NULL,'/syst/admin/document/create','POST','editorValue=<img src=\"/syst/upload/1/20151101_104100.jpg\"/><img style=\"width: 24px; height: 24px;\" alt=\"\" title=&channelId=1445933697685&keyword=&documentTemplete=defaultApp/single&sourceAddr=&content=<img src=\"/syst/upload/1/20151101_104100.jpg\"/><img style=\"width: 24px; height: 24px;\" alt=\"\" title=&author=&title=test&source=&color=&titleImage=&hidden=true&priority=',''),('1446346063531','access','admin','/syst/admin',NULL,'/syst/admin/document/deleteById','POST','idstring=1446346025111',''),('1446965150404','access','admin','/syst/admin',NULL,'/syst/admin/channel/deleteById','POST','idstring=1445934363146,1446166812093,1446166851818,1446166851827',''),('1446965194420','access','admin','/syst/admin',NULL,'/syst/admin/channel/create','POST','descrition=&parentId=&linkAddr=channel/news&hidden=false&name=新闻中心&keyword=&code=news&channelTemplete=&openMode=false&asdocument=false&documentId=',''),('1446965284911','access','admin','/syst/admin',NULL,'/syst/admin/channel/update/1446965194084','POST','id=1446965194084&descrition=&parentId=&linkAddr=channel/news&hidden=false&name=新闻中心&keyword=&code=news&channelTemplete=defaultApp/news&openMode=false&asdocument=false&documentId=',''),('1446965337918','access','admin','/syst/admin',NULL,'/syst/admin/channel/update/1446965194084','POST','id=1446965194084&descrition=&parentId=&linkAddr=channel/news&hidden=false&name=新闻中心&keyword=&code=news&channelTemplete=defaultApp/news&openMode=false&asdocument=false&documentId=',''),('1446965467922','access','admin','/syst/admin',NULL,'/syst/admin/document/create','POST','editorValue=<p><span style=\"font-family: Helvetica, Tahoma, Arial, sans-serif; font-size: medium; line-height: 2&channelId=1446965194084&keyword=&documentTemplete=&sourceAddr=&content=<p><span style=\"font-family: Helvetica, Tahoma, Arial, sans-serif; font-size: medium; line-height: 2&author=&title=6个技巧让你成为专业程序员&source=&color=&titleImage=&hidden=true&priority=',''),('1446965523916','access','admin','/syst/admin',NULL,'/syst/admin/document/create','POST','editorValue=<p><span style=\"font-family: Helvetica, Tahoma, Arial, sans-serif; font-size: medium; line-height: 2&channelId=1446965194084&keyword=&documentTemplete=defaultApp/newsInfo&sourceAddr=&content=<p><span style=\"font-family: Helvetica, Tahoma, Arial, sans-serif; font-size: medium; line-height: 2&author=&title=6个技巧让你成为专业程序员&source=&color=&titleImage=&hidden=true&priority=',''),('1446965831071','access','admin','/syst/admin',NULL,'/syst/admin/document/update/1446965467743','POST','editorValue=<p><span style=\"font-family: Helvetica, Tahoma, Arial, sans-serif; font-size: medium; line-height: 2&channelId=1446965194084&documentTemplete=defaultApp/newsInfo&keyword=&sourceAddr=&size=&id=1446965467743&content=<p><span style=\"font-family: Helvetica, Tahoma, Arial, sans-serif; font-size: medium; line-height: 2&author=&title=6个技巧让你成为专业程序员&source=&titleImage=&color=&priority=&hidden=true&fileAddr=',''),('1446965839736','access','admin','/syst/admin',NULL,'/syst/admin/document/deleteById','POST','idstring=1446207160761',''),('1446966748502','access','admin','/syst/admin',NULL,'/syst/admin/channel/update/1445934468960','POST','id=1445934468960&descrition=招聘信息,jobs&parentId=&linkAddr=channel/jobs&hidden=false&name=招聘信息&keyword=招聘信息,jobs&code=jobs&channelTemplete=defaultApp/jobs&openMode=false&asdocument=false&documentId=',''),('1446967150678','access','admin','/syst/admin',NULL,'/syst/admin/channel/deleteById','POST','idstring=1446177610360',''),('1446968871970','access','admin','/syst/admin',NULL,'/syst/admin/document/create','POST','editorValue=<p>这篇文章主要介绍通过java连接mysql数据库的时候，页面出现乱码，这里简单分享下解决方法， \r\n需要的朋友可以参考下</p><p><strong>解决方法一: <br/></strong><&channelId=1446965194084&keyword=&documentTemplete=defaultApp/newsInfo&sourceAddr=&content=<p>这篇文章主要介绍通过java连接mysql数据库的时候，页面出现乱码，这里简单分享下解决方法， \r\n需要的朋友可以参考下</p><p><strong>解决方法一: <br/></strong><&author=&title=java连接mysql数据库乱码的解决方法&source=&color=&titleImage=&hidden=true&priority=',''),('1446968931935','access','admin','/syst/admin',NULL,'/syst/admin/document/deleteById','POST','idstring=1446968871860',''),('1447030986229','access','admin','/syst/admin',NULL,'/syst/admin/document/create','POST','editorValue=<p>testtesttest</p>&channelId=1446965194084&keyword=&documentTemplete=defaultApp/newsInfo&sourceAddr=&content=<p>testtesttest</p>&author=&title=test&source=&color=&titleImage=&hidden=true&priority=',''),('1447030989111','access','admin','/syst/admin',NULL,'/syst/admin/document/create','POST','editorValue=<p>testtesttest</p>&channelId=1446965194084&keyword=&documentTemplete=defaultApp/newsInfo&sourceAddr=&content=<p>testtesttest</p>&author=&title=test&source=&color=&titleImage=&hidden=true&priority=',''),('1447030991734','access','admin','/syst/admin',NULL,'/syst/admin/document/create','POST','editorValue=<p>testtesttest</p>&channelId=1446965194084&keyword=&documentTemplete=defaultApp/newsInfo&sourceAddr=&content=<p>testtesttest</p>&author=&title=test&source=&color=&titleImage=&hidden=true&priority=',''),('1447030994014','access','admin','/syst/admin',NULL,'/syst/admin/document/create','POST','editorValue=<p>testtesttest</p>&channelId=1446965194084&keyword=&documentTemplete=defaultApp/newsInfo&sourceAddr=&content=<p>testtesttest</p>&author=&title=test&source=&color=&titleImage=&hidden=true&priority=',''),('1447030996272','access','admin','/syst/admin',NULL,'/syst/admin/document/create','POST','editorValue=<p>testtesttest</p>&channelId=1446965194084&keyword=&documentTemplete=defaultApp/newsInfo&sourceAddr=&content=<p>testtesttest</p>&author=&title=test&source=&color=&titleImage=&hidden=true&priority=',''),('1447030998554','access','admin','/syst/admin',NULL,'/syst/admin/document/create','POST','editorValue=<p>testtesttest</p>&channelId=1446965194084&keyword=&documentTemplete=defaultApp/newsInfo&sourceAddr=&content=<p>testtesttest</p>&author=&title=test&source=&color=&titleImage=&hidden=true&priority=',''),('1447031000560','access','admin','/syst/admin',NULL,'/syst/admin/document/create','POST','editorValue=<p>testtesttest</p>&channelId=1446965194084&keyword=&documentTemplete=defaultApp/newsInfo&sourceAddr=&content=<p>testtesttest</p>&author=&title=test&source=&color=&titleImage=&hidden=true&priority=',''),('1447031002470','access','admin','/syst/admin',NULL,'/syst/admin/document/create','POST','editorValue=<p>testtesttest</p>&channelId=1446965194084&keyword=&documentTemplete=defaultApp/newsInfo&sourceAddr=&content=<p>testtesttest</p>&author=&title=test&source=&color=&titleImage=&hidden=true&priority=',''),('1447031004730','access','admin','/syst/admin',NULL,'/syst/admin/document/create','POST','editorValue=<p>testtesttest</p>&channelId=1446965194084&keyword=&documentTemplete=defaultApp/newsInfo&sourceAddr=&content=<p>testtesttest</p>&author=&title=test&source=&color=&titleImage=&hidden=true&priority=',''),('1447031006684','access','admin','/syst/admin',NULL,'/syst/admin/document/create','POST','editorValue=<p>testtesttest</p>&channelId=1446965194084&keyword=&documentTemplete=defaultApp/newsInfo&sourceAddr=&content=<p>testtesttest</p>&author=&title=test&source=&color=&titleImage=&hidden=true&priority=',''),('1447031008420','access','admin','/syst/admin',NULL,'/syst/admin/document/create','POST','editorValue=<p>testtesttest</p>&channelId=1446965194084&keyword=&documentTemplete=defaultApp/newsInfo&sourceAddr=&content=<p>testtesttest</p>&author=&title=test&source=&color=&titleImage=&hidden=true&priority=',''),('1447031010279','access','admin','/syst/admin',NULL,'/syst/admin/document/create','POST','editorValue=<p>testtesttest</p>&channelId=1446965194084&keyword=&documentTemplete=defaultApp/newsInfo&sourceAddr=&content=<p>testtesttest</p>&author=&title=test&source=&color=&titleImage=&hidden=true&priority=',''),('1447031012688','access','admin','/syst/admin',NULL,'/syst/admin/document/create','POST','editorValue=<p>testtesttest</p>&channelId=&keyword=&documentTemplete=defaultApp/newsInfo&sourceAddr=&content=<p>testtesttest</p>&author=&title=test&source=&color=&titleImage=&hidden=true&priority=',''),('1447036226781','access','admin','/syst/admin',NULL,'/syst/admin/resource/update/1444631314253','POST','parentId=2&name=字典管理&authName=dictionary:*&path=/dictionary&type=menu',''),('1447039321594','access','admin','/syst/admin',NULL,'/syst/admin/document/create','POST','editorValue=<p>组织机构<br/></p>&channelId=1445933756067&keyword=&documentTemplete=defaultApp/single&sourceAddr=&content=<p>组织机构<br/></p>&author=&title=组织架构&source=&color=&titleImage=&hidden=true&priority=',''),('1447039430974','access','admin','/syst/admin',NULL,'/syst/admin/channel/update/1445933756067','POST','id=1445933756067&descrition=&parentId=1445933697685&linkAddr=channel/aboutus/organization&hidden=false&name=组织架构&keyword=组织架构&code=organization&openMode=false&asdocument=true&documentId=1447039321447',''),('1447052126548','access','admin','/syst/admin',NULL,'/syst/admin/channel/update/1445933910969','POST','id=1445933910969&descrition=product产品展示&parentId=&linkAddr=channel/products&hidden=false&name=产品展示&keyword=产品展示&code=products&channelTemplete=defaultApp/products&openMode=false&asdocument=false&documentId=',''),('1447058887726','access','admin','/syst/admin',NULL,'/syst/admin/channel/update/1445933614530','POST','id=1445933614530&descrition=&parentId=&linkAddr=&sort=1&hidden=false&name=公司主页&keyword=公司主页，网聚&code=/&channelTemplete=&openMode=false&asdocument=false&documentId=',''),('1447058930834','access','admin','/syst/admin',NULL,'/syst/admin/channel/update/1445933697685','POST','id=1445933697685&descrition=&parentId=&linkAddr=channel/aboutus&sort=2&hidden=false&name=关于我们&keyword=公司主页，关于我们&code=aboutus&channelTemplete=&openMode=false&asdocument=true&documentId=1445940554062',''),('1448075607184','access','superAdmin','/syst/admin',NULL,'/syst/admin/log/deleteById','POST','idstring=1448075601933,1447137521182,1447137387461,1447128034565,1447127718061,1447127487236,1447126982951,14',''),('1448077430648','access','admin','/syst/admin',NULL,'/syst/admin/resource/create','POST','parentId=1445075669752&name=栏目添加&authName=channel:create&path=&type=button',''),('1448077453497','access','admin','/syst/admin',NULL,'/syst/admin/resource/update/1448077430572','POST','parentId=1445075669752&name=栏目新增&authName=channel:create&path=&type=menu',''),('1448077502092','access','admin','/syst/admin',NULL,'/syst/admin/resource/create','POST','parentId=1445075669752&name=栏目修改&authName=channel:update&path=&type=button',''),('1448077536373','access','admin','/syst/admin',NULL,'/syst/admin/resource/create','POST','parentId=1445075669752&name=栏目删除&authName=channel:delete&path=&type=menu',''),('1448077558031','access','admin','/syst/admin',NULL,'/syst/admin/resource/create','POST','parentId=&name=栏目查看&authName=channel:view&path=&type=button',''),('1448077570863','access','admin','/syst/admin',NULL,'/syst/admin/resource/update/1448077501999','POST','parentId=1445075669752&name=栏目修改&authName=channel:update&path=&type=button',''),('1448077588451','access','admin','/syst/admin',NULL,'/syst/admin/resource/update/1448077430572','POST','parentId=1445075669752&name=栏目新增&authName=channel:create&path=&type=button',''),('1448077602440','access','admin','/syst/admin',NULL,'/syst/admin/resource/update/1448077536293','POST','parentId=1445075669752&name=栏目删除&authName=channel:delete&path=&type=button',''),('1448077982808','access','admin','/syst/admin',NULL,'/syst/admin/resource/update/1445075702637','POST','parentId=&name=文档&authName=document:*&path=/document&type=menu',''),('1448078024242','access','admin','/syst/admin',NULL,'/syst/admin/resource/create','POST','parentId=1445075702637&name=文档新增&authName=document:create&path=&type=button',''),('1448078045493','access','admin','/syst/admin',NULL,'/syst/admin/resource/create','POST','parentId=1445075702637&name=文档修改&authName=document:update&path=&type=button',''),('1448078495175','access','admin','/syst/admin',NULL,'/syst/admin/resource/create','POST','parentId=1445075702637&name=文档删除&authName=document:delete&path=&type=button',''),('1448078768634','access','admin','/syst/admin',NULL,'/syst/admin/resource/update/1448077557959','POST','parentId=1445075669752&name=栏目查询&authName=channel:view&path=&type=button',''),('1448331645263','access','admin','/admin',NULL,'/admin/dbBackup/deleteById','POST','idstring=e5da6655-c78e-4653-86b1-11c90b8831f3',''),('1448682618169','access','admin','/demo/admin',NULL,'/demo/admin/document/create','POST','editorValue=<p style=\"border: 0px; margin-top: 0px; margin-bottom: 0px; padding: 5px 0px; line-height: 22px; tex&channelId=1446965194084&documentTemplete=doc.jsp&keyword=&sourceAddr=&recommend=true&assetsIds=&size=&content=<p style=\"border: 0px; margin-top: 0px; margin-bottom: 0px; padding: 5px 0px; line-height: 22px; tex&author=&title=elasticsearch ik分词插件es-ik发布了&source=&color=&titleImage=&hidden=true&priority=&fileAddr=&fileName=',''),('1448683590269','access','admin','/demo/admin',NULL,'/demo/admin/document/update/1445940554062','POST','id=1445940554062&assetsIds=&documentTemplete=doc.jsp&channelId=1445933697685&title=关于我们&author=&color=&keyword=&hidden=true&priority=&source=&sourceAddr=&titleImage=&content=<p style=\"border: 0px; margin-top: 0px; margin-bottom: 0px; padding: 5px 0px; line-height: 22px; tex&fileName=&fileAddr=&size=&recommend=false&editorValue=<p style=\"border: 0px; margin-top: 0px; margin-bottom: 0px; padding: 5px 0px; line-height: 22px; tex',''),('1448802258597','access','admin','/demo/admin',NULL,'/demo/admin/channel/update/1445934468960','POST','id=1445934468960&channelTemplete=defaultApp/jobs&parentIds=&documentId=&parentId=&name=招聘信息&code=jobs&keyword=招聘信息,jobs&linkAddr=channel/jobs&openMode=false&hidden=false&asdocument=false&descrition=招聘信息,jobs&sort=5',''),('1448802265545','access','admin','/demo/admin',NULL,'/demo/admin/channel/update/1445934468960','POST','id=1445934468960&channelTemplete=defaultApp/jobs&parentIds=&documentId=&parentId=&name=招聘信息&code=jobs&keyword=招聘信息,jobs&linkAddr=channel/jobs&openMode=false&hidden=false&asdocument=false&descrition=招聘信息,jobs&sort=5',''),('1448808012409','access','admin','/demo/admin',NULL,'/demo/admin/channel/update/1445934468960','POST','id=1445934468960&channelTemplete=defaultApp/jobs&parentIds=&documentId=&parentId=&name=招聘信息&code=jobs&keyword=招聘信息,jobs&linkAddr=channel/jobs&openMode=false&hidden=false&asdocument=false&descrition=招聘信息,jobs&sort=5',''),('1448808086369','access','admin','/demo/admin',NULL,'/demo/admin/channel/update/1445934468960','POST','id=1445934468960&channelTemplete=defaultApp/jobs&parentIds=&documentId=&parentId=&name=招聘信息&code=jobs&keyword=招聘信息,jobs&linkAddr=channel/jobs&openMode=false&hidden=false&asdocument=false&descrition=招聘信息,jobs&sort=5',''),('1448808398744','access','admin','/demo/admin',NULL,'/demo/admin/channel/update/1445934468960','POST','id=1445934468960&channelTemplete=&parentIds=&documentId=&parentId=&name=招聘信息&code=jobs&keyword=招聘信息,jobs&linkAddr=channel/jobs&openMode=false&hidden=false&asdocument=false&descrition=招聘信息,jobs&sort=5',''),('1448842462178','access','admin','/demo/admin',NULL,'/demo/admin/channel/create','POST','channelTemplete=&documentId=&parentIds=1445934468960&parentId=1445934468960&name=市场部招聘&code=market&keyword=&linkAddr=channel/jobs/market&openMode=false&hidden=false&asdocument=false&descrition=&sort=',''),('1448842587872','access','admin','/demo/admin',NULL,'/demo/admin/document/create','POST','editorValue=<p><span style=\"font-family: 微软雅黑, &#39;Microsoft YaHei&#39;;\">spring初始化的bean,能够修改属性,并让修改后的bean能立即被其&channelId=1448842462004&documentTemplete=&keyword=&sourceAddr=&recommend=false&assetsIds=&size=&content=<p><span style=\"font-family: 微软雅黑, &#39;Microsoft YaHei&#39;;\">spring初始化的bean,能够修改属性,并让修改后的bean能立即被其&author=&title=市场调研员&source=&color=&titleImage=&hidden=true&priority=&fileAddr=&fileName=',''),('1448843009959','access','admin','/demo/admin',NULL,'/demo/admin/document/update/1448842587443','POST','id=1448842587443&assetsIds=&documentTemplete=doc.jsp&channelId=1448842462004&title=市场调研员&author=&color=&keyword=&hidden=true&priority=&source=&sourceAddr=&titleImage=&content=<p><span style=\"font-family: 微软雅黑, &#39;Microsoft YaHei&#39;;\">spring初始化的bean,能够修改属性,并让修改后的bean能立即被其&fileName=&fileAddr=&size=&recommend=false&editorValue=<p><span style=\"font-family: 微软雅黑, &#39;Microsoft YaHei&#39;;\">spring初始化的bean,能够修改属性,并让修改后的bean能立即被其',''),('1448843740679','access','admin','/demo/admin',NULL,'/demo/admin/channel/create','POST','channelTemplete=&documentId=&parentIds=1448842462004&parentId=1448842462004&name=华南区市场调研员&code=southmarket&keyword=&linkAddr=channel/jobs/market/southmarket&openMode=false&hidden=false&asdocument=false&descrition=&sort=',''),('1448851374960','access','admin','/demo/admin',NULL,'/demo/admin/document/create','POST','editorValue=<p><span style=\"font-family: 微软雅黑, &#39;Microsoft YaHei&#39;;\">官网地址:http://commons.apache.org/proper&channelId=1448843740500&documentTemplete=&keyword=&sourceAddr=&recommend=false&assetsIds=&size=&content=<p><span style=\"font-family: 微软雅黑, &#39;Microsoft YaHei&#39;;\">官网地址:http://commons.apache.org/proper&author=&title=华南调研员&source=&color=&titleImage=&hidden=true&priority=&fileAddr=&fileName=',''),('1448851821240','access','admin','/demo/admin',NULL,'/demo/admin/document/deleteById','POST','idstring=1448842587443',''),('1448852934187','access','admin','/demo/admin',NULL,'/demo/admin/channel/deleteById','POST','idstring=1445933614530',''),('1448866299301','access','admin','/demo/admin',NULL,'/demo/admin/document/create','POST','editorValue=<p><span style=\"font-family: 微软雅黑, &#39;Microsoft YaHei&#39;;\">server.slaves里维护所有的slave列表，slave.repl&channelId=1448843740500&documentTemplete=&keyword=华南区采购员&sourceAddr=&recommend=false&assetsIds=&size=&content=<p><span style=\"font-family: 微软雅黑, &#39;Microsoft YaHei&#39;;\">server.slaves里维护所有的slave列表，slave.repl&author=华南区采购员&title=华南区采购员&source=&color=&titleImage=&hidden=true&priority=&fileAddr=&fileName=',''),('1448867836259','access','admin','/demo/admin',NULL,'/demo/admin/document/update/1448866298907','POST','id=1448866298907&contentShort=server.slaves里维护所有的slave列表，slave.replstate里记录着每个slave当前的同步状态.1.当master接受到slave发来的sync/psync命令时，将该sla&assetsIds=&documentTemplete=&channelId=1448843740500&title=华南区采购员&author=华南区采购员&color=&keyword=华南区采购员&hidden=true&priority=&source=&sourceAddr=&titleImage=&content=<p><span style=\"font-family: 微软雅黑, &#39;Microsoft YaHei&#39;;\">server.slaves里维护所有的slave列表，slave.repl&fileName=&fileAddr=&size=&recommend=false&editorValue=<p><span style=\"font-family: 微软雅黑, &#39;Microsoft YaHei&#39;;\">server.slaves里维护所有的slave列表，slave.repl',''),('1448868080326','access','admin','/demo/admin',NULL,'/demo/admin/document/update/1448866298907','POST','id=1448866298907&contentShort=server.slaves里维护所有的slave列表，slave.replstate里记录着每个slave当前的同步状态.1.当master接受到slave发来的sync/psync命令时，将该sla&assetsIds=&documentTemplete=&channelId=1448843740500&title=master状态变迁&author=华南区采购员&color=&keyword=华南区采购员&hidden=true&priority=&source=&sourceAddr=&titleImage=&content=<p><span style=\"font-family: 微软雅黑, &#39;Microsoft YaHei&#39;;\">server.slaves里维护所有的slave列表，slave.repl&fileName=&fileAddr=&size=&recommend=false&editorValue=<p><span style=\"font-family: 微软雅黑, &#39;Microsoft YaHei&#39;;\">server.slaves里维护所有的slave列表，slave.repl',''),('1448868235542','access','admin','/demo/admin',NULL,'/demo/admin/document/update/1448851374598','POST','id=1448851374598&contentShort=官网地址:http://commons.apache.org/proper/commons-dbcp/configuration.htmlinitialSize：默认0,初始化连接:连接池启动时创建的&assetsIds=&documentTemplete=&channelId=1448843740500&title=整个集群fgc严重，导致无法为用户提供服务&author=华南调研员&color=&keyword=华南调研&hidden=true&priority=&source=&sourceAddr=&titleImage=&content=<p><span style=\"font-family: 微软雅黑, &#39;Microsoft YaHei&#39;;\">官网地址:http://commons.apache.org/proper&fileName=&fileAddr=&size=&recommend=false&editorValue=<p><span style=\"font-family: 微软雅黑, &#39;Microsoft YaHei&#39;;\">官网地址:http://commons.apache.org/proper',''),('1448871781289','access','admin','/demo/admin',NULL,'/demo/admin/channel/update/1448842462004','POST','id=1448842462004&channelTemplete=&parentIds=1445934468960&documentId=&parentId=1445934468960&name=市场部招聘&code=market&keyword=&linkAddr=channel/jobs/market&openMode=false&hidden=false&asdocument=false&descrition=&sort=',''),('1448872233747','access','admin','/demo/admin',NULL,'/demo/admin/channel/update/1448842462004','POST','id=1448842462004&channelTemplete=&parentIds=,1445934468960&documentId=&parentId=1445934468960&name=市场部招聘&code=market&keyword=&linkAddr=channel/jobs/market&openMode=false&hidden=false&asdocument=false&descrition=市场部招聘&sort=',''),('1448872345707','access','admin','/demo/admin',NULL,'/demo/admin/channel/update/1448843740500','POST','id=1448843740500&channelTemplete=&parentIds=,1445934468960,1448842462004&documentId=&parentId=1448842462004&name=华南区市场调研员&code=southmarket&keyword=&linkAddr=channel/jobs/market/southmarket&openMode=false&hidden=false&asdocument=false&descrition=&sort=',''),('1448876309080','access','admin','/demo/admin',NULL,'/demo/admin/channel/create','POST','channelTemplete=&documentId=&parentIds=1446965194084&linkAddrZh=&parentId=1446965194084&name=国际新闻&code=internalnews&keyword=国际新闻&linkAddr=channel/news/internalnews&openMode=false&hidden=false&asdocument=false&descrition=&sort=',''),('1448876769103','access','admin','/demo/admin',NULL,'/demo/admin/channel/create','POST','channelTemplete=&documentId=&parentIds=1446965194084&linkAddrZh=&parentId=1446965194084&name=国内新闻&code=innernews&keyword=innernews&linkAddr=channel/news/innernews&openMode=false&hidden=false&asdocument=false&descrition=innernews&sort=',''),('1448877803635','access','admin','/demo/admin',NULL,'/demo/admin/channel/create','POST','channelTemplete=&documentId=&parentIds=1446965194084,1448876768973&linkAddrZh=&parentId=1448876768973&name=娱乐新闻&code=entertaiment&keyword=entertaiment&linkAddr=channel/news/innernews/entertaiment&openMode=false&hidden=false&asdocument=false&descrition=entertaiment&sort=',''),('1448959063986','access','admin','/demo/admin',NULL,'/demo/admin/channel/create','POST','channelTemplete=&documentId=&parentIds=1446965194084,1448876768973&linkAddrZh=&parentId=1448876768973&name=体育新闻&code=innersports&keyword=innersports&linkAddr=channel/news/innernews/innersports&openMode=false&hidden=false&asdocument=false&descrition=innersports&sort=',''),('1448959262241','access','admin','/demo/admin',NULL,'/demo/admin/channel/update/1445933697685','POST','id=1445933697685&channelTemplete=&parentIds=&documentId=1445940554062&linkAddrZh=&parentId=&name=关于我们&code=aboutus&keyword=公司主页，关于我们&linkAddr=channel/aboutus&openMode=false&hidden=false&asdocument=true&descrition=&sort=2',''),('1448959585337','access','admin','/demo/admin',NULL,'/demo/admin/channel/update/1445933697685','POST','id=1445933697685&channelTemplete=&parentIds=&documentId=1445940554062&linkAddrZh=&parentId=&name=关于我们&code=aboutus&keyword=公司主页，关于我们&linkAddr=channel/aboutus&openMode=false&hidden=false&asdocument=true&descrition=&sort=2',''),('1449130042997','access','admin','/demo/admin',NULL,'/demo/admin/resource/create','POST','name=页面生成&authName=htmlgenerate:view&path=/htmlgenerate&type=menu&parentId=',''),('1449288111493','access','admin','/syst3_module/admin',NULL,'/syst3_module/admin/document/update/1447988832047','POST','editorValue=<p>,</p><p>1、古老的注入方式：&nbsp;</p><p>实现类:&nbsp;</p><p>Java代码 &nbsp;</p><p>/**&nbsp;</p><p>&nbsp;* @titl&channelId=1446965194084&documentTemplete=doc.jsp&keyword=&sourceAddr=&recommend=false&assetsIds=&size=&content=<p>,</p><p>1、古老的注入方式：&nbsp;</p><p>实现类:&nbsp;</p><p>Java代码 &nbsp;</p><p>/**&nbsp;</p><p>&nbsp;* @titl&id=1447988832047&author=&title=Spring注解注入&source=&color=&titleImage=&priority=&hidden=true&fileAddr=&fileName=&contentShort=,1、古老的注入方式： 实现类: Java代码  /**  * @title UserServiceImpl.java  * @description UserService实现类  * @autho',''),('1449290657896','access','admin','/syst3_module/admin',NULL,'/syst3_module/admin/document/update/1447991085421','POST','editorValue=<p style=\"text-align:center\"><img src=\"/syst/upload/1/20151120_114304.jpg\" title=\"20151120_114304.jp&channelId=1445934192714&documentTemplete=doc.jsp&keyword=&sourceAddr=&recommend=false&assetsIds=1447990985292&size=5586&content=<p style=\"text-align:center\"><img src=\"/syst/upload/1/20151120_114304.jpg\" title=\"20151120_114304.jp&id=1447991085421&author=淀粉酶&title=淀粉酶&source=&color=&titleImage=&priority=&hidden=true&fileAddr=/upload/1/20151120_114304.jpg&fileName=20151120_114304.jpg&contentShort=很多时候速度发顺丰',''),('1449290674906','access','admin','/syst3_module/admin',NULL,'/syst3_module/admin/document/update/1447991085421','POST','editorValue=<p style=\"text-align: left;\">很多时候速度发顺丰<br/></p>&channelId=1445934192714&documentTemplete=doc.jsp&keyword=&sourceAddr=&recommend=false&assetsIds=1447990985292&size=5586&content=<p style=\"text-align: left;\">很多时候速度发顺丰<br/></p>&id=1447991085421&author=淀粉酶&title=淀粉酶&source=&color=&titleImage=&priority=&hidden=true&fileAddr=/upload/1/20151120_114304.jpg&fileName=20151120_114304.jpg&contentShort=很多时候速度发顺丰',''),('1449290697771','access','admin','/syst3_module/admin',NULL,'/syst3_module/admin/document/update/1447990200173','POST','editorValue=<p>使用 JSR-250 的注释</p><p><br/></p><p>Spring 不但支持自己定义的 @Autowired 的注释，还支持几个由 JSR-250 规范定义的注释，它们分别是@Res&channelId=1446965194084&documentTemplete=doc.jsp&keyword=&sourceAddr=&recommend=false&assetsIds=&size=&content=<p>使用 JSR-250 的注释</p><p><br/></p><p>Spring 不但支持自己定义的 @Autowired 的注释，还支持几个由 JSR-250 规范定义的注释，它们分别是@Res&id=1447990200173&author=&title=Spring Annotation&source=&color=&titleImage=&priority=&hidden=true&fileAddr=&fileName=&contentShort=使用 JSR-250 的注释Spring 不但支持自己定义的 @Autowired 的注释，还支持几个由 JSR-250 规范定义的注释，它们分别是@Resource、@PostConstruct 以',''),('1449297920253','access','admin','/syst3_module/admin',NULL,'/syst3_module/admin/channel/update/1446965194084','POST','descrition=&parentIds=&sort=4&keyword=&code=news&id=1446965194084&parentId=&linkAddr=channel/news&hidden=false&name=新闻中心&channelTemplete=&asdocument=false&openMode=false&documentId=',''),('1449455663405','access','admin','/syst3_module/admin',NULL,'/syst3_module/admin/document/create','POST','editorValue=<p style=\"color: rgb(51, 51, 51); font-family: Simsun; font-size: medium; white-space: normal;\"><spa&channelId=1448843740500&documentTemplete=doc.jsp&keyword=&sourceAddr=&recommend=false&assetsIds=&size=&content=<p style=\"color: rgb(51, 51, 51); font-family: Simsun; font-size: medium; white-space: normal;\"><spa&author=啥r状态变是迁&title=master状态变迁&source=&titleImage=&color=&hidden=true&priority=&fileAddr=&fileName=&contentShort=server.slaves里维护所有的slave列表，slave.replstate里记录着每个slave当前的同步状态.1.当master接受到slave发来的sync/psync命令时，将该sla',''),('1449455693192','access','admin','/syst3_module/admin',NULL,'/syst3_module/admin/document/create','POST','editorValue=<p style=\"color: rgb(51, 51, 51); font-family: Simsun; font-size: medium; white-space: normal;\"><spa&channelId=1448843740500&documentTemplete=doc.jsp&keyword=&sourceAddr=&recommend=false&assetsIds=&size=&content=<p style=\"color: rgb(51, 51, 51); font-family: Simsun; font-size: medium; white-space: normal;\"><spa&author=啥r状态变是迁&title=master状态变迁&source=&titleImage=&color=&hidden=true&priority=&fileAddr=&fileName=&contentShort=server.slaves里维护所有的slave列表，slave.replstate里记录着每个slave当前的同步状态.1.当master接受到slave发来的sync/psync命令时，将该sla',''),('1449455697074','access','admin','/syst3_module/admin',NULL,'/syst3_module/admin/document/create','POST','editorValue=<p style=\"color: rgb(51, 51, 51); font-family: Simsun; font-size: medium; white-space: normal;\"><spa&channelId=1448843740500&documentTemplete=doc.jsp&keyword=&sourceAddr=&recommend=false&assetsIds=&size=&content=<p style=\"color: rgb(51, 51, 51); font-family: Simsun; font-size: medium; white-space: normal;\"><spa&author=啥r状态变是迁&title=master状态变迁&source=&titleImage=&color=&hidden=true&priority=&fileAddr=&fileName=&contentShort=server.slaves里维护所有的slave列表，slave.replstate里记录着每个slave当前的同步状态.1.当master接受到slave发来的sync/psync命令时，将该sla',''),('1449455700332','access','admin','/syst3_module/admin',NULL,'/syst3_module/admin/document/create','POST','editorValue=<p style=\"color: rgb(51, 51, 51); font-family: Simsun; font-size: medium; white-space: normal;\"><spa&channelId=1448843740500&documentTemplete=doc.jsp&keyword=&sourceAddr=&recommend=false&assetsIds=&size=&content=<p style=\"color: rgb(51, 51, 51); font-family: Simsun; font-size: medium; white-space: normal;\"><spa&author=啥r状态变是迁&title=master状态变迁&source=&titleImage=&color=&hidden=true&priority=&fileAddr=&fileName=&contentShort=server.slaves里维护所有的slave列表，slave.replstate里记录着每个slave当前的同步状态.1.当master接受到slave发来的sync/psync命令时，将该sla',''),('1449455703539','access','admin','/syst3_module/admin',NULL,'/syst3_module/admin/document/create','POST','editorValue=<p style=\"color: rgb(51, 51, 51); font-family: Simsun; font-size: medium; white-space: normal;\"><spa&channelId=1448843740500&documentTemplete=doc.jsp&keyword=&sourceAddr=&recommend=false&assetsIds=&size=&content=<p style=\"color: rgb(51, 51, 51); font-family: Simsun; font-size: medium; white-space: normal;\"><spa&author=啥r状态变是迁&title=master状态变迁&source=&titleImage=&color=&hidden=true&priority=&fileAddr=&fileName=&contentShort=server.slaves里维护所有的slave列表，slave.replstate里记录着每个slave当前的同步状态.1.当master接受到slave发来的sync/psync命令时，将该sla',''),('1449455706146','access','admin','/syst3_module/admin',NULL,'/syst3_module/admin/document/create','POST','editorValue=<p style=\"color: rgb(51, 51, 51); font-family: Simsun; font-size: medium; white-space: normal;\"><spa&channelId=1448843740500&documentTemplete=doc.jsp&keyword=&sourceAddr=&recommend=false&assetsIds=&size=&content=<p style=\"color: rgb(51, 51, 51); font-family: Simsun; font-size: medium; white-space: normal;\"><spa&author=啥r状态变是迁&title=master状态变迁&source=&titleImage=&color=&hidden=true&priority=&fileAddr=&fileName=&contentShort=server.slaves里维护所有的slave列表，slave.replstate里记录着每个slave当前的同步状态.1.当master接受到slave发来的sync/psync命令时，将该sla',''),('1449455709419','access','admin','/syst3_module/admin',NULL,'/syst3_module/admin/document/create','POST','editorValue=<p style=\"color: rgb(51, 51, 51); font-family: Simsun; font-size: medium; white-space: normal;\"><spa&channelId=1448843740500&documentTemplete=doc.jsp&keyword=&sourceAddr=&recommend=false&assetsIds=&size=&content=<p style=\"color: rgb(51, 51, 51); font-family: Simsun; font-size: medium; white-space: normal;\"><spa&author=啥r状态变是迁&title=master状态变迁&source=&titleImage=&color=&hidden=true&priority=&fileAddr=&fileName=&contentShort=server.slaves里维护所有的slave列表，slave.replstate里记录着每个slave当前的同步状态.1.当master接受到slave发来的sync/psync命令时，将该sla',''),('1449455712677','access','admin','/syst3_module/admin',NULL,'/syst3_module/admin/document/create','POST','editorValue=<p style=\"color: rgb(51, 51, 51); font-family: Simsun; font-size: medium; white-space: normal;\"><spa&channelId=1448843740500&documentTemplete=doc.jsp&keyword=&sourceAddr=&recommend=false&assetsIds=&size=&content=<p style=\"color: rgb(51, 51, 51); font-family: Simsun; font-size: medium; white-space: normal;\"><spa&author=啥r状态变是迁&title=master状态变迁&source=&titleImage=&color=&hidden=true&priority=&fileAddr=&fileName=&contentShort=server.slaves里维护所有的slave列表，slave.replstate里记录着每个slave当前的同步状态.1.当master接受到slave发来的sync/psync命令时，将该sla',''),('1449455716519','access','admin','/syst3_module/admin',NULL,'/syst3_module/admin/document/create','POST','editorValue=<p style=\"color: rgb(51, 51, 51); font-family: Simsun; font-size: medium; white-space: normal;\"><spa&channelId=1448843740500&documentTemplete=doc.jsp&keyword=&sourceAddr=&recommend=false&assetsIds=&size=&content=<p style=\"color: rgb(51, 51, 51); font-family: Simsun; font-size: medium; white-space: normal;\"><spa&author=啥r状态变是迁&title=master状态变迁&source=&titleImage=&color=&hidden=true&priority=&fileAddr=&fileName=&contentShort=server.slaves里维护所有的slave列表，slave.replstate里记录着每个slave当前的同步状态.1.当master接受到slave发来的sync/psync命令时，将该sla',''),('1449455719804','access','admin','/syst3_module/admin',NULL,'/syst3_module/admin/document/create','POST','editorValue=<p style=\"color: rgb(51, 51, 51); font-family: Simsun; font-size: medium; white-space: normal;\"><spa&channelId=1448843740500&documentTemplete=doc.jsp&keyword=&sourceAddr=&recommend=false&assetsIds=&size=&content=<p style=\"color: rgb(51, 51, 51); font-family: Simsun; font-size: medium; white-space: normal;\"><spa&author=啥r状态变是迁&title=master状态变迁&source=&titleImage=&color=&hidden=true&priority=&fileAddr=&fileName=&contentShort=server.slaves里维护所有的slave列表，slave.replstate里记录着每个slave当前的同步状态.1.当master接受到slave发来的sync/psync命令时，将该sla',''),('1449560558493','access','admin','/syst3_module/admin',NULL,'/syst3_module/admin/document/create','POST','editorValue=<p><span style=\"font-family: 微软雅黑, &#39;Microsoft YaHei&#39;;\">Java招聘Java招聘Java招聘Java招聘Java招聘Java招聘J&channelId=1445934468960&documentTemplete=doc.jsp&keyword=&sourceAddr=&recommend=false&assetsIds=&size=&content=<p><span style=\"font-family: 微软雅黑, &#39;Microsoft YaHei&#39;;\">Java招聘Java招聘Java招聘Java招聘Java招聘Java招聘J&author=&title=Java招聘&source=&titleImage=&color=&hidden=true&priority=&fileAddr=&fileName=&contentShort=Java招聘Java招聘Java招聘Java招聘Java招聘Java招聘Java招聘Java招聘Java招聘Java招聘Java招聘Java招聘Java招聘Java招聘Java招聘Java招聘Java',''),('1449644921248','access','admin','/syst3_module/admin',NULL,'/syst3_module/admin/document/create','POST','editorValue=<p><span style=\"word-wrap: break-word; font-weight: 700; color: rgb(68, 68, 68); font-family: 微软雅黑, &channelId=1445934468960&documentTemplete=doc.jsp&keyword=&sourceAddr=&recommend=false&assetsIds=&size=&content=<p><span style=\"word-wrap: break-word; font-weight: 700; color: rgb(68, 68, 68); font-family: 微软雅黑, &author=黄记新&title=谈谈湖人的三个菜鸟的化学反应&source=&titleImage=&color=&hidden=true&priority=&fileAddr=&fileName=&contentShort=三个菜鸟都各自有些自身的课题待改进，其中乔丹-克拉克森有过一年的经验确实看得出来进度超过另外两只菜鸟，本文则多半就进攻端来写。放在眼前最大的问题可以用受助攻率来概括之，换句话说就是不擅无球打法，许多强',''),('1449649318892','access','admin','/syst3_module/admin',NULL,'/syst3_module/admin/document/deleteById','POST','idstring=1449644920641,1449560558068',''),('1449650299664','access','admin','/syst3_module/admin',NULL,'/syst3_module/admin/document/update/1447668555763','POST','editorValue=<p>是的哈哈哈水电费阿斯顿睡得但是但是</p><p>说大萨达但是</p><p>啥还是电话的时候时代复分</p>&channelId=1446965194084&documentTemplete=doc.jsp&keyword=&sourceAddr=&recommend=false&assetsIds=&size=&content=<p>是的哈哈哈水电费阿斯顿睡得但是但是</p><p>说大萨达但是</p><p>啥还是电话的时候时代复分</p>&id=1447668555763&author=&title=阿斯顿睡得&source=&color=&titleImage=&priority=&hidden=true&fileAddr=&fileName=&contentShort=是的哈哈哈水电费阿斯顿睡得但是但是说大萨达但是啥还是电话的时候时代复分',''),('1449650692921','access','admin','/syst3_module/admin',NULL,'/syst3_module/admin/document/deleteById','POST','idstring=1447668551895,1447668547780,1447668544610,1447668495077,1447668492260',''),('1449650709362','access','admin','/syst3_module/admin',NULL,'/syst3_module/admin/document/deleteById','POST','idstring=1447668489328,1447668486413,1447668483574,1447668477599,1447668414006',''),('1449721162383','access','admin','/syst3_module/admin',NULL,'/syst3_module/admin/user/create','POST','username=黄晓环&sex=false&organizationId=&password=&roleId=2',''),('1449721304438','access','admin','/syst3_module/admin',NULL,'/syst3_module/admin/user/create','POST','username=黄记新&sex=true&organizationId=&password=&roleId=2',''),('1449804391415','access','admin','/syst3_module/admin',NULL,'/syst3_module/admin/user/update/2','POST','id=2&username=test&sex=true&email=&organizationId=1444636560192&password=&roleId=1',''),('1449804516516','access','admin','/syst3_module/admin',NULL,'/syst3_module/admin/user/update/2','POST','id=2&username=test&sex=true&email=lfjlsdkfjlasdk&organizationId=1444636560192&password=&roleId=1',''),('1449805003825','access','admin','/syst3_module/admin',NULL,'/syst3_module/admin/user/update/1','POST','id=1&username=admin&email=wefewe&organizationId=1444636521670&password=&roleId=1',''),('1449805205435','access','admin','/syst3_module/admin',NULL,'/syst3_module/admin/user/update/1','POST','id=1&username=admin&sex=0&email=wefewe&organizationId=1444636521670&password=&roleId=1',''),('1449805245604','access','admin','/syst3_module/admin',NULL,'/syst3_module/admin/dictionary/update/1444635730059','POST','id=1444635730059&value=0&label=女&type=sex',''),('1449805260105','access','admin','/syst3_module/admin',NULL,'/syst3_module/admin/dictionary/update/1444635718573','POST','id=1444635718573&value=1&label=男&type=sex',''),('1449805325238','access','admin','/syst3_module/admin',NULL,'/syst3_module/admin/user/update/1','POST','id=1&username=admin&sex=1&email=wefewe&organizationId=1444636521670&password=&roleId=1',''),('1449826248612','access','admin','/syst3_module/admin',NULL,'/syst3_module/admin/user/update/2','POST','id=2&username=test&sex=0&email=&organizationId=&password=&roleId=2',''),('1449826375807','access','admin','/syst3_module/admin',NULL,'/syst3_module/admin/user/update/2','POST','id=2&username=test&sex=1&email=&organizationId=&password=&roleId=2',''),('1449826387242','access','admin','/syst3_module/admin',NULL,'/syst3_module/admin/user/update/1449721304203','POST','id=1449721304203&username=黄记新&sex=1&email=&organizationId=&password=&roleId=2',''),('1449826785965','access','admin','/syst3_module/admin',NULL,'/syst3_module/admin/user/create','POST','username=admin&sex=1&email=&organizationId=&password=&roleId=2',''),('1449828418963','access','admin','/syst3_module/admin',NULL,'/syst3_module/admin/user/create','POST','username=ew&sex=1&email=ewewewew&organizationId=&password=&roleId=2',''),('1449828497559','access','admin','/syst3_module/admin',NULL,'/syst3_module/admin/user/update/2','POST','id=2&username=test&sex=1&email=&organizationId=&password=&roleId=2',''),('1450066050619','access','admin','/admin',NULL,'/admin/document/update/1447999888637','POST','editorValue=<p><img src=\"/syst/upload/1/20151120_021037.jpg\" title=\"20151120_021037.jpg\" alt=\"20151120_021037.jp&channelId=1446965194084&documentTemplete=defaultApp/newsInfo&keyword=&sourceAddr=&recommend=false&assetsIds=1447999837785&size=5568&content=<p><img src=\"/syst/upload/1/20151120_021037.jpg\" title=\"20151120_021037.jpg\" alt=\"20151120_021037.jp&id=1447999888637&author=&title=dfsfsa&source=&color=&titleImage=&priority=&hidden=true&fileAddr=/upload/1/20151120_021037.jpg&fileName=20151120_021037.jpg&contentShort=dsfdsfsdfsdfdsfdsfsdf',''),('1450066330676','access','admin','/admin',NULL,'/admin/document/update/1447999888637','POST','editorValue=<p><img src=\"/syst/upload/1/20151120_021037.jpg\" title=\"20151120_021037.jpg\" alt=\"20151120_021037.jp&channelId=1446965194084&documentTemplete=&keyword=&sourceAddr=&recommend=false&assetsIds=1447999837785&size=5568&content=<p><img src=\"/syst/upload/1/20151120_021037.jpg\" title=\"20151120_021037.jpg\" alt=\"20151120_021037.jp&id=1447999888637&author=&title=dfsfsa&source=&color=&titleImage=&priority=&hidden=true&fileAddr=/upload/1/20151120_021037.jpg&fileName=20151120_021037.jpg&contentShort=dsfdsfsdfsdfdsfdsfsdf',''),('1450069942889','access','admin','/admin',NULL,'/admin/document/update/1448682617468','POST','editorValue=<p style=\"border: 0px; margin-top: 0px; margin-bottom: 0px; padding: 5px 0px; line-height: 22px; tex&channelId=1446965194084&documentTemplete=&keyword=&sourceAddr=&recommend=false&assetsIds=&size=&content=<p style=\"border: 0px; margin-top: 0px; margin-bottom: 0px; padding: 5px 0px; line-height: 22px; tex&id=1448682617468&author=&title=elasticsearch ik分词插件es-ik发布了&source=&color=&titleImage=&priority=&hidden=true&fileAddr=&fileName=&contentShort=呵呵，以前我一直用medcl大神开发的https://github.com/medcl/elasticsearch-analysis-ik,感觉对源代码稍微改动大了点。对ik源码不是很熟悉的朋友，阅读',''),('1450076610890','access','admin','/admin',NULL,'/admin/document/update/1449455719748','POST','editorValue=<p>s<span style=\"color: rgb(57, 57, 57); font-family: Helvetica, STHeiti, &#39;Droid Sans Fallback&#&channelId=1448843740500&documentTemplete=&keyword=&sourceAddr=&recommend=false&assetsIds=&size=&id=1449455719748&content=<p>s<span style=\"color: rgb(57, 57, 57); font-family: Helvetica, STHeiti, &#39;Droid Sans Fallback&#&author=啥r状态变是迁&title=master状态变迁&source=&color=&titleImage=&hidden=true&priority=&fileAddr=&fileName=&contentShort=s中新社北京12月13日电 中国人民解放军海军于近日组织舰艇编队经西太平洋海域赴南海相关海域进行训练',''),('1450077159815','access','admin','/admin',NULL,'/admin/document/update/1449455716468','POST','editorValue=<p style=\"color: rgb(51, 51, 51); font-family: Simsun; font-size: medium; white-space: normal;\"><spa&channelId=1448843740500&documentTemplete=&keyword=&sourceAddr=&recommend=false&assetsIds=&size=&id=1449455716468&content=<p style=\"color: rgb(51, 51, 51); font-family: Simsun; font-size: medium; white-space: normal;\"><spa&author=啥r状态变是迁&title=master状态变迁&source=&color=&titleImage=&hidden=true&priority=&fileAddr=&fileName=&contentShort=server.slaves里维护所有的slave列表，slave.replstate里记录着每个slave当前的同步状态.1.当master接受到slave发来的sync/psync命令时，将该sla',''),('1450077208177','access','admin','/admin',NULL,'/admin/document/update/1449455716468','POST','editorValue=<p style=\"color: rgb(51, 51, 51); font-family: Simsun; font-size: medium; white-space: normal;\"><spa&channelId=1448843740500&documentTemplete=&keyword=&sourceAddr=&recommend=false&assetsIds=&size=&content=<p style=\"color: rgb(51, 51, 51); font-family: Simsun; font-size: medium; white-space: normal;\"><spa&id=1449455716468&author=啥r状态变是迁&title=master状态变迁&source=&color=&titleImage=&priority=&hidden=true&fileAddr=&fileName=&contentShort=    server.slaves里维护所有的slave列表，slave.replstate里记录着每个slave当前的同步状态.1.当master接受到slave发来的sync/psync命令时，将',''),('1450077240274','access','admin','/admin',NULL,'/admin/document/update/1449455716468','POST','editorValue=<p style=\"color: rgb(51, 51, 51); font-family: Simsun; font-size: medium; white-space: normal;\"><spa&channelId=1448843740500&documentTemplete=&keyword=&sourceAddr=&recommend=false&assetsIds=&size=&content=<p style=\"color: rgb(51, 51, 51); font-family: Simsun; font-size: medium; white-space: normal;\"><spa&id=1449455716468&author=啥r状态变是迁&title=master状态变迁&source=&color=&titleImage=&priority=&hidden=true&fileAddr=&fileName=&contentShort=  server.slaves里维护所有的slave列表，slave.replstate里记录着每个slave当前的同步状态.1.当master接受到slave发来的sync/psync命令时，将该s',''),('1450077259307','access','admin','/admin',NULL,'/admin/document/update/1449455716468','POST','editorValue=<p style=\"color: rgb(51, 51, 51); font-family: Simsun; font-size: medium; white-space: normal;\"><spa&channelId=1448843740500&documentTemplete=&keyword=&sourceAddr=&recommend=false&assetsIds=&size=&content=<p style=\"color: rgb(51, 51, 51); font-family: Simsun; font-size: medium; white-space: normal;\"><spa&id=1449455716468&author=啥r状态变是迁&title=master状态变迁&source=&color=&titleImage=&priority=&hidden=true&fileAddr=&fileName=&contentShort=  server.slaves里维护所有的slave列表，slave.replstate里记录着每个slave当前的同步状态.  1.当master接受到slave发来的sync/psync命令时，将',''),('1450077604188','access','admin','/admin',NULL,'/admin/document/update/1449455716468','POST','editorValue=<p style=\"color: rgb(51, 51, 51); font-family: Simsun; font-size: medium; white-space: normal;\"><spa&channelId=1448843740500&documentTemplete=&keyword=&sourceAddr=&recommend=false&assetsIds=&size=&content=<p style=\"color: rgb(51, 51, 51); font-family: Simsun; font-size: medium; white-space: normal;\"><spa&id=1449455716468&author=啥r状态变是迁&title=master状态变迁&source=&color=&titleImage=&priority=&hidden=true&fileAddr=&fileName=&contentShort=    server.slaves里维护所有的slave列表，slave.replstate里记录着每个slave当前的同步状态.    1.当master接受到slave发来的sync/psync命',''),('1450854333380','access','admin','/admin',NULL,'/admin/channel/update/1445934192714','POST','descrition=&parentIds=1445933910969&sort=1&keyword=医药原料及中间体&code=yyyljzhjt&id=1445934192714&parentId=1445933910969&linkAddr=channel/products/yyyljzhjt&hidden=false&name=医药原料及中间体&channelTemplete=defaultApp/products&asdocument=false&openMode=false&documentId=',''),('1450854351031','access','admin','/admin',NULL,'/admin/channel/update/1445934220786','POST','descrition=无机化工产品&parentIds=1445933910969&sort=2&keyword=无机化工产品&code=wjhgchp&id=1445934220786&parentId=1445933910969&linkAddr=channel/products/wjhgchp&hidden=false&name=无机化工产品&channelTemplete=defaultApp/products&asdocument=false&openMode=false&documentId=',''),('1450854368345','access','admin','/admin',NULL,'/admin/channel/update/1445934282711','POST','descrition=ewwweewfwf&parentIds=1445933910969&sort=3&keyword=香精香料及植物提取物&code=xjxljzhwtqw&id=1445934282711&parentId=1445933910969&linkAddr=channel/products/xjxljzhwtqw&hidden=false&name=香精香料及植物提取物&channelTemplete=defaultApp/products&asdocument=false&openMode=false&documentId=',''),('1450863034958','access','admin','/admin',NULL,'/admin/resource/update/1444573320799','POST','parentId=&sort=0&name=关于系统&authName=&path=&type=menu',''),('1450863061356','access','admin','/admin',NULL,'/admin/resource/update/1444573320799','POST','parentId=&sort=1&name=关于系统&authName=&path=&type=menu',''),('1450863089363','access','admin','/admin',NULL,'/admin/resource/update/1444573320799','POST','parentId=&sort=2&name=关于系统&authName=&path=&type=menu',''),('1450863108175','access','admin','/admin',NULL,'/admin/resource/update/1444987149377','POST','parentId=&sort=3&name=数据库&authName=&path=&type=menu',''),('1450863129812','access','admin','/admin',NULL,'/admin/resource/update/1445075669752','POST','parentId=&sort=4&name=栏目&authName=channel:*&path=/channel&type=menu',''),('1450863154537','access','admin','/admin',NULL,'/admin/resource/update/1445075702637','POST','parentId=&sort=5&name=文档&authName=document:*&path=/document&type=menu',''),('1450863165567','access','admin','/admin',NULL,'/admin/resource/update/1449130042353','POST','parentId=&sort=6&name=页面生成&authName=htmlgenerate:view&path=/htmlgenerate&type=menu',''),('1450933191944','access','admin','/admin',NULL,'/admin/document/create','POST','editorValue=&channelId=1445933910969&documentTemplete=&keyword=&geneTemplate=template/doc.ftl&sourceAddr=&recommend=true&assetsIds=&size=&content=&author=婚纱&title=好舒服&source=&titleImage=&color=&mGeneTemplate=&hidden=true&priority=&fileAddr=&fileName=&contentShort=',''),('1450933256273','access','admin','/admin',NULL,'/admin/document/create','POST','editorValue=<p>为V我V我V我V我V</p>&channelId=1446965194084&documentTemplete=&keyword=好舒服&geneTemplate=template/doc.ftl&sourceAddr=&recommend=true&assetsIds=&size=&content=<p>为V我V我V我V我V</p>&author=婚纱&title=好舒服&source=&titleImage=&color=&mGeneTemplate=template/m-doc.ftl&hidden=true&priority=&fileAddr=&fileName=&contentShort=为V我V我V我V我V',''),('1450961901048','access','admin','/admin',NULL,'/admin/document/update/1445940554062','POST','editorValue=<p style=\"border: 0px; margin-top: 0px; margin-bottom: 0px; padding: 5px 0px; line-height: 22px; tex&channelId=1445933697685&documentTemplete=doc.jsp&keyword=&geneTemplate=template/doc.ftl&sourceAddr=&recommend=false&assetsIds=&size=&content=<p style=\"border: 0px; margin-top: 0px; margin-bottom: 0px; padding: 5px 0px; line-height: 22px; tex&id=1445940554062&author=&title=关于我们&source=&color=&titleImage=&hidden=true&mGeneTemplate=template/m-doc.ftl&priority=&fileAddr=&fileName=&contentShort=关于IT技术精华网作为一名程序员，在工作中，会遇到各种问题。每天都会用搜索引擎去搜索各种问题，搜索结果鱼目混杂，找一个比较准确的结果比较困难，于是我就产生了这样一个想法，把一些互联网中的精华内容进行分',''),('1451026204677','access','admin','/admin',NULL,'/admin/document/update/1445940554062','POST','editorValue=<p style=\"border: 0px; margin-top: 0px; margin-bottom: 0px; padding: 5px 0px; line-height: 22px; tex&channelId=1445933697685&documentTemplete=doc.jsp&keyword=&geneTemplate=template/aboutus.ftl&sourceAddr=&recommend=false&assetsIds=&size=&content=<p style=\"border: 0px; margin-top: 0px; margin-bottom: 0px; padding: 5px 0px; line-height: 22px; tex&id=1445940554062&author=&title=关于我们&source=&color=&titleImage=&hidden=true&mGeneTemplate=template/m-doc.ftl&priority=&fileAddr=&fileName=&contentShort=关于IT技术精华网作为一名程序员，在工作中，会遇到各种问题。每天都会用搜索引擎去搜索各种问题，搜索结果鱼目混杂，找一个比较准确的结果比较困难，于是我就产生了这样一个想法，把一些互联网中的精华内容进行分',''),('1451027865966','access','admin','/admin',NULL,'/admin/document/update/1445940554062','POST','editorValue=<p style=\"border: 0px; margin-top: 0px; margin-bottom: 0px; padding: 5px 0px; line-height: 22px; tex&channelId=1445933697685&documentTemplete=aboutus.jsp&keyword=&geneTemplate=template/aboutus.ftl&sourceAddr=&recommend=false&assetsIds=&size=&content=<p style=\"border: 0px; margin-top: 0px; margin-bottom: 0px; padding: 5px 0px; line-height: 22px; tex&id=1445940554062&author=&title=关于我们&source=&color=&titleImage=&hidden=true&mGeneTemplate=template/m-doc.ftl&priority=&fileAddr=&fileName=&contentShort=关于IT技术精华网作为一名程序员，在工作中，会遇到各种问题。每天都会用搜索引擎去搜索各种问题，搜索结果鱼目混杂，找一个比较准确的结果比较困难，于是我就产生了这样一个想法，把一些互联网中的精华内容进行分',''),('1451027895787','access','admin','/admin',NULL,'/admin/document/update/1445940554062','POST','editorValue=<p style=\"border: 0px; margin-top: 0px; margin-bottom: 0px; padding: 5px 0px; line-height: 22px; tex&channelId=1445933697685&documentTemplete=aboutus.jsp&keyword=&geneTemplate=template/aboutus.ftl&sourceAddr=&recommend=false&assetsIds=&size=&content=<p style=\"border: 0px; margin-top: 0px; margin-bottom: 0px; padding: 5px 0px; line-height: 22px; tex&id=1445940554062&author=&title=关于我们&source=&color=&titleImage=&hidden=true&mGeneTemplate=template/m-doc.ftl&priority=&fileAddr=&fileName=&contentShort=关于IT技术精华网作为一名程序员，在工作中，会遇到各种问题。每天都会用搜索引擎去搜索各种问题，搜索结果鱼目混杂，找一个比较准确的结果比较困难，于是我就产生了这样一个想法，把一些互联网中的精华内容进行分',''),('1451268825186','access','admin','/admin',NULL,'/admin/user/deleteById','POST','idstring=2,1449828418765,1449721304203,1449721161870,1448013926333,1447323828505,1446339647047,1444876158506,',''),('1451530993913','access','admin','/admin',NULL,'/admin/channel/deleteById','POST','idstring=1445934468960,1445933910969,1446965194084,1445933697685',''),('1451531200141','access','admin','/admin',NULL,'/admin/channel/create','POST','descrition=JCINCMS是集简单、健壮、灵活、开源几大特点的开源内容管理系统,目前占领了国内开源CMS的大部份市场，目前已经有超过三十万个站点正在使用&parentId=&parentIds=&linkAddr=channel/product&sort=&hidden=false&name=产品&keyword=product,timeswo,cms,java,jsp,开源免费&channelTemplete=&code=product&openMode=false&asdocument=false&documentId=',''),('1451531531302','access','admin','/admin',NULL,'/admin/channel/create','POST','descrition=JCINCMSCMS是基于Java集成spring，mybatis开发的一款内容管理系统，有着高效，安全，简单，易用等特点&parentId=&parentIds=&linkAddr=channel/cases&sort=&hidden=false&name=案例中心&keyword=JCINCMS,Java,开源免费,安全&channelTemplete=&code=cases&openMode=false&asdocument=false&documentId=',''),('1451532049636','access','admin','/admin',NULL,'/admin/channel/create','POST','descrition=JCINCMSCMS是基于Java集成spring，mybatis开发的一款内容管理系统，有着高效，安全，简单，易用等特点&parentId=&parentIds=&linkAddr=channel/aboutus&sort=1&hidden=false&name=关于我们&keyword=JCINCMS,Java,开源免费,安全&channelTemplete=&code=aboutus&openMode=false&asdocument=false&documentId=',''),('1451532077992','access','admin','/admin',NULL,'/admin/channel/create','POST','descrition=JCINCMSCMS是基于Java集成spring，mybatis开发的一款内容管理系统，有着高效，安全，简单，易用等特点&parentId=&parentIds=&linkAddr=channel/news&sort=1&hidden=false&name=时沃动态&keyword=JCINCMS,Java,开源免费,安全&channelTemplete=&code=news&openMode=false&asdocument=false&documentId=',''),('1451539099415','access','admin','/admin',NULL,'/admin/channel/create','POST','descrition=文档，JCINCMS文档&parentId=&parentIds=&linkAddr=channel/documents&sort=&hidden=false&name=文档&keyword=documents&channelTemplete=&code=documents&openMode=false&asdocument=false&documentId=',''),('1451539336028','access','admin','/admin',NULL,'/admin/channel/create','POST','descrition=purchase,JCINCMS，购买服务&parentId=1451531199872&parentIds=1451531199872&linkAddr=channel/product/purchase&sort=&hidden=false&name=购买&keyword=purchase,JCINCMS，购买服务&channelTemplete=&code=purchase&openMode=false&asdocument=false&documentId=',''),('1451539451701','access','admin','/admin',NULL,'/admin/channel/create','POST','descrition=JCINCMS是集简单、健壮、灵活、开源几大特点的开源内容管理系统,目前占领了国内开源CMS的大部份市场，目前已经有超过三十万个站点正在使用&parentId=1451531199872&parentIds=1451531199872&linkAddr=channel/product/building&sort=&hidden=false&name=网站建设&keyword=building,网站建设&channelTemplete=&code=building&openMode=false&asdocument=false&documentId=',''),('1451539499514','access','admin','/admin',NULL,'/admin/channel/create','POST','descrition=JCINCMS是集简单、健壮、灵活、开源几大特点的开源内容管理系统,目前占领了国内开源CMS的大部份市场，目前已经有超过三十万个站点正在使用&parentId=1451531199872&parentIds=1451531199872&linkAddr=channel/product/development&sort=2&hidden=false&name=功能定制&keyword=building,网站建设&channelTemplete=&code=development&openMode=false&asdocument=false&documentId=',''),('1451539571938','access','admin','/admin',NULL,'/admin/channel/create','POST','descrition=JCINCMS是集简单、健壮、灵活、开源几大特点的开源内容管理系统,目前占领了国内开源CMS的大部份市场，目前已经有超过三十万个站点正在使用&parentId=1451531199872&parentIds=1451531199872&linkAddr=channel/product/process&sort=&hidden=false&name=购买流程&keyword=process,购买流程&channelTemplete=&code=process&openMode=false&asdocument=false&documentId=',''),('1451540573406','access','admin','/admin',NULL,'/admin/document/create','POST','editorValue=<table class=\"purch-table\" width=\"100%\" border=\"0\" cellpadding=\"0\" cellspacing=\"0\" style=\"border-top&channelId=1451539335929&documentTemplete=&keyword=&geneTemplate=&sourceAddr=&recommend=false&assetsIds=&size=&content=<table class=\"purch-table\" width=\"100%\" border=\"0\" cellpadding=\"0\" cellspacing=\"0\" style=\"border-top&author=&title=购买&source=&titleImage=&color=&mGeneTemplate=&hidden=true&priority=&fileAddr=&fileName=&contentShort=版本类型开源版商业授权版前后台版权信息需保留允许去除系统功能网站常用功能更多企业级功能使用年限永久永久升级年限永久永久网站数量1个1个授权价格免费5800元服务范围服务类型明细商业授权企业普通型企业增',''),('1451540596201','access','admin','/admin',NULL,'/admin/channel/update/1451539335929','POST','id=1451539335929&descrition=purchase,JCINCMS，购买服务&parentId=1451531199872&parentIds=1451531199872&linkAddr=channel/product/purchase&sort=1&hidden=false&name=购买&keyword=purchase,JCINCMS，购买服务&code=purchase&openMode=false&asdocument=true&documentId=1451540573193',''),('1451542817725','access','admin','/admin',NULL,'/admin/document/update/1451540573193','POST','editorValue=<table><tbody><tr class=\"firstRow\"><td width=\"244\" valign=\"top\" style=\"word-break: break-all;\">基础服务<&channelId=1451539335929&documentTemplete=&keyword=&geneTemplate=&sourceAddr=&recommend=false&assetsIds=&size=&content=<table><tbody><tr class=\"firstRow\"><td width=\"244\" valign=\"top\" style=\"word-break: break-all;\">基础服务<&id=1451540573193&author=&title=购买&source=&color=&titleImage=&hidden=true&mGeneTemplate=&priority=&fileAddr=&fileName=&contentShort=基础服务增强型服务高级服务VIP服务',''),('1451543061433','access','admin','/admin',NULL,'/admin/document/update/1451540573193','POST','editorValue=<p>(商业授权用户专属服务套餐)</p><table border=\"0\" align=\"center\" cellpadding=\"0\" cellspacing=\"0\" class=\"table\">&channelId=1451539335929&documentTemplete=&keyword=&geneTemplate=&sourceAddr=&recommend=false&assetsIds=&size=&content=<p>(商业授权用户专属服务套餐)</p><table border=\"0\" align=\"center\" cellpadding=\"0\" cellspacing=\"0\" class=\"table\">&id=1451540573193&author=&title=购买&source=&color=&titleImage=&hidden=true&mGeneTemplate=&priority=&fileAddr=&fileName=&contentShort=(商业授权用户专属服务套餐)服务说明基础型服务标准型服务高级型服务E-mail 支持 [?]√√√网站客服中心支持 [?]√√√QQ/MSN 支持 [?]√√√电话支持 [?]√√√程序BUG反馈√√',''),('1451548936416','access','admin','/admin',NULL,'/admin/document/deleteById','POST','idstring=1451540573193',''),('1451549045087','access','admin','/admin',NULL,'/admin/document/create','POST','editorValue=&channelId=1451531199872&documentTemplete=&keyword=购买，purchase&geneTemplate=&sourceAddr=&recommend=false&assetsIds=&size=&content=&author=purchase&title=购买&source=&titleImage=&color=&mGeneTemplate=&hidden=true&priority=&fileAddr=&fileName=&contentShort=',''),('1451549065411','access','admin','/admin',NULL,'/admin/channel/update/1451539335929','POST','descrition=purchase,JCINCMS，购买服务&parentIds=1451531199872&sort=1&keyword=purchase,JCINCMS，购买服务&code=purchase&id=1451539335929&parentId=1451531199872&linkAddr=channel/product/purchase&hidden=false&name=购买&channelTemplete=&asdocument=true&openMode=false&documentId=1451549044980',''),('1451549125145','access','admin','/admin',NULL,'/admin/document/update/1451549044980','POST','editorValue=<table><tbody><tr class=\"firstRow\"><td class=\"line-content\">(商业授权用户专属服务套餐)</td><td class=\"line-conte&channelId=1451531199872&documentTemplete=&keyword=购买，purchase&geneTemplate=&sourceAddr=&recommend=false&assetsIds=&size=&content=<table><tbody><tr class=\"firstRow\"><td class=\"line-content\">(商业授权用户专属服务套餐)</td><td class=\"line-conte&id=1451549044980&author=purchase&title=购买&source=&color=&titleImage=&hidden=true&mGeneTemplate=&priority=&fileAddr=&fileName=&contentShort=(商业授权用户专属服务套餐)<table border=\"0\" align=\"center\" cellpadding=\"0\" cellspacing=\"0\" class=\"table\">	<thead',''),('1451549539997','access','admin','/admin',NULL,'/admin/document/update/1451549044980','POST','editorValue=<p>时代发生哈额发而为</p>&channelId=1451531199872&documentTemplete=&keyword=购买，purchase&geneTemplate=&sourceAddr=&recommend=false&assetsIds=&size=&content=<p>时代发生哈额发而为</p>&id=1451549044980&author=purchase&title=购买&source=&color=&titleImage=&hidden=true&mGeneTemplate=&priority=&fileAddr=&fileName=&contentShort=时代发生哈额发而为',''),('1451553030707','access','admin','/admin',NULL,'/admin/channel/update/1451539335929','POST','descrition=purchase,JCINCMS，购买服务&parentIds=1451531199872&sort=1&keyword=purchase,JCINCMS，购买服务&image=/upload/1/20151231_051025.jpg&code=purchase&id=1451539335929&parentId=1451531199872&linkAddr=channel/product/purchase&hidden=false&name=购买&channelTemplete=&asdocument=true&openMode=false&documentId=1451549044980',''),('1451553899279','access','admin','/admin',NULL,'/admin/channel/update/1451531199872','POST','descrition=JCINCMS是集简单、健壮、灵活、开源几大特点的开源内容管理系统,目前占领了国内开源CMS的大部份市场，目前已经有超过三十万个站点正在使用&parentIds=&sort=1&keyword=product,timeswo,cms,java,jsp,开源免费&image=/upload/1/20151231_052456.jpg&code=product&id=1451531199872&parentId=&linkAddr=channel/product&hidden=false&name=产品&channelTemplete=&asdocument=false&openMode=false&documentId=',''),('1451554548067','access','admin','/admin',NULL,'/admin/channel/update/1451531199872','POST','descrition=JCINCMS是集简单、健壮、灵活、开源几大特点的开源内容管理系统,目前占领了国内开源CMS的大部份市场，目前已经有超过三十万个站点正在使用是&parentIds=&sort=1&keyword=product,timeswo,cms,java,jsp,开源免费&image=/upload/1/20151231_052456.jpg&code=product&id=1451531199872&parentId=&linkAddr=channel/product&hidden=false&name=产品&channelTemplete=&openMode=false&asdocument=false&documentId=',''),('1451554767191','access','admin','/admin',NULL,'/admin/channel/update/1451531199872','POST','descrition=JCINCMS是集简单、健壮、灵活、开源几大特点的开源内容管理系统,目前占领了国内开源CMS的大部份市场，目前已经有超过三十万个站点正在使用是&parentIds=&sort=1&keyword=product,timeswo,cms,java,jsp,开源免费&image=&code=product&id=1451531199872&parentId=&linkAddr=channel/product&hidden=false&name=产品&channelTemplete=&asdocument=false&openMode=false&documentId=',''),('1451554883573','access','admin','/admin',NULL,'/admin/channel/create','POST','descrition=JCINCMS,公司因业务拓展需要招聘Java以及页面设计师&parentIds=&sort=&keyword=招聘,hire&image=&code=hire&parentId=&linkAddr=channel/hire&hidden=false&name=招聘&channelTemplete=&openMode=false&asdocument=false&documentId=',''),('1451555062482','access','admin','/admin',NULL,'/admin/channel/create','POST','descrition=联系我们,contactus&parentIds=1451532049377&sort=&keyword=联系我们,contactus&image=&code=contactus&parentId=1451532049377&linkAddr=channel/aboutus/contactus&hidden=false&name=联系我们&channelTemplete=&openMode=false&asdocument=false&documentId=',''),('1451555209006','access','admin','/admin',NULL,'/admin/channel/create','POST','descrition=JCINCMS是集简单、健壮、灵活、开源几大特点的开源内容管理系统,目前占领了国内开源CMS的大部份市场，目前已经有超过三十万个站点正在使用是&parentIds=1451532049377&sort=&keyword=服务网络,service&image=&code=servicenet&parentId=1451532049377&linkAddr=channel/aboutus/servicenet&hidden=false&name=服务网络&channelTemplete=&openMode=false&asdocument=false&documentId=',''),('1451555446941','access','admin','/admin',NULL,'/admin/channel/create','POST','descrition=JCINCMS是集简单、健壮、灵活、开源几大特点的开源内容管理系统,目前占领了国内开源CMS的大部份市场，目前已经有超过三十万个站点正在使用&parentIds=1451532049377&sort=&keyword=企业文化&image=&code=culture&parentId=1451532049377&linkAddr=channel/aboutus/culture&hidden=false&name=企业文化&channelTemplete=&openMode=false&asdocument=false&documentId=',''),('1451555705821','access','admin','/admin',NULL,'/admin/document/deleteById','POST','idstring=1451549044980',''),('1451556536936','access','admin','/admin',NULL,'/admin/document/create','POST','editorValue=<p><span style=\"font-family: 微软雅黑, &#39;Microsoft YaHei&#39;;\">&nbsp;&nbsp;&nbsp;&nbsp;时沃网络科技是一家基于Ja&channelId=1451532049377&documentTemplete=&keyword=公司简介&geneTemplate=&sourceAddr=&recommend=false&assetsIds=&size=&content=<p><span style=\"font-family: 微软雅黑, &#39;Microsoft YaHei&#39;;\">&nbsp;&nbsp;&nbsp;&nbsp;时沃网络科技是一家基于Ja&author=&title=公司简介&source=&titleImage=&color=&mGeneTemplate=&hidden=true&priority=&fileAddr=&fileName=&contentShort=    时沃网络科技是一家基于Java开发面向中小企业的高新科技公司，时沃人不懈奋斗，努力开拓，服务于客户，立足于为客户创造价值，致力于为企业提供优质的网站服务，微信公众号开发服务，软件应用，移动Ap',''),('1451556771271','access','admin','/admin',NULL,'/admin/channel/update/1451532049377','POST','descrition=JCINCMSCMS是基于Java集成spring，mybatis开发的一款内容管理系统，有着高效，安全，简单，易用等特点&parentIds=&sort=1&keyword=JCINCMS,Java,开源免费,安全&image=&code=aboutus&id=1451532049377&parentId=&linkAddr=channel/aboutus&hidden=false&name=关于我们&openMode=false&asdocument=true&documentId=1451556536767',''),('1451557504490','access','admin','/admin',NULL,'/admin/document/create','POST','editorValue=<p><span style=\"font-family: 微软雅黑, &#39;Microsoft YaHei&#39;;\">业务人员</span></p><p><span style=\"font-f&channelId=1451554883394&documentTemplete=&keyword=&geneTemplate=&sourceAddr=&recommend=false&assetsIds=&size=&content=<p><span style=\"font-family: 微软雅黑, &#39;Microsoft YaHei&#39;;\">业务人员</span></p><p><span style=\"font-f&author=&title=招聘&source=&titleImage=&color=&mGeneTemplate=&hidden=true&priority=&fileAddr=&fileName=&contentShort=业务人员岗位职责和要求：1、善于沟通，把握客户需求；2、思维严谨，工作目标明确，抗压能力强；3、有计算机行业背景堪佳；Java高级开发工程师岗位职责和要求：1、计算机软件相关专业，本科及以上学历；2、',''),('1451557540063','access','admin','/admin',NULL,'/admin/channel/update/1451554883394','POST','descrition=JCINCMS,公司因业务拓展需要招聘Java以及页面设计师&parentIds=&sort=1&keyword=招聘,hire&image=&code=hire&id=1451554883394&parentId=&linkAddr=channel/hire&hidden=false&name=招聘&openMode=false&asdocument=true&documentId=1451557504428',''),('1451557589513','access','admin','/admin',NULL,'/admin/document/create','POST','editorValue=<p><span style=\"font-family: 微软雅黑, &#39;Microsoft YaHei&#39;; font-size: 14px;\">业务人员</span></p><p><s&channelId=1451554883394&documentTemplete=&keyword=&geneTemplate=&sourceAddr=&recommend=false&assetsIds=&size=&content=<p><span style=\"font-family: 微软雅黑, &#39;Microsoft YaHei&#39;; font-size: 14px;\">业务人员</span></p><p><s&author=&title=招聘&source=&titleImage=&color=&mGeneTemplate=&hidden=true&priority=&fileAddr=&fileName=&contentShort=业务人员岗位职责和要求：1、善于沟通，把握客户需求；2、思维严谨，工作目标明确，抗压能力强；3、有计算机行业背景堪佳；Java高级开发工程师岗位职责和要求：1、计算机软件相关专业，本科及以上学历；2、',''),('1451557677604','access','admin','/admin',NULL,'/admin/document/create','POST','editorValue=<p><span style=\"font-family: 微软雅黑, &#39;Microsoft YaHei&#39;; font-size: 14px;\">业务人员</span></p><p><s&channelId=1451554883394&documentTemplete=&keyword=&geneTemplate=&sourceAddr=&recommend=false&assetsIds=&size=&content=<p><span style=\"font-family: 微软雅黑, &#39;Microsoft YaHei&#39;; font-size: 14px;\">业务人员</span></p><p><s&author=&title=招聘&source=&titleImage=&color=&mGeneTemplate=&hidden=true&priority=&fileAddr=&fileName=&contentShort=业务人员岗位职责和要求：1、善于沟通，把握客户需求；2、思维严谨，工作目标明确，抗压能力强；3、有计算机行业背景堪佳；Java高级开发工程师岗位职责和要求：1、计算机软件相关专业，本科及以上学历；2、',''),('1451558431004','access','admin','/admin',NULL,'/admin/document/create','POST','editorValue=<p style=\"line-height: normal;\"><span style=\"font-family: 微软雅黑, &#39;Microsoft YaHei&#39;; font-size&channelId=1451554883394&documentTemplete=&keyword=&geneTemplate=&sourceAddr=&recommend=false&assetsIds=&size=&content=<p style=\"line-height: normal;\"><span style=\"font-family: 微软雅黑, &#39;Microsoft YaHei&#39;; font-size&author=&title=招聘&source=&titleImage=&color=&mGeneTemplate=&hidden=true&priority=&fileAddr=&fileName=&contentShort=业务人员岗位职责和要求：1、善于沟通，把握客户需求；2、思维严谨，工作目标明确，抗压能力强；3、有计算机行业背景堪佳；Java高级开发工程师岗位职责和要求：1、计算机软件相关专业，本科及以上学历；2、',''),('1451559735766','access','admin','/admin',NULL,'/admin/document/deleteById','POST','idstring=1451557677543,1451557589452,1451557504428',''),('1451559766881','access','admin','/admin',NULL,'/admin/channel/update/1451554883394','POST','descrition=JCINCMS,公司因业务拓展需要招聘Java以及页面设计师&parentIds=&sort=1&keyword=招聘,hire&image=&code=hire&id=1451554883394&parentId=&linkAddr=channel/hire&hidden=false&name=招聘&channelTemplete=&openMode=false&asdocument=true&documentId=1451557504428',''),('1451559826679','access','admin','/admin',NULL,'/admin/document/update/1451558430895','POST','editorValue=<p style=\"line-height: normal;\"><span style=\"font-family: 微软雅黑, &#39;Microsoft YaHei&#39;; font-size&channelId=1451554883394&documentTemplete=&keyword=&geneTemplate=&sourceAddr=&recommend=false&assetsIds=&size=&id=1451558430895&content=<p style=\"line-height: normal;\"><span style=\"font-family: 微软雅黑, &#39;Microsoft YaHei&#39;; font-size&author=&title=招聘&source=&color=&titleImage=&mGeneTemplate=&hidden=true&priority=&fileAddr=&fileName=&contentShort=业务人员岗位职责和要求：1、善于沟通，把握客户需求；2、思维严谨，工作目标明确，抗压能力强；3、有计算机行业背景堪佳；Java高级开发工程师岗位职责和要求：1、计算机软件相关专业，本科及以上学历；2、',''),('1451559841042','access','admin','/admin',NULL,'/admin/channel/update/1451554883394','POST','descrition=JCINCMS,公司因业务拓展需要招聘Java以及页面设计师&parentIds=&sort=1&keyword=招聘,hire&image=&code=hire&id=1451554883394&parentId=&linkAddr=channel/hire&hidden=false&name=招聘&channelTemplete=&asdocument=true&openMode=false&documentId=1451558430895',''),('1451559926120','access','admin','/admin',NULL,'/admin/document/update/1451556536767','POST','editorValue=<p><span style=\"font-family: 微软雅黑, &#39;Microsoft YaHei&#39;;\">&nbsp;&nbsp;&nbsp;&nbsp;时沃网络科技是一家基于Ja&channelId=1451532049377&documentTemplete=aboutus.jsp&keyword=公司简介&geneTemplate=&sourceAddr=&recommend=false&assetsIds=&size=&id=1451556536767&content=<p><span style=\"font-family: 微软雅黑, &#39;Microsoft YaHei&#39;;\">&nbsp;&nbsp;&nbsp;&nbsp;时沃网络科技是一家基于Ja&author=&title=公司简介&source=&color=&titleImage=&mGeneTemplate=&hidden=true&priority=&fileAddr=&fileName=&contentShort=    时沃网络科技是一家基于Java开发面向中小企业的高新科技公司，时沃人不懈奋斗，努力开拓，服务于客户，立足于为客户创造价值，致力于为企业提供优质的网站服务，微信公众号开发服务，软件应用，移动Ap',''),('1451561001088','access','admin','/admin',NULL,'/admin/channel/create','POST','descrition=&parentIds=1451532049377,1451555062363&sort=&keyword=&image=&code=testwee&parentId=1451555062363&linkAddr=channel/aboutus/contactus/testwee&hidden=false&name=test&channelTemplete=&openMode=false&asdocument=false&documentId=',''),('1451636075180','access','admin','/admin',NULL,'/admin/channel/create','POST','descrition=efwfwf&parentIds=1451532049377,1451555062363&sort=&keyword=&image=&code=testa&parentId=1451555062363&linkAddr=channel/aboutus/contactus/testa&hidden=false&name=test1&channelTemplete=&openMode=false&asdocument=false&documentId=',''),('1451636108880','access','admin','/admin',NULL,'/admin/channel/create','POST','descrition=efwfwf&parentIds=1451532049377,1451555062363,1451561001022&sort=2&keyword=&image=&code=testaa&parentId=1451561001022&linkAddr=channel/aboutus/contactus/testwee/testaa&hidden=false&name=test11&channelTemplete=&openMode=false&asdocument=false&documentId=',''),('1451639667711','access','admin','/admin',NULL,'/admin/channel/deleteById','POST','idstring=1451539335929,1451539451600,1451539499355,1451539571837',''),('1451639824032','access','admin','/admin',NULL,'/admin/channel/create','POST','descrition=JCINCMS是集简单、健壮、灵活、安全几大特点的内容管理系统，目前已经有超过三十万个站点正在使用&parentIds=1451531199872&sort=&keyword=Java，JCINCMS，产品&image=&code=summary&parentId=1451531199872&linkAddr=channel/product/summary&hidden=false&name=产品概述&channelTemplete=&openMode=false&asdocument=false&documentId=',''),('1451639886546','access','admin','/admin',NULL,'/admin/channel/create','POST','descrition=JCINCMS是集简单、健壮、灵活、安全几大特点的内容管理系统，目前已经有超过三十万个站点正在使用&parentIds=1451531199872&sort=1&keyword=Java，JCINCMS，产品特性，免费&image=&code=property&parentId=1451531199872&linkAddr=channel/product/property&hidden=false&name=产品特性&channelTemplete=&openMode=false&asdocument=false&documentId=',''),('1451639970324','access','admin','/admin',NULL,'/admin/channel/create','POST','descrition=JCINCMS是集简单、健壮、灵活、安全几大特点的内容管理系统，目前已经有超过三十万个站点正在使用&parentIds=1451531199872&sort=&keyword=Java，JCINCMS，运行环境，免费&image=&code=environment&parentId=1451531199872&linkAddr=channel/product/environment&hidden=false&name=运行环境&channelTemplete=&openMode=false&asdocument=false&documentId=',''),('1451640151452','access','admin','/admin',NULL,'/admin/channel/create','POST','descrition=JCINCMS是集简单、健壮、灵活、安全几大特点的内容管理系统，目前已经有超过三十万个站点正在使用&parentIds=1451531199872&sort=&keyword=Java，JCINCMS，产品体验，免费&image=&code=experience&parentId=1451531199872&linkAddr=channel/product/experience&hidden=false&name=产品体验&channelTemplete=&openMode=false&asdocument=false&documentId=',''),('1451640184115','access','admin','/admin',NULL,'/admin/channel/deleteById','POST','idstring=1451561001022,1451636074949',''),('1451640425356','access','admin','/admin',NULL,'/admin/document/update/1451556536767','POST','editorValue=<p><span style=\"font-family: 微软雅黑, &#39;Microsoft YaHei&#39;;\">&nbsp;&nbsp;&nbsp;&nbsp;时沃网络科技是一家基于Ja&channelId=1451532049377&documentTemplete=aboutus.jsp&keyword=公司简介&geneTemplate=&sourceAddr=&recommend=false&assetsIds=&size=&content=<p><span style=\"font-family: 微软雅黑, &#39;Microsoft YaHei&#39;;\">&nbsp;&nbsp;&nbsp;&nbsp;时沃网络科技是一家基于Ja&id=1451556536767&author=&title=公司简介&source=&color=&titleImage=&hidden=true&mGeneTemplate=&priority=&fileAddr=&fileName=&contentShort=    时沃网络科技是一家基于Java开发面向中小企业的高新科技公司，我们不懈奋斗，努力开拓，服务于客户，立足于为客户创造价值，致力于为企业提供优质的网站服务，微信公众号开发服务，软件应用，移动App',''),('1451641173333','access','admin','/admin',NULL,'/admin/document/create','POST','editorValue=<p><span style=\"font-family: 微软雅黑, &#39;Microsoft YaHei&#39;;\">&nbsp;&nbsp;&nbsp;&nbsp;公司本部设置在广州，在其它&channelId=1451555208927&documentTemplete=&keyword=timeswo时沃,服务网络&geneTemplate=&sourceAddr=&recommend=false&assetsIds=&size=&content=<p><span style=\"font-family: 微软雅黑, &#39;Microsoft YaHei&#39;;\">&nbsp;&nbsp;&nbsp;&nbsp;公司本部设置在广州，在其它&author=&title=服务网络&source=&titleImage=&color=&mGeneTemplate=&hidden=true&priority=&fileAddr=&fileName=&contentShort=    公司本部设置在广州，在其它若干城市也设有业务代表，欢迎联系我们。    上海——业务代表：何先生 电话：192 1730 0512    广州——业务代表：黄先生 电话：158 7532 70',''),('1451641276561','access','admin','/admin',NULL,'/admin/document/update/1451641173216','POST','editorValue=<p><span style=\"font-family: 微软雅黑, &#39;Microsoft YaHei&#39;;\">&nbsp;&nbsp;&nbsp;&nbsp;公司本部设置在广州，在其它&channelId=1451555208927&documentTemplete=servicenet.jsp&keyword=timeswo时沃,服务网络&geneTemplate=&sourceAddr=&recommend=false&assetsIds=&size=&content=<p><span style=\"font-family: 微软雅黑, &#39;Microsoft YaHei&#39;;\">&nbsp;&nbsp;&nbsp;&nbsp;公司本部设置在广州，在其它&id=1451641173216&author=&title=服务网络&source=&color=&titleImage=&hidden=true&mGeneTemplate=&priority=&fileAddr=&fileName=&contentShort=    公司本部设置在广州，在其它若干城市也设有业务代表，欢迎联系我们。    上海——业务代表：何先生 电话：192 1730 0512    广州——业务代表：黄先生 电话：158 7532 70',''),('1451641336745','access','admin','/admin',NULL,'/admin/channel/update/1451555208927','POST','descrition=JCINCMS是集简单、健壮、灵活、开源几大特点的开源内容管理系统,目前占领了国内开源CMS的大部份市场，目前已经有超过三十万个站点正在使用是&parentIds=1451532049377&sort=2&keyword=服务网络,service&image=&code=servicenet&id=1451555208927&parentId=1451532049377&linkAddr=channel/aboutus/servicenet&hidden=false&name=服务网络&openMode=false&asdocument=true&documentId=1451641173216',''),('1451641746834','access','admin','/admin',NULL,'/admin/document/update/1451641173216','POST','editorValue=<p><span style=\"font-family: 微软雅黑, &#39;Microsoft YaHei&#39;;\">&nbsp;&nbsp;&nbsp;&nbsp;公司本部设置在广州，在其它&channelId=1451555208927&keyword=timeswo时沃,服务网络&documentTemplete=aboutus.jsp&geneTemplate=&sourceAddr=&recommend=false&assetsIds=&size=&id=1451641173216&content=<p><span style=\"font-family: 微软雅黑, &#39;Microsoft YaHei&#39;;\">&nbsp;&nbsp;&nbsp;&nbsp;公司本部设置在广州，在其它&author=&title=服务网络&source=&color=&titleImage=&hidden=true&mGeneTemplate=&priority=&fileAddr=&fileName=&contentShort=    公司本部设置在广州，在其它若干城市也设有业务代表，欢迎联系我们。    上海——业务代表：何先生 电话：192 1730 0512    广州——业务代表：黄先生 电话：158 7532 70',''),('1451641894711','access','admin','/admin',NULL,'/admin/document/create','POST','editorValue=<p style=\"margin: 0px 10px 20px 30px; padding: 0px; line-height: 22px; font-family: Arial, Helvetica&channelId=1451555062363&documentTemplete=aboutus.jsp&keyword=联系我们&geneTemplate=&sourceAddr=&recommend=false&assetsIds=&size=&content=<p style=\"margin: 0px 10px 20px 30px; padding: 0px; line-height: 22px; font-family: Arial, Helvetica&author=&title=联系我们&source=&titleImage=&color=&mGeneTemplate=&hidden=true&priority=&fileAddr=&fileName=&contentShort=新开普电子股份有限公司地址：郑州市高新技术产业开发区迎春街18号全国统一服务热线：4006 300248销售热线电话：4006300248转1售后服务热线传真：0371-56599840工程维修热线电',''),('1451641949727','access','admin','/admin',NULL,'/admin/channel/update/1451555062363','POST','descrition=联系我们,contactus&parentIds=1451532049377&sort=1&keyword=联系我们,contactus&image=&code=contactus&id=1451555062363&parentId=1451532049377&linkAddr=channel/aboutus/contactus&hidden=false&name=联系我们&openMode=false&asdocument=true&documentId=1451641894582',''),('1451642029130','access','admin','/admin',NULL,'/admin/document/create','POST','editorValue=<p style=\"margin: 0px 10px 20px 30px; padding: 0px; line-height: 22px; font-family: Arial, Helvetica&channelId=1451555062363&documentTemplete=aboutus.jsp&keyword=联系我们&geneTemplate=&sourceAddr=&recommend=false&assetsIds=&size=&content=<p style=\"margin: 0px 10px 20px 30px; padding: 0px; line-height: 22px; font-family: Arial, Helvetica&author=&title=联系我们&source=&titleImage=&color=&mGeneTemplate=&hidden=true&priority=&fileAddr=&fileName=&contentShort=新开普电子股份有限公司地址：郑州市高新技术产业开发区迎春街18号全国统一服务热线：4006 300248销售热线电话：4006300248转1售后服务热线传真：0371-56599840工程维修热线电',''),('1451642048561','access','admin','/admin',NULL,'/admin/document/deleteById','POST','idstring=1451642029051',''),('1451642071497','access','admin','/admin',NULL,'/admin/document/update/1451641894582','POST','editorValue=<p style=\"margin: 0px 10px 20px 30px; padding: 0px; line-height: 22px; font-family: Arial, Helvetica&channelId=1451555062363&documentTemplete=aboutus.jsp&keyword=联系我们&geneTemplate=&sourceAddr=&recommend=false&assetsIds=&size=&id=1451641894582&content=<p style=\"margin: 0px 10px 20px 30px; padding: 0px; line-height: 22px; font-family: Arial, Helvetica&author=&title=联系我们&source=&color=&titleImage=&mGeneTemplate=&hidden=true&priority=&fileAddr=&fileName=&contentShort=新开普电子股份有限公司地址：郑州市高新技术产业开发区迎春街18号全国统一服务热线：4006 300248销售热线电话：4006300248转1售后服务热线传真：0371-56599840工程维修热线电',''),('1451642107642','access','admin','/admin',NULL,'/admin/document/update/1451641894582','POST','editorValue=<p style=\"margin: 0px 10px 20px 30px; padding: 0px; line-height: 22px; font-family: Arial, Helvetica&channelId=1451555062363&documentTemplete=aboutus.jsp&keyword=联系我们&geneTemplate=&sourceAddr=&recommend=false&assetsIds=&size=&id=1451641894582&content=<p style=\"margin: 0px 10px 20px 30px; padding: 0px; line-height: 22px; font-family: Arial, Helvetica&author=&title=联系我们&source=&color=&titleImage=&mGeneTemplate=&hidden=true&priority=&fileAddr=&fileName=&contentShort=新开普电子股份有限公司地址：郑州市高新技术产业开发区迎春街18号全国统一服务热线：4006 300248销售热线电话：4006300248转1售后服务热线传真：0371-56599840工程维修热线电',''),('1451642283949','access','admin','/admin',NULL,'/admin/document/create','POST','editorValue=<p><span style=\"font-family: 微软雅黑, &#39;Microsoft YaHei&#39;;\">我们的<span style=\"font-family: 微软雅黑, &#&channelId=1451555446829&documentTemplete=aboutus.jsp&keyword=&geneTemplate=&sourceAddr=&recommend=false&assetsIds=&size=&content=<p><span style=\"font-family: 微软雅黑, &#39;Microsoft YaHei&#39;;\">我们的<span style=\"font-family: 微软雅黑, &#&author=&title=企业文化&source=&titleImage=&color=&mGeneTemplate=&hidden=true&priority=&fileAddr=&fileName=&contentShort=我们的宗旨为用户服务，我们能做的更好！我们的核心价值观以人为本、共同成长鼓励创新、注重细节关注过程、重视结果 我们的文化诚实与公平尊重与关心个人团队合作、良好沟通',''),('1451642306263','access','admin','/admin',NULL,'/admin/channel/update/1451555446829','POST','descrition=JCINCMS是集简单、健壮、灵活、开源几大特点的开源内容管理系统,目前占领了国内开源CMS的大部份市场，目前已经有超过三十万个站点正在使用&parentIds=1451532049377&sort=3&keyword=企业文化&image=&code=culture&id=1451555446829&parentId=1451532049377&linkAddr=channel/aboutus/culture&hidden=false&name=企业文化&openMode=false&asdocument=true&documentId=1451642283835',''),('1451900766830','access','admin','/admin',NULL,'/admin/document/update/1451556536767','POST','editorValue=<p><span style=\"font-family: 微软雅黑, &#39;Microsoft YaHei&#39;;\">&nbsp;&nbsp;&nbsp;&nbsp;时沃网络科技是一家基于Ja&channelId=1451532049377&documentTemplete=zhiwo-aboutus.jsp&keyword=公司简介&geneTemplate=&sourceAddr=&recommend=false&assetsIds=&size=&content=<p><span style=\"font-family: 微软雅黑, &#39;Microsoft YaHei&#39;;\">&nbsp;&nbsp;&nbsp;&nbsp;时沃网络科技是一家基于Ja&id=1451556536767&author=&title=公司简介&source=&color=&titleImage=&hidden=true&mGeneTemplate=&priority=&fileAddr=&fileName=&contentShort=    时沃网络科技是一家基于Java开发面向中小企业的高新科技公司，我们不懈奋斗，努力开拓，服务于客户，立足于为客户创造价值，致力于为企业提供优质的网站服务，微信公众号开发服务，软件应用，移动App',''),('1451900888236','access','admin','/admin',NULL,'/admin/document/update/1451556536767','POST','editorValue=<p><span style=\"font-family: 微软雅黑, &#39;Microsoft YaHei&#39;;\"></span></p><p style=\"margin: 10px; pa&channelId=1451532049377&documentTemplete=zhiwo-aboutus.jsp&keyword=公司简介&geneTemplate=&sourceAddr=&recommend=false&assetsIds=&size=&content=<p><span style=\"font-family: 微软雅黑, &#39;Microsoft YaHei&#39;;\"></span></p><p style=\"margin: 10px; pa&id=1451556536767&author=&title=公司简介&source=&color=&titleImage=&hidden=true&mGeneTemplate=&priority=&fileAddr=&fileName=&contentShort=新开普电子股份有限公司2000年成立于郑州高新技术产业开发区，注册资本3,0209,4901元。公司专业致力于开发以智能卡及RFID技术为基础的各类行业应用解决方案,面向城市、校园、企事业以及银行和电',''),('1451960513994','access','admin','/admin',NULL,'/admin/channel/create','POST','descrition=&parentIds=1451532049377,1451555062363&sort=&keyword=&image=&code=testtest&parentId=1451555062363&linkAddr=channel/aboutus/contactus/testtest&hidden=false&name=test&channelTemplete=&openMode=false&asdocument=false&documentId=',''),('1451960542553','access','admin','/admin',NULL,'/admin/channel/create','POST','descrition=&parentIds=1451532049377,1451555062363,1451960513584&sort=1&keyword=&image=&code=testtestsdf&parentId=1451960513584&linkAddr=channel/aboutus/contactus/testtest/testtestsdf&hidden=false&name=test&channelTemplete=&openMode=false&asdocument=false&documentId=',''),('1451961380466','access','admin','/admin',NULL,'/admin/channel/create','POST','descrition=&parentIds=1451532049377,1451555062363,1451960513584,1451960542387&sort=&keyword=&image=&code=sdfsdfsfsdfsdf&parentId=1451960542387&linkAddr=channel/aboutus/contactus/testtest/testtestsdf/sdfsdfsfsdfsdf&hidden=false&name=fsdfas&channelTemplete=&openMode=false&asdocument=false&documentId=',''),('1451964665517','access','admin','/admin',NULL,'/admin/channel/deleteById','POST','idstring=1451960513584',''),('1451964723002','access','admin','/admin',NULL,'/admin/document/update/1451641173216','POST','editorValue=<p><span style=\"font-family: 微软雅黑, &#39;Microsoft YaHei&#39;;\">&nbsp;&nbsp;&nbsp;&nbsp;公司本部设置在广州，在其它&channelId=1451555208927&documentTemplete=zhiwo-aboutus.jsp&keyword=timeswo时沃,服务网络&geneTemplate=&sourceAddr=&recommend=false&assetsIds=&size=&content=<p><span style=\"font-family: 微软雅黑, &#39;Microsoft YaHei&#39;;\">&nbsp;&nbsp;&nbsp;&nbsp;公司本部设置在广州，在其它&id=1451641173216&author=&title=服务网络&source=&color=&titleImage=&hidden=true&mGeneTemplate=&priority=&fileAddr=&fileName=&contentShort=    公司本部设置在广州，在其它若干城市也设有业务代表，欢迎联系我们。    上海——业务代表：何先生 电话：192 1730 0512    广州——业务代表：黄先生 电话：158 7532 70',''),('1451964748386','access','admin','/admin',NULL,'/admin/document/update/1451641894582','POST','editorValue=<p style=\"margin: 0px 10px 20px 30px; padding: 0px; line-height: 22px; font-family: Arial, Helvetica&channelId=1451555062363&keyword=联系我们&documentTemplete=zhiwo-aboutus.jsp&geneTemplate=&sourceAddr=&recommend=false&assetsIds=&size=&id=1451641894582&content=<p style=\"margin: 0px 10px 20px 30px; padding: 0px; line-height: 22px; font-family: Arial, Helvetica&author=&title=联系我们&source=&color=&titleImage=&hidden=true&mGeneTemplate=&priority=&fileAddr=&fileName=&contentShort=新开普电子股份有限公司地址：郑州市高新技术产业开发区迎春街18号全国统一服务热线：4006 300248销售热线电话：4006300248转1售后服务热线传真：0371-56599840工程维修热线电',''),('1451964773838','access','admin','/admin',NULL,'/admin/document/update/1451642283835','POST','editorValue=<p><span style=\"font-family: 微软雅黑, &#39;Microsoft YaHei&#39;;\">我们的<span style=\"font-family: 微软雅黑, &#&channelId=1451555446829&documentTemplete=zhiwo-aboutus.jsp&keyword=&geneTemplate=&sourceAddr=&recommend=false&assetsIds=&size=&content=<p><span style=\"font-family: 微软雅黑, &#39;Microsoft YaHei&#39;;\">我们的<span style=\"font-family: 微软雅黑, &#&id=1451642283835&author=&title=企业文化&source=&color=&titleImage=&hidden=true&mGeneTemplate=&priority=&fileAddr=&fileName=&contentShort=我们的宗旨为用户服务，我们能做的更好！我们的核心价值观以人为本、共同成长鼓励创新、注重细节关注过程、重视结果 我们的文化诚实与公平尊重与关心个人团队合作、良好沟通',''),('1451966072877','access','admin','/admin',NULL,'/admin/channel/update/1451532077867','POST','descrition=JCINCMSCMS是基于Java集成spring，mybatis开发的一款内容管理系统，有着高效，安全，简单，易用等特点&parentIds=&sort=1&keyword=JCINCMS,Java,开源免费,安全&image=&code=news&id=1451532077867&parentId=&linkAddr=channel/news&hidden=false&name=新闻中心&channelTemplete=&openMode=false&asdocument=false&documentId=',''),('1451966784902','access','admin','/admin',NULL,'/admin/channel/update/1451532077867','POST','descrition=JCINCMSCMS是基于Java集成spring，mybatis开发的一款内容管理系统，有着高效，安全，简单，易用等特点&parentIds=&sort=1&keyword=JCINCMS,Java,开源免费,安全&image=&code=news&id=1451532077867&parentId=&linkAddr=channel/news&hidden=false&name=新闻中心&channelTemplete=zhiwo-newscenter.jsp&openMode=false&asdocument=false&documentId=',''),('1451967078788','access','admin','/admin',NULL,'/admin/document/create','POST','editorValue=<p>2015年12月23日16:00，新开普电子股份有限公司与郑州升达经贸管理学院“人才服务校企合作战略协议“签约授牌仪式在郑州升达经贸管理学院隆重举行。</p><p><br/></p><p><br&channelId=1451532077867&documentTemplete=&keyword=&geneTemplate=&sourceAddr=&recommend=false&assetsIds=&size=&content=<p>2015年12月23日16:00，新开普电子股份有限公司与郑州升达经贸管理学院“人才服务校企合作战略协议“签约授牌仪式在郑州升达经贸管理学院隆重举行。</p><p><br/></p><p><br&author=&title=新开普＆郑州升达学院签订校企合作战略协议&source=&titleImage=&color=&mGeneTemplate=&hidden=true&priority=&fileAddr=&fileName=&contentShort=2015年12月23日16:00，新开普电子股份有限公司与郑州升达经贸管理学院“人才服务校企合作战略协议“签约授牌仪式在郑州升达经贸管理学院隆重举行。新开普电子股份有限公司董事长杨维国，郑州升达经贸管',''),('1451967105480','access','admin','/admin',NULL,'/admin/document/create','POST','editorValue=<p>2015年12月23日16:00，新开普电子股份有限公司与郑州升达经贸管理学院“人才服务校企合作战略协议“签约授牌仪式在郑州升达经贸管理学院隆重举行。</p><p><br/></p><p><br&channelId=1451532077867&documentTemplete=&keyword=&geneTemplate=&sourceAddr=&recommend=false&assetsIds=&size=&content=<p>2015年12月23日16:00，新开普电子股份有限公司与郑州升达经贸管理学院“人才服务校企合作战略协议“签约授牌仪式在郑州升达经贸管理学院隆重举行。</p><p><br/></p><p><br&author=&title=新开普＆郑州升达学院签订校企合作战略协议&source=&titleImage=&color=&mGeneTemplate=&hidden=true&priority=&fileAddr=&fileName=&contentShort=2015年12月23日16:00，新开普电子股份有限公司与郑州升达经贸管理学院“人才服务校企合作战略协议“签约授牌仪式在郑州升达经贸管理学院隆重举行。新开普电子股份有限公司董事长杨维国，郑州升达经贸管',''),('1451967111321','access','admin','/admin',NULL,'/admin/document/create','POST','editorValue=<p>2015年12月23日16:00，新开普电子股份有限公司与郑州升达经贸管理学院“人才服务校企合作战略协议“签约授牌仪式在郑州升达经贸管理学院隆重举行。</p><p><br/></p><p><br&channelId=1451532077867&documentTemplete=&keyword=&geneTemplate=&sourceAddr=&recommend=false&assetsIds=&size=&content=<p>2015年12月23日16:00，新开普电子股份有限公司与郑州升达经贸管理学院“人才服务校企合作战略协议“签约授牌仪式在郑州升达经贸管理学院隆重举行。</p><p><br/></p><p><br&author=&title=新开普＆郑州升达学院签订校企合作战略协议&source=&titleImage=&color=&mGeneTemplate=&hidden=true&priority=&fileAddr=&fileName=&contentShort=2015年12月23日16:00，新开普电子股份有限公司与郑州升达经贸管理学院“人才服务校企合作战略协议“签约授牌仪式在郑州升达经贸管理学院隆重举行。新开普电子股份有限公司董事长杨维国，郑州升达经贸管',''),('1451967608542','access','admin','/admin',NULL,'/admin/document/deleteById','POST','idstring=1451967111142,1451967105375',''),('1451967622826','access','admin','/admin',NULL,'/admin/document/update/1451967078595','POST','editorValue=<p>2015年12月23日16:00，新开普电子股份有限公司与郑州升达经贸管理学院“人才服务校企合作战略协议“签约授牌仪式在郑州升达经贸管理学院隆重举行。</p><p><br/></p><p><br&channelId=1451532077867&documentTemplete=zhiwo-newsdoc.jsp&keyword=&geneTemplate=&sourceAddr=&recommend=false&assetsIds=&size=&id=1451967078595&content=<p>2015年12月23日16:00，新开普电子股份有限公司与郑州升达经贸管理学院“人才服务校企合作战略协议“签约授牌仪式在郑州升达经贸管理学院隆重举行。</p><p><br/></p><p><br&author=&title=新开普＆郑州升达学院签订校企合作战略协议&source=&color=&titleImage=&mGeneTemplate=&hidden=true&priority=&fileAddr=&fileName=&contentShort=2015年12月23日16:00，新开普电子股份有限公司与郑州升达经贸管理学院“人才服务校企合作战略协议“签约授牌仪式在郑州升达经贸管理学院隆重举行。新开普电子股份有限公司董事长杨维国，郑州升达经贸管',''),('1451968489115','access','admin','/admin',NULL,'/admin/document/create','POST','editorValue=<p>时代发生的发生发生后啥水电费是时代发生的发生发生大火睡得回答睡得</p>&channelId=1451532077867&documentTemplete=&keyword=&geneTemplate=&sourceAddr=&recommend=false&assetsIds=&size=&content=<p>时代发生的发生发生后啥水电费是时代发生的发生发生大火睡得回答睡得</p>&author= 发生的发生的发生的&title=发生大火&source=&titleImage=&color=&mGeneTemplate=&hidden=true&priority=&fileAddr=&fileName=&contentShort=时代发生的发生发生后啥水电费是时代发生的发生发生大火睡得回答睡得',''),('1451968501564','access','admin','/admin',NULL,'/admin/document/create','POST','editorValue=<p>时代发生的发生发生后啥水电费是时代发生的发生发生大火睡得回答睡得</p>&channelId=1451532077867&documentTemplete=zhiwo-newsdoc.jsp&keyword=&geneTemplate=&sourceAddr=&recommend=false&assetsIds=&size=&content=<p>时代发生的发生发生后啥水电费是时代发生的发生发生大火睡得回答睡得</p>&author=发生的发生的发生的&title=发生大火&source=&titleImage=&color=&mGeneTemplate=&hidden=true&priority=&fileAddr=&fileName=&contentShort=时代发生的发生发生后啥水电费是时代发生的发生发生大火睡得回答睡得',''),('1451968516465','access','admin','/admin',NULL,'/admin/document/deleteById','POST','idstring=1451968489039',''),('1452135656510','access','admin','/admin',NULL,'/admin/channel/create','POST','descrition=&parentIds=1451554883394&sort=&keyword=&image=&code=zhiwojobs&parentId=1451554883394&linkAddr=channel/hire&hidden=false&name=智沃招聘&channelTemplete=&openMode=false&asdocument=false&documentId=',''),('1452135929254','access','admin','/admin',NULL,'/admin/channel/update/1451554883394','POST','descrition=JCINCMS,公司因业务拓展需要招聘Java以及页面设计师&parentIds=&sort=1&keyword=招聘,jobs&image=&code=jobs&id=1451554883394&parentId=&linkAddr=channel/jobs&hidden=false&name=招聘&channelTemplete=zhiwo-channel.jsp&asdocument=false&openMode=false&documentId=',''),('1452136003122','access','admin','/admin',NULL,'/admin/document/update/1451558430895','POST','editorValue=<p style=\"line-height: normal;\"><span style=\"font-family: 微软雅黑, &#39;Microsoft YaHei&#39;; font-size&channelId=1452135656248&documentTemplete=zhiwo-doc.jsp&keyword=&geneTemplate=&sourceAddr=&recommend=false&assetsIds=&size=&content=<p style=\"line-height: normal;\"><span style=\"font-family: 微软雅黑, &#39;Microsoft YaHei&#39;; font-size&id=1451558430895&author=&title=java招聘&source=&color=&titleImage=&hidden=true&mGeneTemplate=&priority=&fileAddr=&fileName=&contentShort=业务人员岗位职责和要求：1、善于沟通，把握客户需求；2、思维严谨，工作目标明确，抗压能力强；3、有计算机行业背景堪佳；Java高级开发工程师岗位职责和要求：1、计算机软件相关专业，本科及以上学历；2、',''),('1452136088472','access','admin','/admin',NULL,'/admin/channel/update/1452135656248','POST','descrition=&parentIds=1451554883394&sort=1&keyword=&image=&code=zhiwojobs&id=1452135656248&parentId=1451554883394&linkAddr=channel/jobs/zhiwojobs&hidden=false&name=智沃招聘&openMode=false&asdocument=true&documentId=1451558430895',''),('1452136165406','access','admin','/admin',NULL,'/admin/channel/update/1452135656248','POST','descrition=&parentIds=1451554883394&sort=1&keyword=&image=&code=zhiwojobs&id=1452135656248&parentId=1451554883394&linkAddr=channel/jobs&hidden=false&name=智沃招聘&channelTemplete=&asdocument=true&openMode=false&documentId=1451558430895',''),('1452136194020','access','admin','/admin',NULL,'/admin/channel/update/1452135656248','POST','descrition=&parentIds=1451554883394&sort=1&keyword=&image=&code=zhiwojobs&id=1452135656248&parentId=1451554883394&linkAddr=channel/jobs&hidden=false&name=智沃招聘&channelTemplete=&asdocument=false&openMode=false&documentId=',''),('1452137766148','access','admin','/admin',NULL,'/admin/document/update/1451968501462','POST','editorValue=<p>时代发生的发生发生后啥水电费是时代发生的发生发生大火睡得回答睡得</p>&channelId=1451539099301&documentTemplete=&keyword=&geneTemplate=&sourceAddr=&recommend=false&assetsIds=&size=&id=1451968501462&content=<p>时代发生的发生发生后啥水电费是时代发生的发生发生大火睡得回答睡得</p>&author=发生的发生的发生的&title=发生大火&source=&color=&titleImage=&mGeneTemplate=&hidden=true&priority=&fileAddr=&fileName=&contentShort=时代发生的发生发生后啥水电费是时代发生的发生发生大火睡得回答睡得',''),('1452139446211','access','admin','/admin',NULL,'/admin/document/update/1451968501462','POST','editorValue=<p style=\"margin: 10px; padding: 0px; line-height: 27px; text-indent: 2em; font-size: 13px; color: r&channelId=1451539099301&documentTemplete=&keyword=&geneTemplate=&sourceAddr=&recommend=false&assetsIds=&size=&content=<p style=\"margin: 10px; padding: 0px; line-height: 27px; text-indent: 2em; font-size: 13px; color: r&id=1451968501462&author=发生的发生的发生的&title=发生大火&source=&color=&titleImage=&hidden=true&mGeneTemplate=&priority=&fileAddr=&fileName=&contentShort=新开普电子股份有限公司2000年成立于郑州高新技术产业开发区，注册资本3,0209,4901元。公司专业致力于开发以智能卡及RFID技术为基础的各类行业应用解决方案,面向城市、校园、企事业以及银行和电',''),('1452139983652','access','admin','/admin',NULL,'/admin/document/update/1451556536767','POST','editorValue=<p style=\"margin: 10px; padding: 0px; line-height: 27px; text-indent: 2em; font-size: 13px; color: r&channelId=1451532049377&documentTemplete=zhiwo-aboutus.jsp&keyword=公司简介&geneTemplate=&sourceAddr=&recommend=false&assetsIds=&size=&content=<p style=\"margin: 10px; padding: 0px; line-height: 27px; text-indent: 2em; font-size: 13px; color: r&id=1451556536767&author=&title=公司简介&source=&color=&titleImage=&hidden=true&mGeneTemplate=&priority=&fileAddr=&fileName=&contentShort=新开普电子股份有限公司2000年成立于郑州高新技术产业开发区，注册资本3,0209,4901元。公司专业致力于开发以智能卡及RFID技术为基础的各类行业应用解决方案,面向城市、校园、企事业以及银行和电',''),('1452140029692','access','admin','/admin',NULL,'/admin/document/update/1451556536767','POST','editorValue=<p style=\"margin: 10px; padding: 0px; line-height: 27px; text-indent: 2em; font-size: 13px; color: r&channelId=1451532049377&documentTemplete=zhiwo-aboutus.jsp&keyword=公司简介&geneTemplate=&sourceAddr=&recommend=false&assetsIds=&size=&id=1451556536767&content=<p style=\"margin: 10px; padding: 0px; line-height: 27px; text-indent: 2em; font-size: 13px; color: r&author=&title=公司简介&source=&color=&titleImage=&mGeneTemplate=&hidden=true&priority=&fileAddr=&fileName=&contentShort=新开普电子股份有限公司2000年成立于郑州高新技术产业开发区，注册资本3,0209,4901元。公司专业致力于开发以智能卡及RFID技术为基础的各类行业应用解决方案,面向城市、校园、企事业以及银行和电',''),('1452140243955','access','admin','/admin',NULL,'/admin/document/update/1451556536767','POST','editorValue=<p style=\"margin: 10px; padding: 0px; line-height: 27px; text-indent: 2em; font-size: 13px; color: r&channelId=1451532049377&documentTemplete=zhiwo-aboutus.jsp&keyword=公司简介&geneTemplate=&sourceAddr=&recommend=false&assetsIds=&size=&id=1451556536767&content=<p style=\"margin: 10px; padding: 0px; line-height: 27px; text-indent: 2em; font-size: 13px; color: r&author=&title=公司简介&source=&color=&titleImage=&mGeneTemplate=&hidden=true&priority=&fileAddr=&fileName=&contentShort=新开普电子股份有限公司2000年成立于郑州高新技术产业开发区，注册资本3,0209,4901元。公司专业致力于开发以智能卡及RFID技术为基础的各类行业应用解决方案,面向城市、校园、企事业以及银行和电',''),('1452140727754','access','admin','/admin',NULL,'/admin/document/create','POST','editorValue=<p style=\"margin: 10px; padding: 0px; line-height: 27px; text-indent: 2em; font-size: 13px; color: r&channelId=1451532077867&documentTemplete=zhiwo-doc.jsp&keyword=&geneTemplate=&sourceAddr=&recommend=false&assetsIds=&size=&content=<p style=\"margin: 10px; padding: 0px; line-height: 27px; text-indent: 2em; font-size: 13px; color: r&author=&title=简讯：我公司又一批软件产品被认定为《优秀软件产品》&source=&titleImage=&color=&mGeneTemplate=&hidden=true&priority=&fileAddr=&fileName=&contentShort=近日，河南省软件服务业协会发布了“关于表彰2014年度河南省软件服务业优秀软件企业、优秀软件产品的通知（豫软服协【2015】02号）”，我公司4项产品被评为《2014年度优秀软件产品》：新开普R108',''),('1452140840861','access','admin','/admin',NULL,'/admin/document/create','POST','editorValue=<p style=\"margin: 10px; padding: 0px; line-height: 27px; text-indent: 2em; font-size: 13px; color: r&channelId=1451532077867&documentTemplete=zhiwo-newsdoc.jsp&keyword=&geneTemplate=&sourceAddr=&recommend=false&assetsIds=&size=&content=<p style=\"margin: 10px; padding: 0px; line-height: 27px; text-indent: 2em; font-size: 13px; color: r&author=&title=简讯：我公司又一批软件产品被认定为《优秀软件产品》&source=&titleImage=&color=&mGeneTemplate=&hidden=true&priority=&fileAddr=&fileName=&contentShort=近日，河南省软件服务业协会发布了“关于表彰2014年度河南省软件服务业优秀软件企业、优秀软件产品的通知（豫软服协【2015】02号）”，我公司4项产品被评为《2014年度优秀软件产品》：新开普R108',''),('1452140896777','access','admin','/admin',NULL,'/admin/document/update/1452140727593','POST','editorValue=<p style=\"margin: 10px; padding: 0px; line-height: 27px; text-indent: 2em; font-size: 13px; color: r&channelId=1451532077867&documentTemplete=zhiwo-newsdoc.jsp&keyword=&geneTemplate=&sourceAddr=&recommend=false&assetsIds=&size=&content=<p style=\"margin: 10px; padding: 0px; line-height: 27px; text-indent: 2em; font-size: 13px; color: r&id=1452140727593&author=&title=简讯：我公司又一批软件产品被认定为《优秀软件产品》&source=&color=&titleImage=&hidden=true&mGeneTemplate=&priority=&fileAddr=&fileName=&contentShort=近日，河南省软件服务业协会发布了“关于表彰2014年度河南省软件服务业优秀软件企业、优秀软件产品的通知（豫软服协【2015】02号）”，我公司4项产品被评为《2014年度优秀软件产品》：新开普R108',''),('1452141171995','access','admin','/admin',NULL,'/admin/document/update/1451642283835','POST','editorValue=<p style=\"text-align: left;\"><span style=\"font-family: 微软雅黑, &#39;Microsoft YaHei&#39;;\">我们的<span st&channelId=1451555446829&documentTemplete=zhiwo-aboutus.jsp&keyword=&geneTemplate=&sourceAddr=&recommend=false&assetsIds=&size=&id=1451642283835&content=<p style=\"text-align: left;\"><span style=\"font-family: 微软雅黑, &#39;Microsoft YaHei&#39;;\">我们的<span st&author=&title=企业文化&source=&color=&titleImage=&mGeneTemplate=&hidden=true&priority=&fileAddr=&fileName=&contentShort=我们的宗旨为用户服务，我们能做的更好！我们的核心价值观以人为本、共同成长鼓励创新、注重细节关注过程、重视结果 我们的文化诚实与公平尊重与关心个人团队合作、良好沟通',''),('1452141461505','access','admin','/admin',NULL,'/admin/document/update/1452140840800','POST','editorValue=<p style=\"margin: 10px; padding: 0px; line-height: 27px; text-indent: 0em; font-size: 13px; color: r&channelId=1451532077867&documentTemplete=zhiwo-newsdoc.jsp&keyword=&geneTemplate=&sourceAddr=&recommend=false&assetsIds=&size=&id=1452140840800&content=<p style=\"margin: 10px; padding: 0px; line-height: 27px; text-indent: 0em; font-size: 13px; color: r&author=&title=简讯：我公司又一批软件产品被认定为《优秀软件产品》&source=&color=&titleImage=&mGeneTemplate=&hidden=true&priority=&fileAddr=&fileName=&contentShort=近日，河南省软件服务业协会发布了“关于表彰2014年度河南省软件服务业优秀软件企业、优秀软件产品的通知（豫软服协【2015】02号）”，我公司4项产品被评为《2014年度优秀软件产品》：新开普R108',''),('1452141487622','access','admin','/admin',NULL,'/admin/document/update/1452140727593','POST','editorValue=<p style=\"margin: 10px; padding: 0px; line-height: 27px; text-indent: 0em; font-size: 13px; color: r&channelId=1451532077867&documentTemplete=zhiwo-newsdoc.jsp&keyword=&geneTemplate=&sourceAddr=&recommend=false&assetsIds=&size=&id=1452140727593&content=<p style=\"margin: 10px; padding: 0px; line-height: 27px; text-indent: 0em; font-size: 13px; color: r&author=&title=简讯：我公司又一批软件产品被认定为《优秀软件产品》&source=&color=&titleImage=&mGeneTemplate=&hidden=true&priority=&fileAddr=&fileName=&contentShort=近日，河南省软件服务业协会发布了“关于表彰2014年度河南省软件服务业优秀软件企业、优秀软件产品的通知（豫软服协【2015】02号）”，我公司4项产品被评为《2014年度优秀软件产品》：新开普R108',''),('1452141552733','access','admin','/admin',NULL,'/admin/document/update/1452140727593','POST','editorValue=<p style=\"margin: 10px; padding: 0px; line-height: 27px; text-indent: 0em; font-size: 13px; color: r&channelId=1451532077867&documentTemplete=zhiwo-newsdoc.jsp&keyword=&geneTemplate=&sourceAddr=&recommend=false&assetsIds=&size=&id=1452140727593&content=<p style=\"margin: 10px; padding: 0px; line-height: 27px; text-indent: 0em; font-size: 13px; color: r&author=&title=简讯：我公司又一批软件产品被认定为《优秀软件产品》&source=&color=&titleImage=&mGeneTemplate=&hidden=true&priority=&fileAddr=&fileName=&contentShort=近日，河南省软件服务业协会发布了“关于表彰2014年度河南省软件服务业优秀软件企业、优秀软件产品的通知（豫软服协【2015】02号）”，我公司4项产品被评为《2014年度优秀软件产品》：新开普R108',''),('1452222963276','access','admin','/admin',NULL,'/admin/document/create','POST','fileName=&color=&hidden=true&contentShort=DedeCMS内容管理系统软件简介欢迎使用国内最专业的PHP网站内容管理系统-织梦内容管理系统，他将是您轻松建站的首选利器。采用XML名字空间风格核心模板：模板全部使用文件形式保存，对用户设计模板、网&assetsIds=&author=&recommend=false&source=&title=产品介绍&priority=&content=<h2 style=\"margin: 0px; padding: 0px; font-size: 12px; line-height: 22px; color: rgb(11, 102, 168); &editorValue=<h2 style=\"margin: 0px; padding: 0px; font-size: 12px; line-height: 22px; color: rgb(11, 102, 168); &mGeneTemplate=&titleImage=&documentTemplete=zhiwo-product.jsp&fileAddr=&size=&geneTemplate=&sourceAddr=&keyword=产品介绍&channelId=1451531199872',''),('1452223036256','access','admin','/admin',NULL,'/admin/channel/update/1451531199872','POST','id=1451531199872&parentIds=&documentId=1452222962997&parentId=&name=产品&code=product&keyword=product,timeswo,cms,java,jsp,开源免费&linkAddr=channel/product&openMode=false&hidden=false&asdocument=true&descrition=JCINCMS是集简单、健壮、灵活、开源几大特点的开源内容管理系统,目前占领了国内开源CMS的大部份市场，目前已经有超过三十万个站点正在使用是&sort=1&image=',''),('1452223145320','access','admin','/admin',NULL,'/admin/document/create','POST','fileName=&color=&hidden=true&contentShort=DedeCMS内容管理系统软件简介欢迎使用国内最专业的PHP网站内容管理系统-织梦内容管理系统，他将是您轻松建站的首选利器。采用XML名字空间风格核心模板：模板全部使用文件形式保存，对用户设计模板、网&assetsIds=&author=&recommend=false&source=&title=产品介绍&priority=&content=<h2 style=\"margin: 0px; padding: 0px; font-size: 12px; line-height: 22px; color: rgb(11, 102, 168); &editorValue=<h2 style=\"margin: 0px; padding: 0px; font-size: 12px; line-height: 22px; color: rgb(11, 102, 168); &mGeneTemplate=&titleImage=&documentTemplete=zhiwo-product.jsp&fileAddr=&size=&geneTemplate=&sourceAddr=&keyword=产品介绍&channelId=1451531199872',''),('1452223177181','access','admin','/admin',NULL,'/admin/document/create','POST','fileName=&color=&hidden=true&contentShort=DedeCMS内容管理系统软件简介欢迎使用国内最专业的PHP网站内容管理系统-织梦内容管理系统，他将是您轻松建站的首选利器。采用XML名字空间风格核心模板：模板全部使用文件形式保存，对用户设计模板、网&assetsIds=&author=&recommend=false&source=&title=产品介绍&priority=&content=<h2 style=\"margin: 0px; padding: 0px; font-size: 12px; line-height: 22px; color: rgb(11, 102, 168); &editorValue=<h2 style=\"margin: 0px; padding: 0px; font-size: 12px; line-height: 22px; color: rgb(11, 102, 168); &mGeneTemplate=&titleImage=&documentTemplete=zhiwo-product.jsp&fileAddr=&size=&geneTemplate=&sourceAddr=&keyword=产品介绍&channelId=1451531199872',''),('1452223205078','access','admin','/admin',NULL,'/admin/document/create','POST','fileName=&color=&hidden=true&contentShort=DedeCMS内容管理系统软件简介欢迎使用国内最专业的PHP网站内容管理系统-织梦内容管理系统，他将是您轻松建站的首选利器。采用XML名字空间风格核心模板：模板全部使用文件形式保存，对用户设计模板、网&assetsIds=&author=&recommend=false&source=&title=产品介绍&priority=&content=<h2 style=\"margin: 0px; padding: 0px; font-size: 12px; line-height: 22px; color: rgb(11, 102, 168); &editorValue=<h2 style=\"margin: 0px; padding: 0px; font-size: 12px; line-height: 22px; color: rgb(11, 102, 168); &mGeneTemplate=&titleImage=&documentTemplete=zhiwo-product.jsp&fileAddr=&size=&geneTemplate=&sourceAddr=&keyword=产品介绍&channelId=1451531199872',''),('1452223217955','access','admin','/admin',NULL,'/admin/document/deleteById','POST','idstring=1452223204976,1452223177057,1452223145188',''),('1452257196910','access','admin','/admin',NULL,'/admin/channel/update/1451531531116','POST','id=1451531531116&channelTemplete=&parentIds=&documentId=&parentId=&name=案例中心&code=cases&keyword=JCINCMS,Java,开源免费,安全&linkAddr=channel/cases&openMode=false&hidden=false&asdocument=false&descrition=JCINCMSCMS是基于Java集成spring，mybatis开发的一款内容管理系统，有着高效，安全，简单，易用等特点&sort=2&image=',''),('1452257218996','access','admin','/admin',NULL,'/admin/channel/update/1451532049377','POST','id=1451532049377&channelTemplete=&parentIds=&documentId=1451556536767&parentId=&name=关于我们&code=aboutus&keyword=JCINCMS,Java,开源免费,安全&linkAddr=channel/aboutus&openMode=false&hidden=false&asdocument=true&descrition=JCINCMSCMS是基于Java集成spring，mybatis开发的一款内容管理系统，有着高效，安全，简单，易用等特点&sort=3&image=',''),('1452257233708','access','admin','/admin',NULL,'/admin/channel/update/1451532077867','POST','id=1451532077867&channelTemplete=zhiwo-newscenter.jsp&parentIds=&documentId=&parentId=&name=新闻中心&code=news&keyword=JCINCMS,Java,开源免费,安全&linkAddr=channel/news&openMode=false&hidden=false&asdocument=false&descrition=JCINCMSCMS是基于Java集成spring，mybatis开发的一款内容管理系统，有着高效，安全，简单，易用等特点&sort=4&image=',''),('1452257248500','access','admin','/admin',NULL,'/admin/channel/update/1451539099301','POST','id=1451539099301&channelTemplete=&parentIds=&documentId=&parentId=&name=文档&code=documents&keyword=documents&linkAddr=channel/documents&openMode=false&hidden=false&asdocument=false&descrition=文档，JCINCMS文档&sort=5&image=',''),('1452257259263','access','admin','/admin',NULL,'/admin/channel/update/1451554883394','POST','id=1451554883394&channelTemplete=zhiwo-channel.jsp&parentIds=&documentId=&parentId=&name=招聘&code=jobs&keyword=招聘,jobs&linkAddr=channel/jobs&openMode=false&hidden=false&asdocument=false&descrition=JCINCMS,公司因业务拓展需要招聘Java以及页面设计师&sort=6&image=',''),('1452257334146','access','admin','/admin',NULL,'/admin/channel/create','POST','channelTemplete=zhiwo-aboutus.jsp&documentId=&parentIds=1451532049377,1451555446829&parentId=1451555446829&name=test&code=test&keyword=test&linkAddr=channel/aboutus/culture/test&openMode=false&hidden=false&asdocument=false&descrition=sdfsfsdfa&sort=&image=',''),('1452257768195','access','admin','/admin',NULL,'/admin/channel/update/1451531531116','POST','id=1451531531116&channelTemplete=zhiwo-channel.jsp&parentIds=&documentId=&parentId=&name=案例中心&code=cases&keyword=JCINCMS,Java,开源免费,安全&linkAddr=channel/cases&openMode=false&hidden=false&asdocument=false&descrition=JCINCMSCMS是基于Java集成spring，mybatis开发的一款内容管理系统，有着高效，安全，简单，易用等特点&sort=2&image=',''),('1452257979622','access','admin','/admin',NULL,'/admin/channel/create','POST','channelTemplete=channel.jsp&documentId=&parentIds=1451531531116&parentId=1451531531116&name=行业&code=industry&keyword=行业，industry&linkAddr=channel/cases/industry&openMode=false&hidden=false&asdocument=false&descrition=行业网站&sort=&image=',''),('1452324911679','access','admin','/admin',NULL,'/admin/document/update/1451556536767','POST','id=1451556536767&contentShort=新开普电子股份有限公司2000年成立于郑州高新技术产业开发区，注册资本3,0209,4901元。公司专业致力于开发以智能卡及RFID技术为基础的各类行业应用解决方案,面向城市、校园、企事业以及银行和电&assetsIds=&documentTemplete=zhiwo-aboutus.jsp&geneTemplate=template/zhiwo-aboutus.ftl&mGeneTemplate=&channelId=1451532049377&title=公司简介&author=&color=&keyword=公司简介&hidden=true&priority=&source=&sourceAddr=&titleImage=&content=<p style=\"margin: 10px; padding: 0px; line-height: 27px; text-indent: 2em; font-size: 13px; color: r&fileName=&fileAddr=&size=&recommend=false&editorValue=<p style=\"margin: 10px; padding: 0px; line-height: 27px; text-indent: 2em; font-size: 13px; color: r',''),('1452326476086','access','admin','/admin',NULL,'/admin/document/update/1451556536767','POST','id=1451556536767&contentShort=新开普电子股份有限公司2000年成立于郑州高新技术产业开发区，注册资本3,0209,4901元。公司专业致力于开发以智能卡及RFID技术为基础的各类行业应用解决方案,面向城市、校园、企事业以及银行和电&assetsIds=&documentTemplete=zhiwo-aboutus.jsp&geneTemplate=template/zhiwo-aboutus.ftl&mGeneTemplate=&channelId=1451532049377&title=公司简介&author=&color=&keyword=公司简介&hidden=true&priority=&source=&sourceAddr=&titleImage=&content=<p style=\"margin: 10px; padding: 0px; line-height: 27px; text-indent: 2em; font-size: 13px; color: r&fileName=&fileAddr=&size=&recommend=false&editorValue=<p style=\"margin: 10px; padding: 0px; line-height: 27px; text-indent: 2em; font-size: 13px; color: r',''),('1452326512498','access','admin','/admin',NULL,'/admin/channel/update/1451532049377','POST','id=1451532049377&channelTemplete=&parentIds=&documentId=1451556536767&parentId=&name=关于我们&code=aboutus&keyword=JCINCMS,Java,开源免费,安全&linkAddr=channel/aboutus&openMode=false&hidden=false&asdocument=true&descrition=JCINCMSCMS是基于Java集成spring，mybatis开发的一款内容管理系统，有着高效，安全，简单，易用等特点&sort=3&image=',''),('1452327160265','access','admin','/admin',NULL,'/admin/document/update/1451642283835','POST','id=1451642283835&contentShort=我们的宗旨为用户服务，我们能做的更好！我们的核心价值观以人为本、共同成长鼓励创新、注重细节关注过程、重视结果 我们的文化诚实与公平尊重与关心个人团队合作、良好沟通&assetsIds=&documentTemplete=zhiwo-aboutus.jsp&geneTemplate=template/zhiwo-aboutus.ftl&mGeneTemplate=&channelId=1451555446829&title=企业文化&author=&color=&keyword=&hidden=true&priority=&source=&sourceAddr=&titleImage=&content=<p style=\"text-align: left;\"><span style=\"font-family: 微软雅黑, &#39;Microsoft YaHei&#39;;\">我们的<span st&fileName=&fileAddr=&size=&recommend=false&editorValue=<p style=\"text-align: left;\"><span style=\"font-family: 微软雅黑, &#39;Microsoft YaHei&#39;;\">我们的<span st',''),('1452327294616','access','admin','/admin',NULL,'/admin/document/update/1451641894582','POST','id=1451641894582&contentShort=新开普电子股份有限公司地址：郑州市高新技术产业开发区迎春街18号全国统一服务热线：4006 300248销售热线电话：4006300248转1售后服务热线传真：0371-56599840工程维修热线电&assetsIds=&documentTemplete=zhiwo-aboutus.jsp&geneTemplate=template/zhiwo-aboutus.ftl&mGeneTemplate=&channelId=1451555062363&title=联系我们&author=&color=&keyword=联系我们&hidden=true&priority=&source=&sourceAddr=&titleImage=&content=<p style=\"margin: 0px 10px 20px 30px; padding: 0px; line-height: 22px; font-family: Arial, Helvetica&fileName=&fileAddr=&size=&recommend=false&editorValue=<p style=\"margin: 0px 10px 20px 30px; padding: 0px; line-height: 22px; font-family: Arial, Helvetica',''),('1452327330796','access','admin','/admin',NULL,'/admin/document/update/1451641173216','POST','id=1451641173216&contentShort=    公司本部设置在广州，在其它若干城市也设有业务代表，欢迎联系我们。    上海——业务代表：何先生 电话：192 1730 0512    广州——业务代表：黄先生 电话：158 7532 70&assetsIds=&documentTemplete=zhiwo-aboutus.jsp&geneTemplate=template/zhiwo-aboutus.ftl&mGeneTemplate=&channelId=1451555208927&title=服务网络&author=&color=&keyword=timeswo时沃,服务网络&hidden=true&priority=&source=&sourceAddr=&titleImage=&content=<p><span style=\"font-family: 微软雅黑, &#39;Microsoft YaHei&#39;;\">&nbsp;&nbsp;&nbsp;&nbsp;公司本部设置在广州，在其它&fileName=&fileAddr=&size=&recommend=false&editorValue=<p><span style=\"font-family: 微软雅黑, &#39;Microsoft YaHei&#39;;\">&nbsp;&nbsp;&nbsp;&nbsp;公司本部设置在广州，在其它',''),('1452327353762','access','admin','/admin',NULL,'/admin/document/update/1451641173216','POST','id=1451641173216&contentShort=    公司本部设置在广州，在其它若干城市也设有业务代表，欢迎联系我们。    上海——业务代表：何先生 电话：192 1730 0512    广州——业务代表：黄先生 电话：158 7532 70&assetsIds=&documentTemplete=zhiwo-aboutus.jsp&geneTemplate=template/zhiwo-aboutus.ftl&mGeneTemplate=&channelId=1451555208927&title=服务网络&author=&color=&keyword=timeswo时沃,服务网络&hidden=true&priority=&source=&sourceAddr=&titleImage=&content=<p style=\"text-align: left;\"><span style=\"font-family: 微软雅黑, &#39;Microsoft YaHei&#39;;\">&nbsp;&nbsp&fileName=&fileAddr=&size=&recommend=false&editorValue=<p style=\"text-align: left;\"><span style=\"font-family: 微软雅黑, &#39;Microsoft YaHei&#39;;\">&nbsp;&nbsp',''),('1452347859912','access','admin','/admin',NULL,'/admin/document/update/1452222962997','POST','id=1452222962997&contentShort=DedeCMS内容管理系统软件简介欢迎使用国内最专业的PHP网站内容管理系统-织梦内容管理系统，他将是您轻松建站的首选利器。采用XML名字空间风格核心模板：模板全部使用文件形式保存，对用户设计模板、网&assetsIds=&documentTemplete=zhiwo-product.jsp&geneTemplate=template/zhiwo-product.ftl&mGeneTemplate=&channelId=1451531199872&title=产品介绍&author=&color=&keyword=产品介绍&hidden=true&priority=&source=&sourceAddr=&titleImage=&content=<h2 style=\"margin: 0px; padding: 0px; font-size: 12px; line-height: 22px; color: rgb(11, 102, 168); &fileName=&fileAddr=&size=&recommend=false&editorValue=<h2 style=\"margin: 0px; padding: 0px; font-size: 12px; line-height: 22px; color: rgb(11, 102, 168);',''),('1452348022784','access','admin','/admin',NULL,'/admin/document/update/1452222962997','POST','id=1452222962997&contentShort=DedeCMS内容管理系统软件简介欢迎使用国内最专业的PHP网站内容管理系统-织梦内容管理系统，他将是您轻松建站的首选利器。采用XML名字空间风格核心模板：模板全部使用文件形式保存，对用户设计模板、网&assetsIds=&documentTemplete=zhiwo-product.jsp&geneTemplate=template/zhiwo-product.ftl&mGeneTemplate=&channelId=1451531199872&title=产品介绍&author=&color=&keyword=产品介绍&hidden=true&priority=&source=&sourceAddr=&titleImage=&content=<h2 style=\"margin: 0px; padding: 0px; font-size: 12px; line-height: 22px; color: rgb(11, 102, 168); &fileName=&fileAddr=&size=&recommend=false&editorValue=<h2 style=\"margin: 0px; padding: 0px; font-size: 12px; line-height: 22px; color: rgb(11, 102, 168);',''),('1452391647746','access','admin','/admin',NULL,'/admin/channel/create','POST','channelTemplete=&documentId=&parentIds=&parentId=&name=放松放松放松&code=dfgs&keyword=sdfsd&linkAddr=channel/dfgs&openMode=false&hidden=false&asdocument=false&descrition=fdsfsdf&sort=&image=',''),('1452391745226','access','admin','/admin',NULL,'/admin/channel/deleteById','POST','idstring=1452391647510',''),('1452391928548','access','admin','/admin',NULL,'/admin/channel/create','POST','channelTemplete=&documentId=&parentIds=&parentId=&name=sdfaf&code=sdfsf&keyword=&linkAddr=channel/sdfsf&openMode=false&hidden=false&asdocument=false&descrition=sfd&sort=&image=',''),('1452391980416','access','admin','/admin',NULL,'/admin/channel/deleteById','POST','idstring=1452391926929',''),('1452392213373','access','admin','/admin',NULL,'/admin/document/create','POST','fileName=&color=&hidden=true&contentShort=tesawewwrwrwrwrwerwerwerwerwerwerwerwerwerwerwrwrw&assetsIds=&author=&recommend=false&source=&title=test&priority=&content=<p>tesawewwrwrwrwrwerwerwerwerwerwerwerwerwerwerwrwrw<br/></p>&editorValue=<p>tesawewwrwrwrwrwerwerwerwerwerwerwerwerwerwerwrwrw<br/></p>&mGeneTemplate=&titleImage=&documentTemplete=&fileAddr=&size=&geneTemplate=&sourceAddr=&keyword=rewrwe&channelId=1451539099301',''),('1452392623570','access','admin','/admin',NULL,'/admin/document/deleteById','POST','idstring=1452392213167',''),('1452398456016','access','admin','/admin',NULL,'/admin/channel/update/1451532077867','POST','id=1451532077867&channelTemplete=zhiwo-newscenter.jsp&geneTemplate=template/zhiwo-newscenter.ftl&parentIds=&documentId=&parentId=&name=新闻中心&code=news&keyword=JCINCMS,Java,开源免费,安全&linkAddr=channel/news&openMode=false&hidden=false&asdocument=false&descrition=JCINCMSCMS是基于Java集成spring，mybatis开发的一款内容管理系统，有着高效，安全，简单，易用等特点&sort=4&image=',''),('1452434372594','access','admin','/admin',NULL,'/admin/document/update/1452140840800','POST','id=1452140840800&contentShort=近日，河南省软件服务业协会发布了“关于表彰2014年度河南省软件服务业优秀软件企业、优秀软件产品的通知（豫软服协【2015】02号）”，我公司4项产品被评为《2014年度优秀软件产品》：新开普R108&assetsIds=&documentTemplete=zhiwo-newsdoc.jsp&geneTemplate=template/zhiwo-newsdoc.ftl&mGeneTemplate=&channelId=1451532077867&title=简讯：我公司又一批软件产品被认定为《优秀软件产品》&author=&color=&keyword=&hidden=true&priority=&source=&sourceAddr=&titleImage=&content=<p style=\"margin: 10px; padding: 0px; line-height: 27px; text-indent: 0em; font-size: 13px; color: r&fileName=&fileAddr=&size=&recommend=false&editorValue=<p style=\"margin: 10px; padding: 0px; line-height: 27px; text-indent: 0em; font-size: 13px; color: r',''),('1452434385968','access','admin','/admin',NULL,'/admin/document/deleteById','POST','idstring=1452140727593',''),('1452434405411','access','admin','/admin',NULL,'/admin/document/update/1451967078595','POST','id=1451967078595&contentShort=2015年12月23日16:00，新开普电子股份有限公司与郑州升达经贸管理学院“人才服务校企合作战略协议“签约授牌仪式在郑州升达经贸管理学院隆重举行。新开普电子股份有限公司董事长杨维国，郑州升达经贸管&assetsIds=&documentTemplete=zhiwo-newsdoc.jsp&geneTemplate=template/zhiwo-newsdoc.ftl&mGeneTemplate=&channelId=1451532077867&title=新开普＆郑州升达学院签订校企合作战略协议&author=&color=&keyword=&hidden=true&priority=&source=&sourceAddr=&titleImage=&content=<p>2015年12月23日16:00，新开普电子股份有限公司与郑州升达经贸管理学院“人才服务校企合作战略协议“签约授牌仪式在郑州升达经贸管理学院隆重举行。</p><p><br/></p><p><br&fileName=&fileAddr=&size=&recommend=false&editorValue=<p>2015年12月23日16:00，新开普电子股份有限公司与郑州升达经贸管理学院“人才服务校企合作战略协议“签约授牌仪式在郑州升达经贸管理学院隆重举行。</p><p><br/></p><p><br',''),('1452436075640','access','admin','/admin',NULL,'/admin/channel/deleteById','POST','idstring=1452257333988',''),('1452520490212','access','admin','/admin',NULL,'/admin/document/update/1451641173216','POST','id=1451641173216&contentShort=    公司本部设置在广州，在其它若干城市也设有业务代表，欢迎联系我们。    上海——公司顾问：何先生 电话：192 1730 0512    广州——公司顾问：黄先生 电话：158 7532 70&assetsIds=&documentTemplete=zhiwo-aboutus.jsp&geneTemplate=template/zhiwo-aboutus.ftl&mGeneTemplate=&channelId=1451555208927&title=服务网络&author=&color=&keyword=timeswo时沃,服务网络&hidden=true&priority=&source=&sourceAddr=&titleImage=&content=<p style=\"text-align: left;\"><span style=\"font-family: 微软雅黑, &#39;Microsoft YaHei&#39;;\">&nbsp;&nbsp&fileName=&fileAddr=&size=&recommend=false&editorValue=<p style=\"text-align: left;\"><span style=\"font-family: 微软雅黑, &#39;Microsoft YaHei&#39;;\">&nbsp;&nbsp',''),('1452521368031','access','admin','/admin',NULL,'/admin/document/update/1451556536767','POST','id=1451556536767&contentShort=广州智沃信息技术有限公司在2015年成立于广州，公司专业致力于中小企业网站以及微信公众号服务开发，为各类行业提供应用解决方案,面向城市、校园、企事业以及银行。公司的技术骨干都先后任职过金蝶和中兴等知名&assetsIds=&documentTemplete=zhiwo-aboutus.jsp&geneTemplate=template/zhiwo-aboutus.ftl&mGeneTemplate=&channelId=1451532049377&title=公司简介&author=&color=&keyword=公司简介&hidden=true&priority=&source=&sourceAddr=&titleImage=&content=<p style=\"margin: 10px; padding: 0px; line-height: 27px; text-indent: 2em; font-size: 13px; color: r&fileName=&fileAddr=&size=&recommend=false&editorValue=<p style=\"margin: 10px; padding: 0px; line-height: 27px; text-indent: 2em; font-size: 13px; color: r',''),('1452521382140','access','admin','/admin',NULL,'/admin/document/deleteById','POST','idstring=1451968501462',''),('1452521414058','access','admin','/admin',NULL,'/admin/document/update/1451642283835','POST','id=1451642283835&contentShort=我们的宗旨为用户服务，我们能做的更好！我们的核心价值观以人为本、共同成长鼓励创新、注重细节关注过程、重视结果 我们的文化诚实与公平尊重与关心个人团队合作、良好沟通&assetsIds=&documentTemplete=zhiwo-aboutus.jsp&geneTemplate=template/zhiwo-aboutus.ftl&mGeneTemplate=&channelId=1451555446829&title=企业文化&author=&color=&keyword=&hidden=true&priority=&source=&sourceAddr=&titleImage=&content=<p style=\"text-align: left;\"><span style=\"font-family: 微软雅黑, &#39;Microsoft YaHei&#39;;\">我们的<span st&fileName=&fileAddr=&size=&recommend=false&editorValue=<p style=\"text-align: left;\"><span style=\"font-family: 微软雅黑, &#39;Microsoft YaHei&#39;;\">我们的<span st',''),('1452739704861','access','admin','/admin',NULL,'/admin/resource/create','POST','name=投票主题&authName=voteTopic:view&path=/voteTopic&type=menu&parentId=&sort=',''),('1452739814397','access','admin','/admin',NULL,'/admin/resource/update/1452739704410','POST','name=投票管理&authName=voteTopic:view&path=&type=menu&parentId=&sort=1',''),('1452739868740','access','admin','/admin',NULL,'/admin/resource/create','POST','name=投票主题&authName=voteTopic:view&path=/voteTopic&type=menu&parentId=1452739704410&sort=',''),('1452739920481','access','admin','/admin',NULL,'/admin/resource/create','POST','name=投票选项&authName=voteChoice:view&path=/voteChoice&type=menu&parentId=1452739704410&sort=1',''),('1452740397313','access','admin','/admin',NULL,'/admin/resource/update/1452739704410','POST','name=投票管理&authName=&path=&type=menu&parentId=&sort=1',''),('1452740680450','access','admin','/admin',NULL,'/admin/resource/update/1452739704410','POST','name=投票管理&authName=voteTopic&path=&type=menu&parentId=&sort=1',''),('1452742168618','access','admin','/admin',NULL,'/admin/voteTopic/create','POST','id=&type=hhh&endTime=2016-01-22&introduction=hh&name=hh',''),('1452742367407','access','admin','/admin',NULL,'/admin/voteTopic/create','POST','type=lll&introduction=lll&name=ll',''),('1452742793242','access','admin','/admin',NULL,'/admin/voteTopic/create','POST','type=kkhkhj&endTime=2016-01-21&introduction=khkj&name=kjk',''),('1453365650847','access','admin','/admin',NULL,'/admin/log/deleteById','POST','idstring=1452744443842,1452744249644,1452744237935,1452744183765,1452744169343,1452744109296,1452744034363,14',''),('1453862711447','access','admin','/admin',NULL,'/admin/resource/create','POST','name=栏目管理&authName=channel:view&path=&type=menu&parentId=&sort=',''),('1453862743134','access','admin','/admin',NULL,'/admin/resource/create','POST','name=文章管理&authName=doc:view&path=&type=menu&parentId=&sort=',''),('1453862843887','access','admin','/admin',NULL,'/admin/resource/update/1445075669752','POST','name=栏目&authName=channel:*&path=/channel&type=menu&parentId=1453862711145&sort=4',''),('1453862866463','access','admin','/admin',NULL,'/admin/resource/update/1453862711145','POST','name=栏目管理&authName=channel:view&path=&type=menu&parentId=1453862743076&sort=8',''),('1453863041115','access','admin','/admin',NULL,'/admin/resource/update/1445075669752','POST','name=栏目&authName=channel:*&path=/channel&type=menu&parentId=&sort=4',''),('1453863586778','access','admin','/admin',NULL,'/admin/resource/create','POST','name=页面静态化管理&authName=htmlgene:view&path=&type=menu&parentId=&sort=',''),('1453864124675','access','admin','/admin',NULL,'/admin/resource/update/1449130042353','POST','name=页面生成&authName=htmlgene:view&path=/htmlgenerate&type=menu&parentId=1453863586710&sort=9',''),('1453864133409','access','admin','/admin',NULL,'/admin/resource/update/1449130042353','POST','name=页面生成&authName=htmlgene:view&path=/htmlgenerate&type=menu&parentId=1453863586710&sort=1',''),('1453864289469','access','admin','/admin',NULL,'/admin/resource/update/1445075702637','POST','name=文档&authName=document:view&path=/document&type=menu&parentId=1453862743076&sort=5',''),('1453864336806','access','admin','/admin',NULL,'/admin/resource/update/1453862711145','POST','name=栏目管理&authName=channel:view&path=&type=menu&parentId=&sort=8',''),('1453864693392','access','admin','/admin',NULL,'/admin/resource/update/1453862743076','POST','name=文章管理&authName=document:view&path=&type=menu&parentId=&sort=6',''),('1453864730549','access','admin','/admin',NULL,'/admin/resource/update/1445075669752','POST','name=栏目&authName=channel:view&path=/channel&type=menu&parentId=1453862711145&sort=4',''),('1453865167493','access','admin','/admin',NULL,'/admin/user/create','POST','username=test&password=&roleId=2&organizationId=&sex=1&email=',''),('1453865808063','access','admin','/admin',NULL,'/admin/resource/update/2','POST','name=系统管理&authName=system:view&path=&type=menu&parentId=&sort=2',''),('1453865839825','access','admin','/admin',NULL,'/admin/resource/update/1444987149377','POST','name=数据库&authName=dbBackup:view&path=&type=menu&parentId=&sort=3',''),('1453869241105','access','admin','/admin',NULL,'/admin/resource/deleteById','POST','idstring=1452739704410',''),('1454054764313','access','admin','/admin',NULL,'/admin/resource/create','POST','path=/file&name=文件管理&authName=file:view&sort=&type=menu&parentId=',''),('1454055049979','access','admin','/admin',NULL,'/admin/resource/create','POST','path=/file&name=文件查看/上传/删除/下载&authName=file:view&sort=&type=menu&parentId=1454054763915',''),('1454056475662','access','admin','/admin',NULL,'/admin/resource/create','POST','path=/tongji&name=统计&authName=tongji:view&sort=&type=menu&parentId=',''),('1454058760698','access','admin','/admin',NULL,'/admin/resource/create','POST','path=/flow&name=流量分析&authName=flow:view&sort=&type=menu&parentId=1454056475564',''),('1454058812543','access','admin','/admin',NULL,'/admin/resource/create','POST','path=/visit&name=受访分析&authName=visit:view&sort=2&type=menu&parentId=1454056475564',''),('1454058852184','access','admin','/admin',NULL,'/admin/resource/create','POST','path=/visitlog&name=访问日志&authName=visitlog:view&sort=2&type=menu&parentId=1454056475564',''),('1454069462821','access','admin','/admin',NULL,'/admin/resource/create','POST','path=/sysconfig&name=系统配置&authName=sysconfig:view&sort=&type=menu&parentId=',''),('1454069633545','access','admin','/admin',NULL,'/admin/resource/create','POST','path=/indexconfig&name=首页设置&authName=indexconfig:view&sort=9&type=menu&parentId=1454069462714',''),('1454408153289','access','admin','/admin',NULL,'/admin/channel/update/1451531199872','POST','channelTemplete=&image=&code=pcbuilding&asdocument=true&hidden=false&openMode=false&parentIds=&sort=1&parentId=&linkAddr=channel/pcbuilding&geneTemplate=&name=营销型网站&documentId=1452222962997&descrition=广州智沃拥有多年手机网站建设经验，为您建设最具有高营销力的手机版网站建设，提供手机网站开放、手机网站策划、手机网站设计、手机网站优化等一站式服务，咨询热线：139266205227&id=1451531199872&keyword=手机网站建设,手机版网站建设,手机网站制作,营销型手机网站建设,销售型手机网站建设,wap网站建设,3g网站建设,wap网站制作,手机版营销网站建设',''),('1456063571278','access','admin','/admin',NULL,'/admin/channel/create','POST','channelTemplete=woshang-service.jsp&image=&code=service&asdocument=false&hidden=false&openMode=false&parentIds=&sort=&parentId=&linkAddr=channel/service&geneTemplate=&name=服务项目&documentId=&descrition=广州智沃科技有限公司是一家以高端网站设计开发为核心业务的电子商务咨询服务机构。我们能为你提供的不仅仅是网站建设，而是一套适合您的解决方案及一支全方的位护航编队。传递品牌文化，雕琢商业品牌，对追求品质和&keyword=服务项目 建站套餐丨网站建设套餐',''),('1456286587629','access','admin','/admin',NULL,'/admin/channel/update/1451532049377','POST','channelTemplete=woshang-aboutus.jsp&image=&code=aboutus&asdocument=false&hidden=false&openMode=false&parentIds=&sort=4&parentId=&linkAddr=channel/aboutus&geneTemplate=&name=关于我们&documentId=&descrition=广州智沃科技有限公司是一家以高端网站设计开发为核心业务的电子商务咨询服务机构。我们能为你提供的不仅仅是网站建设，而是一套适合您的解决方案及一支全方的位护航编队。传递品牌文化，雕琢商业品牌，对追求品质和&id=1451532049377&keyword=关于智沃,广州智沃,网站建设',''),('1456318914404','access','admin','/admin',NULL,'/admin/channel/update/1451532077867','POST','channelTemplete=woshang-news.jsp&image=&code=news&asdocument=false&hidden=false&openMode=false&parentIds=&sort=5&parentId=&linkAddr=channel/news&geneTemplate=template/zhiwo-newscenter.ftl&name=新闻中心&documentId=&descrition=广州智沃科技有限公司是一家以高端网站设计开发为核心业务的电子商务咨询服务机构。我们能为你提供的不仅仅是网站建设，而是一套适合您的解决方案及一支全方的位护航编队。传递品牌文化，雕琢商业品牌，对追求品质和&id=1451532077867&keyword=智沃新闻,广州智沃,网站建设',''),('1456328213439','access','admin','/admin',NULL,'/admin/document/update/1452140840800','POST','fileName=&color=&hidden=true&contentShort=近日，河南省软件服务业协会发布了“关于表彰2014年度河南省软件服务业优秀软件企业、优秀软件产品的通知（豫软服协【2015】02号）”，我公司4项产品被评为《2014年度优秀软件产品》：新开普R108&assetsIds=&author=&recommend=false&source=&title=简讯：我公司又一批软件产品被认定为《优秀软件产品》&priority=&content=<p style=\"margin: 10px; padding: 0px; line-height: 27px; text-indent: 0em; font-size: 13px; color: r&editorValue=<p style=\"margin: 10px; padding: 0px; line-height: 27px; text-indent: 0em; font-size: 13px; color: r&mGeneTemplate=&titleImage=&documentTemplete=woshang-news-doc.jsp&fileAddr=&size=&geneTemplate=template/zhiwo-newsdoc.ftl&id=1452140840800&sourceAddr=&keyword=&channelId=1451532077867',''),('1456328338124','access','admin','/admin',NULL,'/admin/document/update/1452140840800','POST','fileName=&color=&hidden=true&contentShort=近日，河南省软件服务业协会发布了“关于表彰2014年度河南省软件服务业优秀软件企业、优秀软件产品的通知（豫软服协【2015】02号）”，我公司4项产品被评为《2014年度优秀软件产品》：新开普R108&assetsIds=&author=&recommend=false&source=&title=简讯：我公司又一批软件产品被认定为《优秀软件产品》&priority=&content=<p style=\"margin: 10px; padding: 0px; line-height: 27px; text-indent: 0em; font-size: 13px; color: r&editorValue=<p style=\"margin: 10px; padding: 0px; line-height: 27px; text-indent: 0em; font-size: 13px; color: r&mGeneTemplate=&titleImage=&documentTemplete=woshang-doc.jsp&fileAddr=&size=&geneTemplate=template/zhiwo-newsdoc.ftl&id=1452140840800&sourceAddr=&keyword=&channelId=1451532077867',''),('1456364838910','access','admin','/admin',NULL,'/admin/document/update/1452140840800','POST','fileName=&color=&hidden=true&contentShort=    近日，河南省软件服务业协会发布了“关于表彰2014年度河南省软件服务业优秀软件企业、优秀软件产品的通知（豫软服协【2015】02号）”，我公司4项产品被评为《2014年度优秀软件产品》：新开普&assetsIds=&author=&recommend=false&source=&title=简讯：我公司又一批软件产品被认定为《优秀软件产品》&priority=&content=<p>&nbsp;&nbsp;&nbsp;&nbsp;近日，河南省软件服务业协会发布了“关于表彰2014年度河南省软件服务业优秀软件企业、优秀软件产品的通知（豫软服协【2015】02号）”，我公司4项&editorValue=<p>&nbsp;&nbsp;&nbsp;&nbsp;近日，河南省软件服务业协会发布了“关于表彰2014年度河南省软件服务业优秀软件企业、优秀软件产品的通知（豫软服协【2015】02号）”，我公司4项&mGeneTemplate=&titleImage=&documentTemplete=woshang-doc.jsp&fileAddr=&size=&geneTemplate=template/zhiwo-newsdoc.ftl&id=1452140840800&sourceAddr=&keyword=&channelId=1451532077867',''),('1456401260067','access','admin','/admin',NULL,'/admin/channel/update/1451531531116','POST','channelTemplete=zhiwo-channel.jsp&image=&code=cases&asdocument=false&hidden=false&openMode=false&parentIds=&sort=2&parentId=&linkAddr=channel/cases&geneTemplate=&name=案例中心&documentId=&descrition=广州智沃科技有限公司是一家以高端网站设计开发为核心业务的电子商务咨询服务机构。我们能为你提供的不仅仅是网站建设，而是一套适合您的解决方案及一支全方的位护航编队。传递品牌文化，雕琢商业品牌，对追求品质和&id=1451531531116&keyword=成功案例 建站套餐丨网站建设套餐',''),('1456401375119','access','admin','/admin',NULL,'/admin/channel/update/1451531531116','POST','channelTemplete=woshang-case.jsp&image=&code=cases&asdocument=false&hidden=false&openMode=false&parentIds=&sort=2&parentId=&linkAddr=channel/cases&geneTemplate=&name=案例中心&documentId=&descrition=广州智沃科技有限公司是一家以高端网站设计开发为核心业务的电子商务咨询服务机构。我们能为你提供的不仅仅是网站建设，而是一套适合您的解决方案及一支全方的位护航编队。传递品牌文化，雕琢商业品牌，对追求品质和&id=1451531531116&keyword=成功案例 建站套餐丨网站建设套餐',''),('1456728379793','access','admin','/admin',NULL,'/admin/channel/update/1456063569566','POST','channelTemplete=woshang-service.jsp&image=&code=service&asdocument=false&hidden=false&openMode=false&parentIds=&sort=3&parentId=&linkAddr=channel/service&geneTemplate=template/woshang-service.ftl&name=服务项目&documentId=&descrition=广州智沃科技有限公司是一家以高端网站设计开发为核心业务的电子商务咨询服务机构。我们能为你提供的不仅仅是网站建设，而是一套适合您的解决方案及一支全方的位护航编队。传递品牌文化，雕琢商业品牌，对追求品质和&id=1456063569566&keyword=服务项目 建站套餐丨网站建设套餐',''),('1456912422539','access','admin','/admin',NULL,'/admin/channel/create','POST','channelTemplete=&geneTemplate=template/aboutus.ftl&mGeneTemplate=template/m-woshang-index.ftl&documentId=&parentIds=&parentId=&name=test&code=test&keyword=&linkAddr=channel/test&openMode=false&hidden=false&asdocument=false&descrition=&sort=&image=',''),('1456919498354','access','admin','/admin',NULL,'/admin/channel/update/1456912422052','POST','id=1456912422052&channelTemplete=&geneTemplate=&mGeneTemplate=&parentIds=&documentId=&parentId=&name=test&code=test&keyword=&linkAddr=channel/test&openMode=false&hidden=false&asdocument=false&descrition=&sort=8&image=',''),('1456971544627','access','admin','/admin',NULL,'/admin/channel/deleteById','POST','idstring=1456912422052',''),('1457015752029','exception','admin','/admin',NULL,'/admin/login','POST','password=&username=admin','java.lang.NullPointerException'),('1457147133472','access','admin','/admin',NULL,'/admin/document/deleteById','POST','idstring=1452140840800,1451967078595',''),('1457147279568','access','admin','/admin',NULL,'/admin/channel/deleteById','POST','idstring=1451531199872',''),('1457147284611','access','admin','/admin',NULL,'/admin/channel/deleteById','POST','idstring=1451554883394',''),('1457148692328','access','admin','/admin',NULL,'/admin/channel/deleteById','POST','idstring=1452257979546',''),('1457148716298','access','admin','/admin',NULL,'/admin/channel/deleteById','POST','idstring=1451539099301',''),('1457148936943','access','admin','/admin',NULL,'/admin/channel/create','POST','channelTemplete=&image=&code=contactus&asdocument=false&hidden=false&openMode=false&parentIds=&sort=&parentId=&linkAddr=channel/contactus&mGeneTemplate=&geneTemplate=&name=联系我们&documentId=&descrition=广州智沃科技有限公司是一家以高端网站设计开发为核心业务的电子商务咨询服务机构。我们能为你提供的不仅仅是网站建设，而是一套适合您的解决方案及一支全方的位护航编队。传递品牌文化，雕琢商业品牌，对追求品质和&keyword=联系我们,智沃科技，智沃科技信息技术',''),('1457149130112','access','admin','/admin',NULL,'/admin/channel/create','POST','channelTemplete=&image=&code=tests&asdocument=false&hidden=false&openMode=false&parentIds=&sort=&parentId=&linkAddr=channel/tests&mGeneTemplate=&geneTemplate=&name=test&documentId=&descrition=fsdafsdf&keyword=sdfa',''),('1457149201948','access','admin','/admin',NULL,'/admin/channel/update/1457149122247','POST','channelTemplete=&image=&code=contactus&asdocument=false&hidden=false&openMode=false&parentIds=&sort=5&parentId=&linkAddr=channel/contactus&mGeneTemplate=&geneTemplate=&name=联系我们&documentId=&descrition=广州智沃科技有限公司是一家以高端网站设计开发为核心业务的电子商务咨询服务机构。我们能为你提供的不仅仅是网站建设，而是一套适合您的解决方案及一支全方的位护航编队。传递品牌文化，雕琢商业品牌，对追求品质和&id=1457149122247&keyword=智沃科技,联系我们',''),('1457149703783','access','admin','/admin',NULL,'/admin/channel/create','POST','channelTemplete=&image=&code=yingxiao&asdocument=false&hidden=false&openMode=false&parentIds=&sort=&parentId=&linkAddr=channel/yingxiao&mGeneTemplate=&geneTemplate=&name=网络营销&documentId=&descrition=广州智沃科技有限公司是一家以高端网站设计开发为核心业务的电子商务咨询服务机构。我们能为你提供的不仅仅是网站建设，而是一套适合您的解决方案及一支全方的位护航编队。传递品牌文化，雕琢商业品牌，对追求品质和&keyword=网络营销,智沃营销',''),('1457149972054','access','admin','/admin',NULL,'/admin/channel/create','POST','channelTemplete=&image=&code=yingxiao&asdocument=false&hidden=false&openMode=false&parentIds=&sort=6&parentId=&linkAddr=channel/yingxiao&mGeneTemplate=&geneTemplate=&name=网络营销&documentId=&descrition=广州智沃科技有限公司是一家以高端网站设计开发为核心业务的电子商务咨询服务机构。我们能为你提供的不仅仅是网站建设，而是一套适合您的解决方案及一支全方的位护航编队。传递品牌文化，雕琢商业品牌，对追求品质和&keyword=网络营销,智沃营销',''),('1457150508239','access','admin','/admin',NULL,'/admin/channel/update/1457149703567','POST','channelTemplete=&image=&code=yingxiao&asdocument=false&hidden=false&openMode=false&parentIds=&sort=6&parentId=&linkAddr=channel/yingxiao&mGeneTemplate=&geneTemplate=&name=网络营销&documentId=&descrition=广州智沃科技有限公司是一家以高端网站设计开发为核心业务的电子商务咨询服务机构。我们能为你提供的不仅仅是网站建设，而是一套适合您的解决方案及一支全方的位护航编队。传递品牌文化，雕琢商业品牌，对追求品质和&id=1457149703567&keyword=网络营销,智沃营销',''),('1457150643289','access','admin','/admin',NULL,'/admin/channel/update/1457149703567','POST','channelTemplete=&image=&code=yingxiao&asdocument=false&hidden=false&openMode=false&parentIds=&sort=6&parentId=&linkAddr=channel/yingxiao&mGeneTemplate=&geneTemplate=&name=网络营销&documentId=&descrition=广州智沃科技有限公司是一家以高端网站设计开发为核心业务的电子商务咨询服务机构。我们能为你提供的不仅仅是网站建设，而是一套适合您的解决方案及一支全方的位护航编队。传递品牌文化，雕琢商业品牌，对追求品质和&id=1457149703567&keyword=网络营销,智沃营销,智沃网络',''),('1457150764915','access','admin','/admin',NULL,'/admin/channel/update/1457149703567','POST','channelTemplete=&image=&code=yingxiao&asdocument=false&hidden=false&openMode=false&parentIds=&sort=6&parentId=&linkAddr=channel/yingxiao&mGeneTemplate=&geneTemplate=&name=网络营销&documentId=&descrition=广州智沃科技有限公司是一家以高端网站设计开发为核心业务的电子商务咨询服务机构。我们能为你提供的不仅仅是网站建设，而是一套适合您的解决方案及一支全方的位护航编队。传递品牌文化，雕琢商业品牌，对追求品质和&id=1457149703567&keyword=网络营销,智沃营销,智沃网络',''),('1457151196934','access','admin','/admin',NULL,'/admin/channel/update/1451531531116','POST','channelTemplete=woshang-case.jsp&image=&code=cases&asdocument=false&hidden=false&openMode=false&parentIds=&sort=2&parentId=&linkAddr=channel/cases&mGeneTemplate=&geneTemplate=&name=案例中心&documentId=&descrition=广州智沃科技有限公司是一家以高端网站设计开发为核心业务的电子商务咨询服务机构。我们能为你提供的不仅仅是网站建设，而是一套适合您的解决方案及一支全方的位护航编队。传递品牌文化，雕琢商业品牌，对追求品质和&id=1451531531116&keyword=成功案例,智沃案例',''),('1457151344838','access','admin','/admin',NULL,'/admin/channel/update/1456063569566','POST','channelTemplete=woshang-service.jsp&image=&code=service&asdocument=false&hidden=false&openMode=false&parentIds=&sort=3&parentId=&linkAddr=channel/service&mGeneTemplate=&geneTemplate=template/woshang-service.ftl&name=服务项目&documentId=&descrition=广州智沃科技有限公司是一家以高端网站设计开发为核心业务的电子商务咨询服务机构。我们能为你提供的不仅仅是网站建设，而是一套适合您的解决方案及一支全方的位护航编队。传递品牌文化，雕琢商业品牌，对追求品质和&id=1456063569566&keyword=服务项目,智沃服务',''),('1457151344918','access','admin','/admin',NULL,'/admin/channel/update/1456063569566','POST','channelTemplete=woshang-service.jsp&image=&code=service&asdocument=false&hidden=false&openMode=false&parentIds=&sort=3&parentId=&linkAddr=channel/service&mGeneTemplate=&geneTemplate=template/woshang-service.ftl&name=服务项目&documentId=&descrition=广州智沃科技有限公司是一家以高端网站设计开发为核心业务的电子商务咨询服务机构。我们能为你提供的不仅仅是网站建设，而是一套适合您的解决方案及一支全方的位护航编队。传递品牌文化，雕琢商业品牌，对追求品质和&id=1456063569566&keyword=服务项目,智沃服务',''),('1457151345055','access','admin','/admin',NULL,'/admin/channel/update/1456063569566','POST','channelTemplete=woshang-service.jsp&image=&code=service&asdocument=false&hidden=false&openMode=false&parentIds=&sort=3&parentId=&linkAddr=channel/service&mGeneTemplate=&geneTemplate=template/woshang-service.ftl&name=服务项目&documentId=&descrition=广州智沃科技有限公司是一家以高端网站设计开发为核心业务的电子商务咨询服务机构。我们能为你提供的不仅仅是网站建设，而是一套适合您的解决方案及一支全方的位护航编队。传递品牌文化，雕琢商业品牌，对追求品质和&id=1456063569566&keyword=服务项目,智沃服务',''),('1457151345106','access','admin','/admin',NULL,'/admin/channel/update/1456063569566','POST','channelTemplete=woshang-service.jsp&image=&code=service&asdocument=false&hidden=false&openMode=false&parentIds=&sort=3&parentId=&linkAddr=channel/service&mGeneTemplate=&geneTemplate=template/woshang-service.ftl&name=服务项目&documentId=&descrition=广州智沃科技有限公司是一家以高端网站设计开发为核心业务的电子商务咨询服务机构。我们能为你提供的不仅仅是网站建设，而是一套适合您的解决方案及一支全方的位护航编队。传递品牌文化，雕琢商业品牌，对追求品质和&id=1456063569566&keyword=服务项目,智沃服务',''),('1457151420141','access','admin','/admin',NULL,'/admin/channel/create','POST','channelTemplete=&image=&code=test&asdocument=false&hidden=false&openMode=false&parentIds=&sort=&parentId=&linkAddr=channel/test&mGeneTemplate=&geneTemplate=&name=test&documentId=&descrition=test&keyword=test',''),('1457151599067','access','admin','/admin',NULL,'/admin/channel/create','POST','channelTemplete=&image=&code=sdf&asdocument=false&hidden=false&openMode=false&parentIds=&sort=&parentId=&linkAddr=channel/sdf&mGeneTemplate=&geneTemplate=&name=sfs&documentId=&descrition=fas&keyword=',''),('1457152105993','access','admin','/admin',NULL,'/admin/channel/deleteById','POST','idstring=1457151420015',''),('1457152109036','access','admin','/admin',NULL,'/admin/channel/deleteById','POST','idstring=1457151598951',''),('1457152252788','access','admin','/admin',NULL,'/admin/channel/deleteById','POST','idstring=1457149703567',''),('1457152309945','access','admin','/admin',NULL,'/admin/channel/create','POST','channelTemplete=&image=&code=yingxiao&asdocument=false&hidden=false&openMode=false&parentIds=&sort=&parentId=&linkAddr=channel/yingxiao&mGeneTemplate=&geneTemplate=&name=网络营销&documentId=&descrition=广州智沃科技有限公司是一家以高端网站设计开发为核心业务的电子商务咨询服务机构。我们能为你提供的不仅仅是网站建设，而是一套适合您的解决方案及一支全方的位护航编队。传递品牌文化，雕琢商业品牌，对追求品质和&keyword=智沃营销',''),('1457170595175','access','admin','/admin',NULL,'/admin/document/create','POST','fileName=20160305_053537.jpg&color=&hidden=true&contentShort=    质量度是推广过程中衡量关键词排名的关键指标之一，官方给出的质量度定义是：“质量度主要反映网民对参与百度推广的关键词以及关键词创意的认可程度”，也足以证明质量度在推广中、在关键词排名中的重要性。&assetsIds=1457170220257,1457170433990,1457170537238&author=&recommend=false&source=&title=练好这些基本功，玩转百度付费推广更容易！&priority=&content=<p>&nbsp;&nbsp;&nbsp;&nbsp;质量度是推广过程中衡量关键词排名的关键指标之一，官方给出的质量度定义是：“质量度主要反映网民对参与百度推广的关键词以及关键词创意的认可程度”，也足&editorValue=<p>&nbsp;&nbsp;&nbsp;&nbsp;质量度是推广过程中衡量关键词排名的关键指标之一，官方给出的质量度定义是：“质量度主要反映网民对参与百度推广的关键词以及关键词创意的认可程度”，也足&mGeneTemplate=&titleImage=&documentTemplete=&fileAddr=/upload/1/20160305/20160305_053537.jpg&size=17912&geneTemplate=template/woshang-doc.ftl&sourceAddr=&keyword=关键词质量度优化,百度付费推广,智沃网&channelId=1451532077867',''),('1457170738331','access','admin','/admin',NULL,'/admin/document/update/1457170595046','POST','fileName=20160305_053537.jpg&color=&hidden=true&contentShort=    质量度是推广过程中衡量关键词排名的关键指标之一，官方给出的质量度定义是：“质量度主要反映网民对参与百度推广的关键词以及关键词创意的认可程度”，也足以证明质量度在推广中、在关键词排名中的重要性。&assetsIds=1457170220257,1457170433990,1457170537238&author=&recommend=false&source=&title=练好这些基本功，玩转百度付费推广更容易！&priority=&content=<p>&nbsp;&nbsp;&nbsp;&nbsp;质量度是推广过程中衡量关键词排名的关键指标之一，官方给出的质量度定义是：“质量度主要反映网民对参与百度推广的关键词以及关键词创意的认可程度”，也足&editorValue=<p>&nbsp;&nbsp;&nbsp;&nbsp;质量度是推广过程中衡量关键词排名的关键指标之一，官方给出的质量度定义是：“质量度主要反映网民对参与百度推广的关键词以及关键词创意的认可程度”，也足&mGeneTemplate=&titleImage=&documentTemplete=woshang-doc.jsp&fileAddr=/upload/1/20160305/20160305_053537.jpg&size=17912&geneTemplate=template/woshang-doc.ftl&id=1457170595046&sourceAddr=&keyword=关键词质量度优化,百度付费推广,智沃网&channelId=1451532077867',''),('1457193167911','access','admin','/admin',NULL,'/admin/channel/update/1457149122247','POST','channelTemplete=woshang-contactus.jsp&image=&code=contactus&asdocument=false&hidden=false&openMode=false&parentIds=&sort=5&parentId=&linkAddr=channel/contactus&mGeneTemplate=&geneTemplate=&name=联系我们&documentId=&descrition=广州智沃科技有限公司是一家以高端网站设计开发为核心业务的电子商务咨询服务机构。我们能为你提供的不仅仅是网站建设，而是一套适合您的解决方案及一支全方的位护航编队。传递品牌文化，雕琢商业品牌，对追求品质和&id=1457149122247&keyword=智沃科技,联系我们',''),('1457193382657','access','admin','/admin',NULL,'/admin/channel/update/1457149122247','POST','channelTemplete=woshang-contactus.jsp&image=&code=contactus&asdocument=false&hidden=false&openMode=false&parentIds=&sort=5&parentId=&linkAddr=channel/contactus&mGeneTemplate=&geneTemplate=&name=联系我们&documentId=&descrition=广州智沃科技有限公司是一家以高端网站设计开发为核心业务的电子商务咨询服务机构。我们能为你提供的不仅仅是网站建设，而是一套适合您的解决方案及一支全方的位护航编队。传递品牌文化，雕琢商业品牌，对追求品质和&id=1457149122247&keyword=智沃科技,联系我们',''),('1457234077708','access','admin','/admin',NULL,'/admin/channel/deleteById','POST','idstring=1451555062363',''),('1457235306397','access','admin','/admin',NULL,'/admin/document/create','POST','fileName=20160306_112358.png&color=&hidden=true&contentShort=    公司网址：www.mountcn.com    公司介绍：无锡摩顶科技有限公司成立于2011年1月。主要通过“人工生态湿地”实现“雨水、景观水、生活污水”净化利用，节省建设项目60-100%的&assetsIds=1457234638225&author=&recommend=false&source=&title=无锡摩顶科技有限公司&priority=&content=<p><strong>&nbsp;&nbsp;&nbsp;&nbsp;公司网址：</strong><a href=\"http://www.mountcn.com\" target=\"_blank\">ww&editorValue=<p><strong>&nbsp;&nbsp;&nbsp;&nbsp;公司网址：</strong><a href=\"http://www.mountcn.com\" target=\"_blank\">ww&mGeneTemplate=&titleImage=&documentTemplete=woshang-case.jsp&fileAddr=/upload/1/20160306/20160306_112358.png&size=1552591&geneTemplate=&sourceAddr=&keyword=智沃案例,无锡摩顶&channelId=1451531531116',''),('1457235390761','access','admin','/admin',NULL,'/admin/document/update/1457235306045','POST','fileName=20160306_112358.png&color=&hidden=true&contentShort=    公司网址：www.mountcn.com    公司介绍：无锡摩顶科技有限公司成立于2011年1月。主要通过“人工生态湿地”实现“雨水、景观水、生活污水”净化利用，节省建设项目60-100%的&assetsIds=1457234638225&author=&recommend=false&source=&title=无锡摩顶科技有限公司&priority=&content=<p><strong>&nbsp;&nbsp;&nbsp;&nbsp;公司网址：</strong><a href=\"http://www.mountcn.com\" target=\"_blank\">ww&editorValue=<p><strong>&nbsp;&nbsp;&nbsp;&nbsp;公司网址：</strong><a href=\"http://www.mountcn.com\" target=\"_blank\">ww&mGeneTemplate=&titleImage=&documentTemplete=woshang-doc.jsp&fileAddr=/upload/1/20160306/20160306_112358.png&size=1552591&geneTemplate=&id=1457235306045&sourceAddr=&keyword=智沃案例,无锡摩顶&channelId=1451531531116',''),('1457236582721','access','admin','/admin',NULL,'/admin/document/create','POST','fileName=20160306_115605.png&color=&hidden=true&contentShort=    公司网址：http://www.zhongyatm.com/    盈利模式：产品展示    公司介绍：中亚是一家商标代理服务公司。    老板感言：新学员不懂网络营销没关系，但一定要做，要学&assetsIds=1457236565565&author=&recommend=false&source=&title=无锡中亚商标代理服务公司&priority=&content=<p><strong>&nbsp;&nbsp;&nbsp;&nbsp;公司网址</strong>：http://www.zhongyatm.com/</p><p><strong>&nbsp;&nbsp&editorValue=<p><strong>&nbsp;&nbsp;&nbsp;&nbsp;公司网址</strong>：http://www.zhongyatm.com/</p><p><strong>&nbsp;&nbsp&mGeneTemplate=&titleImage=&documentTemplete=&fileAddr=/upload/1/20160306/20160306_115605.png&size=435158&geneTemplate=&sourceAddr=&keyword=智沃案例,无锡中亚&channelId=1451531531116',''),('1457236658935','access','admin','/admin',NULL,'/admin/document/update/1457236582609','POST','fileName=20160306_115605.png&color=&hidden=true&contentShort=    公司网址：http://www.zhongyatm.com/    盈利模式：产品展示    公司介绍：中亚是一家商标代理服务公司。    老板感言：新学员不懂网络营销没关系，但一定要做，要学&assetsIds=1457236565565&author=&recommend=false&source=&title=无锡中亚商标代理服务公司&priority=&content=<p><strong>&nbsp;&nbsp;&nbsp;&nbsp;公司网址</strong>：http://www.zhongyatm.com/</p><p><strong>&nbsp;&nbsp&editorValue=<p><strong>&nbsp;&nbsp;&nbsp;&nbsp;公司网址</strong>：http://www.zhongyatm.com/</p><p><strong>&nbsp;&nbsp&mGeneTemplate=&titleImage=&documentTemplete=woshang-doc.jsp&fileAddr=/upload/1/20160306/20160306_115605.png&size=435158&geneTemplate=&id=1457236582609&sourceAddr=&keyword=智沃案例,无锡中亚&channelId=1451531531116',''),('1457238252282','access','admin','/admin',NULL,'/admin/document/create','POST','fileName=20160306_122306.png&color=&hidden=true&contentShort=     公司网址：http://www.scklo.com/    公司介绍：四川科利欧环保科技有限公司是国内第一家专注于工业车间整体除尘净化的高新技术企业，专门面向传统铸造企业、机械加工企业，提供&assetsIds=1457238186718&author=&recommend=false&source=&title=科利欧环保科技&priority=&content=<p><strong>&nbsp; &nbsp; &nbsp;公司网址：</strong>http://www.scklo.com/</p><p><strong>&nbsp;&nbsp;&nbsp;&&editorValue=<p><strong>&nbsp; &nbsp; &nbsp;公司网址：</strong>http://www.scklo.com/</p><p><strong>&nbsp;&nbsp;&nbsp;&&mGeneTemplate=&titleImage=&documentTemplete=woshang-doc.jsp&fileAddr=/upload/1/20160306/20160306_122306.png&size=465104&geneTemplate=&sourceAddr=&keyword=广州智沃,科利欧,环保科技&channelId=1451531531116',''),('1457238571819','access','admin','/admin',NULL,'/admin/document/create','POST','fileName=20160306_122626.png&color=&hidden=true&contentShort=     公司网址：http://www.scklo.com/    公司介绍：坐落在“世界工厂”东莞市的康维斯包装制品有限公司，十年磨一剑，打造出强大的工艺设计团队、自动化生产设备和流水线，集各类礼&assetsIds=1457238186718,1457238386999&author=&recommend=false&source=&title=康维斯包装制品有限公司&priority=&content=<p><strong>&nbsp; &nbsp; &nbsp;公司网址：</strong>http://www.scklo.com/</p><p><strong>&nbsp;&nbsp;&nbsp;&&editorValue=<p><strong>&nbsp; &nbsp; &nbsp;公司网址：</strong>http://www.scklo.com/</p><p><strong>&nbsp;&nbsp;&nbsp;&&mGeneTemplate=&titleImage=&documentTemplete=woshang-doc.jsp&fileAddr=/upload/1/20160306/20160306_122626.png&size=412304&geneTemplate=&sourceAddr=&keyword=广州智沃,康维斯&channelId=1451531531116',''),('1457249195839','access','admin','/admin',NULL,'/admin/document/create','POST','fileName=&color=&hidden=true&contentShort=    网络营销，重点在于营销。不管是站内优化还是站外推广，最终目的都是带来转化。流量不是目标，询盘不是目的，我们每一个环节做的每一件事情，都是为了引导客户成交，获得最终的盈利。    首先，简化转化&assetsIds=&author=&recommend=false&source=&title=三大绝招教你快速提高网络营销转化率，效果棒棒哒！&priority=&content=<p>&nbsp;&nbsp;&nbsp;&nbsp;网络营销，重点在于营销。不管是站内优化还是站外推广，最终目的都是带来转化。流量不是目标，询盘不是目的，我们每一个环节做的每一件事情，都是为了引导客&editorValue=<p>&nbsp;&nbsp;&nbsp;&nbsp;网络营销，重点在于营销。不管是站内优化还是站外推广，最终目的都是带来转化。流量不是目标，询盘不是目的，我们每一个环节做的每一件事情，都是为了引导客&mGeneTemplate=&titleImage=&documentTemplete=woshang-doc.jsp&fileAddr=&size=&geneTemplate=template/woshang-doc.ftl&sourceAddr=&keyword=网络营销,广州智沃&channelId=1457152309638',''),('1457250526422','access','admin','/admin',NULL,'/admin/document/create','POST','fileName=&color=&hidden=true&contentShort=    一提到网络营销，没有人不知道百度付费推广。不做付费推广，就不能是说你从事的是网络营销。网络营销是个大范围，包含了多方面的知识，其中百度竞价就是非常重要的一个环节。很多新人刚接触百度竞价的时候，&assetsIds=&author=&recommend=false&source=&title=走出百度竞价误区，让你的百度付费推广更简单 一提到网络营销，没有人不知道百度付费推广。不做付费推广，就不能是说你从事的是网络营销。网络营销是个大范围，包含了多方面的知识，其中百度竞价就是非常重要的一个&priority=&content=<p>&nbsp;&nbsp;&nbsp;&nbsp;一提到网络营销，没有人不知道百度付费推广。不做付费推广，就不能是说你从事的是网络营销。网络营销是个大范围，包含了多方面的知识，其中百度竞价就是非常&editorValue=<p>&nbsp;&nbsp;&nbsp;&nbsp;一提到网络营销，没有人不知道百度付费推广。不做付费推广，就不能是说你从事的是网络营销。网络营销是个大范围，包含了多方面的知识，其中百度竞价就是非常&mGeneTemplate=&titleImage=&documentTemplete=woshang-doc.jsp&fileAddr=&size=&geneTemplate=template/woshang-doc.ftl&sourceAddr=&keyword=网络营销,广州智沃&channelId=1457152309638',''),('1457250691934','access','admin','/admin',NULL,'/admin/document/update/1457250526263','POST','fileName=&color=&hidden=true&contentShort=    一提到网络营销，没有人不知道百度付费推广。不做付费推广，就不能是说你从事的是网络营销。网络营销是个大范围，包含了多方面的知识，其中百度竞价就是非常重要的一个环节。很多新人刚接触百度竞价的时候，&assetsIds=&author=&recommend=false&source=&title=走出百度竞价误区，让你的百度付费推广更简单&priority=&content=<p>&nbsp;&nbsp;&nbsp;&nbsp;一提到网络营销，没有人不知道百度付费推广。不做付费推广，就不能是说你从事的是网络营销。网络营销是个大范围，包含了多方面的知识，其中百度竞价就是非常&editorValue=<p>&nbsp;&nbsp;&nbsp;&nbsp;一提到网络营销，没有人不知道百度付费推广。不做付费推广，就不能是说你从事的是网络营销。网络营销是个大范围，包含了多方面的知识，其中百度竞价就是非常&mGeneTemplate=&titleImage=&documentTemplete=woshang-doc.jsp&fileAddr=&size=&geneTemplate=template/woshang-doc.ftl&id=1457250526263&sourceAddr=&keyword=网络营销,广州智沃&channelId=1457152309638',''),('1457254556050','access','admin','/admin',NULL,'/admin/document/create','POST','fileName=&color=&hidden=true&contentShort=  传统企业走向互联网的渠道一般都是建网站，随着互联网+的普及，越来越多的建站公司应运而生，各种类型的网站也如雨后春笋般涌现出来。但随着互联网技术的高速发展，网站也开始有了偏重的方向，就如当前，已经越&assetsIds=&author=&recommend=false&source=&title=火遍全网的营销型网站，价值到底有几分？&priority=&content=<p><br/></p><p>&nbsp; 传统企业走向互联网的渠道一般都是建网站，随着互联网+的普及，越来越多的建站公司应运而生，各种类型的网站也如雨后春笋般涌现出来。但随着互联网技术的高速发展，网&editorValue=<p><br/></p><p>&nbsp; 传统企业走向互联网的渠道一般都是建网站，随着互联网+的普及，越来越多的建站公司应运而生，各种类型的网站也如雨后春笋般涌现出来。但随着互联网技术的高速发展，网&mGeneTemplate=template/m-woshang-doc.ftl&titleImage=&documentTemplete=woshang-doc.jsp&fileAddr=&size=&geneTemplate=template/woshang-doc.ftl&sourceAddr=&keyword=&channelId=1457152309638',''),('1457254691570','access','admin','/admin',NULL,'/admin/document/create','POST','fileName=&color=&hidden=true&contentShort=  长尾关键词是指那些非目标关键词但也可以带来搜索流量的关键词。长尾关键词带来的客户，转化为网站产品客户的概率比目标关键词高很多。所以长尾关键词对于一个网站的盈利情况有很重要的影响，接下来，牛商网资深&assetsIds=&author=&recommend=false&source=&title=百度竞价账户诊断之：长尾词的挑选和优化法则&priority=&content=<p>&nbsp; 长尾关键词是指那些非目标关键词但也可以带来搜索流量的关键词。长尾关键词带来的客户，转化为网站产品客户的概率比目标关键词高很多。所以长尾关键词对于一个网站的盈利情况有很重要的影响，接&editorValue=<p>&nbsp; 长尾关键词是指那些非目标关键词但也可以带来搜索流量的关键词。长尾关键词带来的客户，转化为网站产品客户的概率比目标关键词高很多。所以长尾关键词对于一个网站的盈利情况有很重要的影响，接&mGeneTemplate=template/m-woshang-doc.ftl&titleImage=&documentTemplete=woshang-doc.jsp&fileAddr=&size=&geneTemplate=template/woshang-doc.ftl&sourceAddr=&keyword=&channelId=1457152309638',''),('1457254981801','access','admin','/admin',NULL,'/admin/document/create','POST','fileName=&color=&hidden=true&contentShort= 互联网风潮现在可谓是大热，市场上也涌现了很多网站建设公司。但是对于正真能通过网络营销赚钱的企业其实并不多，因为大部分都是盲目跟风，导致花了钱，费了时却没有效果。  1、内容是基础，视觉才是重点  由&assetsIds=&author=&recommend=false&source=&title=专家解读：营销型网站建设的四大关键&priority=&content=<p>&nbsp;互联网风潮现在可谓是大热，市场上也涌现了很多网站建设公司。但是对于正真能通过网络营销赚钱的企业其实并不多，因为大部分都是盲目跟风，导致花了钱，费了时却没有效果。</p><p>&nbs&editorValue=<p>&nbsp;互联网风潮现在可谓是大热，市场上也涌现了很多网站建设公司。但是对于正真能通过网络营销赚钱的企业其实并不多，因为大部分都是盲目跟风，导致花了钱，费了时却没有效果。</p><p>&nbs&mGeneTemplate=template/m-woshang-doc.ftl&titleImage=&documentTemplete=woshang-doc.jsp&fileAddr=&size=&geneTemplate=template/woshang-doc.ftl&sourceAddr=&keyword=&channelId=1451532077867',''),('1457255213715','access','admin','/admin',NULL,'/admin/document/create','POST','fileName=&color=&hidden=true&contentShort=    官网代表着企业的品牌和形象，一定程度上就是整个企业的浓缩。一般来说，官网需要有着相当高的严谨性和严密性，当然也可以融入一些欢乐和亲和的元素。如果是一板一眼的风格，就像是板着面孔应对用户一样，从&assetsIds=&author=&recommend=false&source=&title=如何让访客对你的官网一见钟情？&priority=&content=<p>&nbsp;&nbsp;&nbsp;&nbsp;官网代表着企业的品牌和形象，一定程度上就是整个企业的浓缩。一般来说，官网需要有着相当高的严谨性和严密性，当然也可以融入一些欢乐和亲和的元素。如果是&editorValue=<p>&nbsp;&nbsp;&nbsp;&nbsp;官网代表着企业的品牌和形象，一定程度上就是整个企业的浓缩。一般来说，官网需要有着相当高的严谨性和严密性，当然也可以融入一些欢乐和亲和的元素。如果是&mGeneTemplate=template/m-woshang-doc.ftl&titleImage=&documentTemplete=woshang-doc.jsp&fileAddr=&size=&geneTemplate=template/woshang-doc.ftl&sourceAddr=&keyword=&channelId=1451532077867',''),('1457255524507','access','admin','/admin',NULL,'/admin/document/create','POST','fileName=&color=&hidden=true&contentShort=    据不完全统计，中国每天大约有一亿人在上网，对于企业来说，这可能是一亿个潜在客户，由此，很多企业开始急于找网站建设公司建设网站，迫切地希望能迅速在网上占据一席之地。那么究竟建设一个营销型网站到底&assetsIds=&author=&recommend=false&source=&title=企业为什么要建设网站？&priority=&content=<p>&nbsp;&nbsp;&nbsp;&nbsp;据不完全统计，中国每天大约有一亿人在上网，对于企业来说，这可能是一亿个潜在客户，由此，很多企业开始急于找网站建设公司建设网站，迫切地希望能迅速在网&editorValue=<p>&nbsp;&nbsp;&nbsp;&nbsp;据不完全统计，中国每天大约有一亿人在上网，对于企业来说，这可能是一亿个潜在客户，由此，很多企业开始急于找网站建设公司建设网站，迫切地希望能迅速在网&mGeneTemplate=template/m-woshang-doc.ftl&titleImage=&documentTemplete=woshang-doc.jsp&fileAddr=&size=&geneTemplate=template/woshang-doc.ftl&sourceAddr=&keyword=为什么要建设网站&channelId=1451532077867',''),('1457255820121','access','admin','/admin',NULL,'/admin/document/update/1457250526263','POST','fileName=&color=&hidden=true&contentShort=    一提到网络营销，没有人不知道百度付费推广。不做付费推广，就不能是说你从事的是网络营销。网络营销是个大范围，包含了多方面的知识，其中百度竞价就是非常重要的一个环节。很多新人刚接触百度竞价的时候，&assetsIds=&author=&recommend=false&source=&title=走出百度竞价误区，让你的百度付费推广更简单&priority=&content=<p>&nbsp;&nbsp;&nbsp;&nbsp;一提到网络营销，没有人不知道百度付费推广。不做付费推广，就不能是说你从事的是网络营销。网络营销是个大范围，包含了多方面的知识，其中百度竞价就是非常&editorValue=<p>&nbsp;&nbsp;&nbsp;&nbsp;一提到网络营销，没有人不知道百度付费推广。不做付费推广，就不能是说你从事的是网络营销。网络营销是个大范围，包含了多方面的知识，其中百度竞价就是非常&mGeneTemplate=template/m-woshang-doc.ftl&titleImage=&documentTemplete=woshang-doc.jsp&fileAddr=&size=&geneTemplate=template/woshang-doc.ftl&id=1457250526263&sourceAddr=&keyword=网络营销,广州智沃&channelId=1457152309638',''),('1457255865060','access','admin','/admin',NULL,'/admin/document/update/1457249195480','POST','fileName=&color=&hidden=true&contentShort=    网络营销，重点在于营销。不管是站内优化还是站外推广，最终目的都是带来转化。流量不是目标，询盘不是目的，我们每一个环节做的每一件事情，都是为了引导客户成交，获得最终的盈利。    首先，简化转化&assetsIds=&author=&recommend=false&source=&title=三大绝招教你快速提高网络营销转化率，效果棒棒哒！&priority=&content=<p>&nbsp;&nbsp;&nbsp;&nbsp;网络营销，重点在于营销。不管是站内优化还是站外推广，最终目的都是带来转化。流量不是目标，询盘不是目的，我们每一个环节做的每一件事情，都是为了引导客&editorValue=<p>&nbsp;&nbsp;&nbsp;&nbsp;网络营销，重点在于营销。不管是站内优化还是站外推广，最终目的都是带来转化。流量不是目标，询盘不是目的，我们每一个环节做的每一件事情，都是为了引导客&mGeneTemplate=template/m-woshang-doc.ftl&titleImage=&documentTemplete=woshang-doc.jsp&fileAddr=&size=&geneTemplate=template/woshang-doc.ftl&id=1457249195480&sourceAddr=&keyword=网络营销,广州智沃&channelId=1457152309638',''),('1457256149344','access','admin','/admin',NULL,'/admin/channel/deleteById','POST','idstring=1451555208927,1451555446829',''),('1457404914093','access','admin','/zwoinfo/admin',NULL,'/zwoinfo/admin/document/update/1457238571653','POST','fileName=kangweisi.png&color=&hidden=true&contentShort=     公司网址：http://www.scklo.com/    公司介绍：坐落在“世界工厂”东莞市的康维斯包装制品有限公司，十年磨一剑，打造出强大的工艺设计团队、自动化生产设备和流水线，集各类礼&assetsIds=1457238186718,1457238386999,1457404807857,1457404885492&author=&recommend=false&source=&title=康维斯包装制品有限公司&priority=&content=<p><strong>&nbsp; &nbsp; &nbsp;公司网址：</strong>http://www.scklo.com/</p><p><strong>&nbsp;&nbsp;&nbsp;&&editorValue=<p><strong>&nbsp; &nbsp; &nbsp;公司网址：</strong>http://www.scklo.com/</p><p><strong>&nbsp;&nbsp;&nbsp;&&mGeneTemplate=template/m-woshang-doc.ftl&titleImage=&documentTemplete=woshang-doc.jsp&fileAddr=/upload/1/20160308/kangweisi.png&size=412304&geneTemplate=template/woshang-doc.ftl&id=1457238571653&sourceAddr=&keyword=广州智沃,康维斯&channelId=1451531531116',''),('1457405850876','access','admin','/zwoinfo/admin',NULL,'/zwoinfo/admin/document/update/1457170595046','POST','fileName=20160229J8R6TBP026.jpg&color=&hidden=true&contentShort=    质量度是推广过程中衡量关键词排名的关键指标之一，官方给出的质量度定义是：“质量度主要反映网民对参与百度推广的关键词以及关键词创意的认可程度”，也足以证明质量度在推广中、在关键词排名中的重要性。&assetsIds=1457170220257,1457170433990,1457170537238,1457405705948,1457405840086&author=&recommend=false&source=&title=练好这些基本功，玩转百度付费推广更容易！&priority=&content=<p>&nbsp;&nbsp;&nbsp;&nbsp;质量度是推广过程中衡量关键词排名的关键指标之一，官方给出的质量度定义是：“质量度主要反映网民对参与百度推广的关键词以及关键词创意的认可程度”，也足&editorValue=<p>&nbsp;&nbsp;&nbsp;&nbsp;质量度是推广过程中衡量关键词排名的关键指标之一，官方给出的质量度定义是：“质量度主要反映网民对参与百度推广的关键词以及关键词创意的认可程度”，也足&mGeneTemplate=template/m-woshang-doc.ftl&titleImage=&documentTemplete=woshang-doc.jsp&fileAddr=/upload/1/20160308/20160229J8R6TBP026.jpg&size=31017&geneTemplate=template/woshang-doc.ftl&id=1457170595046&sourceAddr=&keyword=关键词质量度优化,百度付费推广,智沃网&channelId=1451532077867',''),('1457405947544','access','admin','/zwoinfo/admin',NULL,'/zwoinfo/admin/document/update/1457170595046','POST','fileName=20160229J8R6TBP026.jpg&color=&hidden=true&contentShort=    质量度是推广过程中衡量关键词排名的关键指标之一，官方给出的质量度定义是：“质量度主要反映网民对参与百度推广的关键词以及关键词创意的认可程度”，也足以证明质量度在推广中、在关键词排名中的重要性。&assetsIds=1457170220257,1457170433990,1457170537238,1457405705948,1457405840086&author=&recommend=false&source=&title=练好这些基本功，玩转百度付费推广更容易！&priority=&content=<p>&nbsp;&nbsp;&nbsp;&nbsp;质量度是推广过程中衡量关键词排名的关键指标之一，官方给出的质量度定义是：“质量度主要反映网民对参与百度推广的关键词以及关键词创意的认可程度”，也足&editorValue=<p>&nbsp;&nbsp;&nbsp;&nbsp;质量度是推广过程中衡量关键词排名的关键指标之一，官方给出的质量度定义是：“质量度主要反映网民对参与百度推广的关键词以及关键词创意的认可程度”，也足&mGeneTemplate=template/m-woshang-doc.ftl&titleImage=&documentTemplete=woshang-doc.jsp&fileAddr=/upload/1/20160308/20160229J8R6TBP026.jpg&size=31017&geneTemplate=template/woshang-doc.ftl&id=1457170595046&sourceAddr=&keyword=关键词质量度优化,百度付费推广,智沃网&channelId=1451532077867',''),('1457406633183','access','admin','/zwoinfo/admin',NULL,'/zwoinfo/admin/document/update/1457238252125','POST','fileName=keliou.png&color=&hidden=true&contentShort=     公司网址：http://www.scklo.com/    公司介绍：四川科利欧环保科技有限公司是国内第一家专注于工业车间整体除尘净化的高新技术企业，专门面向传统铸造企业、机械加工企业，提供&assetsIds=1457238186718,1457406620641&author=&recommend=false&source=&title=科利欧环保科技&priority=&content=<p><strong>&nbsp; &nbsp; &nbsp;公司网址：</strong>http://www.scklo.com/</p><p><strong>&nbsp;&nbsp;&nbsp;&&editorValue=<p><strong>&nbsp; &nbsp; &nbsp;公司网址：</strong>http://www.scklo.com/</p><p><strong>&nbsp;&nbsp;&nbsp;&&mGeneTemplate=template/m-woshang-doc.ftl&titleImage=&documentTemplete=woshang-doc.jsp&fileAddr=/upload/1/20160308/keliou.png&size=465104&geneTemplate=template/woshang-doc.ftl&id=1457238252125&sourceAddr=&keyword=广州智沃,科利欧,环保科技&channelId=1451531531116',''),('1457406705445','access','admin','/zwoinfo/admin',NULL,'/zwoinfo/admin/document/update/1457236582609','POST','fileName=wuxizhongya.png&color=&hidden=true&contentShort=    公司网址：http://www.zhongyatm.com/    盈利模式：产品展示    公司介绍：中亚是一家商标代理服务公司。    老板感言：新学员不懂网络营销没关系，但一定要做，要学&assetsIds=1457236565565,1457406686040&author=&recommend=false&source=&title=无锡中亚商标代理服务公司&priority=&content=<p><strong>&nbsp;&nbsp;&nbsp;&nbsp;公司网址</strong>：http://www.zhongyatm.com/</p><p><strong>&nbsp;&nbsp&editorValue=<p><strong>&nbsp;&nbsp;&nbsp;&nbsp;公司网址</strong>：http://www.zhongyatm.com/</p><p><strong>&nbsp;&nbsp&mGeneTemplate=template/m-woshang-doc.ftl&titleImage=&documentTemplete=woshang-doc.jsp&fileAddr=/upload/1/20160308/wuxizhongya.png&size=435158&geneTemplate=template/woshang-doc.ftl&id=1457236582609&sourceAddr=&keyword=智沃案例,无锡中亚&channelId=1451531531116',''),('1457406831146','access','admin','/zwoinfo/admin',NULL,'/zwoinfo/admin/document/update/1457235306045','POST','fileName=wuximoding.png&color=&hidden=true&contentShort=    公司网址：www.mountcn.com    公司介绍：无锡摩顶科技有限公司成立于2011年1月。主要通过“人工生态湿地”实现“雨水、景观水、生活污水”净化利用，节省建设项目60-100%的&assetsIds=1457234638225,1457406817216&author=&recommend=false&source=&title=无锡摩顶科技有限公司&priority=&content=<p><strong>&nbsp;&nbsp;&nbsp;&nbsp;公司网址：</strong><a href=\"http://www.mountcn.com\" target=\"_blank\">ww&editorValue=<p><strong>&nbsp;&nbsp;&nbsp;&nbsp;公司网址：</strong><a href=\"http://www.mountcn.com\" target=\"_blank\">ww&mGeneTemplate=template/m-woshang-doc.ftl&titleImage=&documentTemplete=woshang-doc.jsp&fileAddr=/upload/1/20160308/wuximoding.png&size=1552591&geneTemplate=template/woshang-doc.ftl&id=1457235306045&sourceAddr=&keyword=智沃案例,无锡摩顶&channelId=1451531531116','');
/*!40000 ALTER TABLE `log` ENABLE KEYS */;
UNLOCK TABLES;

--
-- Table structure for table `t_qunhu_info`
--

DROP TABLE IF EXISTS `t_qunhu_info`;
/*!40101 SET @saved_cs_client     = @@character_set_client */;
/*!40101 SET character_set_client = utf8 */;
CREATE TABLE `t_qunhu_info` (
  `id` int(11) NOT NULL AUTO_INCREMENT,
  `create_Name` varchar(120) DEFAULT NULL COMMENT '数据规则：qunhu20150929_4455,qunhu+当天时间+4455是上一条记录的“_”后面的数字+1',
  `table_Name` varchar(120) DEFAULT NULL COMMENT '数据表名',
  `times` varchar(120) DEFAULT NULL,
  `callbs` varchar(120) DEFAULT NULL,
  `countB` int(11) DEFAULT NULL,
  `filename` varchar(120) DEFAULT NULL,
  `ip` varchar(120) DEFAULT NULL,
  `leixing` int(11) DEFAULT '0',
  PRIMARY KEY (`id`)
) ENGINE=InnoDB AUTO_INCREMENT=7 DEFAULT CHARSET=utf8;
/*!40101 SET character_set_client = @saved_cs_client */;

--
-- Dumping data for table `t_qunhu_info`
--

LOCK TABLES `t_qunhu_info` WRITE;
/*!40000 ALTER TABLE `t_qunhu_info` DISABLE KEYS */;
INSERT INTO `t_qunhu_info` VALUES (1,'1',NULL,NULL,NULL,NULL,NULL,NULL,1),(2,'1',NULL,NULL,NULL,NULL,NULL,NULL,2),(3,'2',NULL,NULL,NULL,NULL,NULL,NULL,1),(4,'2',NULL,NULL,NULL,NULL,NULL,NULL,2),(5,'3',NULL,NULL,NULL,NULL,NULL,NULL,1),(6,'3',NULL,NULL,NULL,NULL,NULL,NULL,2);
/*!40000 ALTER TABLE `t_qunhu_info` ENABLE KEYS */;
UNLOCK TABLES;

--
-- Table structure for table `tb_assets`
--

DROP TABLE IF EXISTS `tb_assets`;
/*!40101 SET @saved_cs_client     = @@character_set_client */;
/*!40101 SET character_set_client = utf8 */;
CREATE TABLE `tb_assets` (
  `id` varchar(120) NOT NULL,
  `name` varchar(120) DEFAULT NULL,
  `path` varchar(1200) DEFAULT NULL,
  `url` varchar(120) DEFAULT NULL,
  `create_date` datetime DEFAULT NULL,
  `update_date` datetime DEFAULT NULL,
  `size` int(11) DEFAULT NULL,
  PRIMARY KEY (`id`)
) ENGINE=InnoDB DEFAULT CHARSET=utf8;
/*!40101 SET character_set_client = @saved_cs_client */;

--
-- Dumping data for table `tb_assets`
--

LOCK TABLES `tb_assets` WRITE;
/*!40000 ALTER TABLE `tb_assets` DISABLE KEYS */;
INSERT INTO `tb_assets` VALUES ('1447078926018','20151109_102205.jpg','D:\\workspace\\.metadata\\.me_tcat7\\webapps\\syst\\\\upload\\1\\20151109_102205.jpg','/upload/1/20151109_102205.jpg','2015-11-09 22:22:06',NULL,NULL),('1447083013186','20151109_113013.jpg','D:\\workspace\\.metadata\\.me_tcat7\\webapps\\syst\\\\upload\\1\\20151109_113013.jpg','/upload/1/20151109_113013.jpg','2015-11-09 23:30:13',NULL,NULL),('1447083480982','20151109_113800.jpg','D:\\workspace\\.metadata\\.me_tcat7\\webapps\\syst\\\\upload\\1\\20151109_113800.jpg','/upload/1/20151109_113800.jpg','2015-11-09 23:38:01',NULL,NULL),('1447083499131','20151109_113819.jpg','D:\\workspace\\.metadata\\.me_tcat7\\webapps\\syst\\\\upload\\1\\20151109_113819.jpg','/upload/1/20151109_113819.jpg','2015-11-09 23:38:19',NULL,NULL),('1447502268742','20151114_075748.jpg','D:\\workspace\\.metadata\\.me_tcat7\\webapps\\syst\\upload\\1\\20151114_075748.jpg','/upload/1/20151114_075748.jpg','2015-11-14 19:57:49',NULL,NULL),('1447502638620','20151114_080358.jpg','D:\\workspace\\.metadata\\.me_tcat7\\webapps\\syst\\upload\\1\\20151114_080358.jpg','/upload/1/20151114_080358.jpg','2015-11-14 20:03:59',NULL,NULL),('1447502700691','20151114_080500.jpg','D:\\workspace\\.metadata\\.me_tcat7\\webapps\\syst\\upload\\1\\20151114_080500.jpg','/upload/1/20151114_080500.jpg','2015-11-14 20:05:01',NULL,NULL),('1447502727148','20151114_080527.png','D:\\workspace\\.metadata\\.me_tcat7\\webapps\\syst\\upload\\1\\20151114_080527.png','/upload/1/20151114_080527.png','2015-11-14 20:05:27',NULL,NULL),('1447634062641','20151116_083422.jpg','D:\\workspace\\.metadata\\.me_tcat7\\webapps\\syst\\upload\\1\\20151116_083422.jpg','/upload/1/20151116_083422.jpg','2015-11-16 08:34:23',NULL,NULL),('1447634224837','20151116_083704.jpg','D:\\workspace\\.metadata\\.me_tcat7\\webapps\\syst\\upload\\1\\20151116_083704.jpg','/upload/1/20151116_083704.jpg','2015-11-16 08:37:05',NULL,NULL),('1447634301705','20151116_083821.jpg','D:\\workspace\\.metadata\\.me_tcat7\\webapps\\syst\\upload\\1\\20151116_083821.jpg','/upload/1/20151116_083821.jpg','2015-11-16 08:38:22',NULL,NULL),('1447634377568','20151116_083937.jpg','D:\\workspace\\.metadata\\.me_tcat7\\webapps\\syst\\upload\\1\\20151116_083937.jpg','/upload/1/20151116_083937.jpg','2015-11-16 08:39:38',NULL,NULL),('1447639253865','20151116_100053.jpg','D:\\workspace\\.metadata\\.me_tcat7\\webapps\\syst\\upload\\1\\20151116_100053.jpg','/upload/1/20151116_100053.jpg','2015-11-16 10:00:54',NULL,NULL),('1447639355125','20151116_100235.jpg','D:\\workspace\\.metadata\\.me_tcat7\\webapps\\syst\\upload\\1\\20151116_100235.jpg','/upload/1/20151116_100235.jpg','2015-11-16 10:02:35',NULL,NULL),('1447662907538','20151116_043507.jpg','D:\\workspace\\.metadata\\.me_tcat7\\webapps\\syst\\upload\\1\\20151116_043507.jpg','/upload/1/20151116_043507.jpg','2015-11-16 16:35:08',NULL,NULL),('1447990985292','20151120_114304.jpg','D:\\workspace\\.metadata\\.me_tcat7\\webapps\\syst3_module\\upload\\1\\20151120_114304.jpg','/upload/1/20151120_114304.jpg','2015-11-20 11:43:05',NULL,NULL),('1447993341525','20151120_122221.jpg','D:\\Program Files (x86)\\MyEclipse Professional\\plugins\\com.genuitec.eclipse.easie.tomcat7.myeclipse_11.0.0.me201305151620\\tomcat\\bin\\webapp\\upload\\20151120_122221.jpg','/upload/1/20151120_122221.jpg','2015-11-20 12:22:22',NULL,NULL),('1447993438811','20151120_122348.jpg','/alidata/apachapache-tomcat-7.0.65/webapps/syst/upload/20151120_122348.jpg','/upload/1/20151120_122348.jpg','2015-11-20 12:23:59',NULL,NULL),('1447995460184','20151120_125739.jpg','D:\\Program Files\\apache-tomcat-7.0.59\\webapps\\syst\\upload\\20151120_125739.jpg','/upload/1/20151120_125739.jpg','2015-11-20 12:57:40',NULL,NULL),('1447995867580','20151120_010357.jpg','D://workspace//jcincms_base//syst3_module//src//main//webapp//upload//20151120_010357.jpg','/upload/1/20151120_010357.jpg','2015-11-20 13:04:28',NULL,NULL),('1447996348316','20151120_011215.jpg','D://workspace//jcincms_base//syst3_module//src//main//webapp//upload//20151120_011215.jpg','/upload/1/20151120_011215.jpg','2015-11-20 13:12:28',NULL,NULL),('1447998572022','20151120_014931.jpg','D://workspace//.metadata//.me_tcat7//webapps//syst//upload//20151120_014931.jpg','/upload/1/20151120_014931.jpg','2015-11-20 13:49:32',NULL,NULL),('1447998802063','20151120_015310.jpg','D:\\workspace\\.metadata\\.me_tcat7\\webapps\\syst\\upload\\1\\20151120_015310.jpg','/upload/1/20151120_015310.jpg','2015-11-20 13:53:22',NULL,NULL),('1447999133900','20151120_015850.jpg','D:\\workspace\\.metadata\\.me_tcat7\\webapps\\syst\\upload\\1\\20151120_015850.jpg','/upload/1/20151120_015850.jpg','2015-11-20 13:58:54',NULL,NULL),('1447999374906','20151120_020254.jpg','D:\\workspace\\.metadata\\.me_tcat7\\webapps\\syst//upload\\20151120_020254.jpg','/upload/1/20151120_020254.jpg','2015-11-20 14:02:55',NULL,NULL),('1447999562740','20151120_020602.jpg','D:\\workspace\\.metadata\\.me_tcat7\\webapps\\syst\\upload\\20151120_020602.jpg','/upload/1/20151120_020602.jpg','2015-11-20 14:06:03',NULL,NULL),('1447999660911','20151120_020740.jpg','D:\\workspace\\.metadata\\.me_tcat7\\webapps\\syst\\upload\\1\\20151120_020740.jpg','/upload/1/20151120_020740.jpg','2015-11-20 14:07:41',NULL,NULL),('1447999837785','20151120_021037.jpg','D:\\workspace\\.metadata\\.me_tcat7\\webapps\\syst\\upload\\1\\20151120_021037.jpg','/upload/1/20151120_021037.jpg','2015-11-20 14:10:38',NULL,NULL),('1448006922435','20151120_040842.jpg','D:\\workspace\\.metadata\\.me_tcat7\\webapps\\syst\\upload\\1\\20151120_040842.jpg','/upload/1/20151120_040842.jpg','2015-11-20 16:08:42',NULL,NULL),('1449670053892','20151209_100733.jpg','D:\\workspace\\.metadata\\.me_tcat7\\webapps\\ROOT\\upload\\1\\20151209_100733.jpg','/upload/1/20151209_100733.jpg','2015-12-09 22:07:34',NULL,NULL),('1449670278887','20151209_101118.jpg','D:\\workspace\\.metadata\\.me_tcat7\\webapps\\syst3_module\\upload\\1\\20151209_101118.jpg','/upload/1/20151209_101118.jpg','2015-12-09 22:11:19',NULL,NULL),('1451552504539','20151231_050144.jpg','D:\\workspace\\.metadata\\.me_tcat7\\webapps\\ROOT\\upload\\1\\20151231_050144.jpg','/upload/1/20151231_050144.jpg','2015-12-31 17:01:45',NULL,NULL),('1451552710943','20151231_050510.jpg','D:\\workspace\\.metadata\\.me_tcat7\\webapps\\ROOT\\upload\\1\\20151231_050510.jpg','/upload/1/20151231_050510.jpg','2015-12-31 17:05:11',NULL,NULL),('1451553025864','20151231_051025.jpg','D:\\workspace\\.metadata\\.me_tcat7\\webapps\\ROOT\\upload\\1\\20151231_051025.jpg','/upload/1/20151231_051025.jpg','2015-12-31 17:10:26',NULL,NULL),('1451553354074','20151231_051553.jpg','D:\\workspace\\.metadata\\.me_tcat7\\webapps\\ROOT\\upload\\1\\20151231_051553.jpg','/upload/1/20151231_051553.jpg','2015-12-31 17:15:54',NULL,NULL),('1451553896373','20151231_052456.jpg','D:\\workspace\\.metadata\\.me_tcat7\\webapps\\ROOT\\upload\\1\\20151231_052456.jpg','/upload/1/20151231_052456.jpg','2015-12-31 17:24:56',NULL,NULL),('1451554278520','20151231_053118.jpg','D:\\workspace\\.metadata\\.me_tcat7\\webapps\\ROOT\\upload\\1\\20151231_053118.jpg','/upload/1/20151231_053118.jpg','2015-12-31 17:31:19',NULL,NULL),('1453869482968','20160127_123802.jpg','D:\\Program Files\\apache-tomcat-7.0.59\\webapps\\ROOT\\upload\\1\\20160127_123802.jpg','/upload/1/20160127_123802.jpg','2016-01-27 12:38:03',NULL,NULL),('1453869765431','20160127_124245.jpg','D:\\Program Files\\apache-tomcat-7.0.59\\webapps\\ROOT\\upload\\1\\20160127_124245.jpg','/upload/1/20160127_124245.jpg','2016-01-27 12:42:45',NULL,NULL),('1457170220257','20160305_053019.jpg','D:\\Program Files (x86)\\apache-tomcat-6.0.43\\webapps\\ROOT\\upload\\1\\20160305\\20160305_053019.jpg','/upload/1/20160305/20160305_053019.jpg','2016-03-05 17:30:20',NULL,NULL),('1457170433990','20160305_053353.jpg','D:\\Program Files (x86)\\apache-tomcat-6.0.43\\webapps\\ROOT\\upload\\1\\20160305\\20160305_053353.jpg','/upload/1/20160305/20160305_053353.jpg','2016-03-05 17:33:54',NULL,NULL),('1457170537238','20160305_053537.jpg','D:\\Program Files (x86)\\apache-tomcat-6.0.43\\webapps\\ROOT\\upload\\1\\20160305\\20160305_053537.jpg','/upload/1/20160305/20160305_053537.jpg','2016-03-05 17:35:37',NULL,NULL),('1457234638225','20160306_112358.png','D:\\Program Files (x86)\\apache-tomcat-6.0.43\\webapps\\ROOT\\upload\\1\\20160306\\20160306_112358.png','/upload/1/20160306/20160306_112358.png','2016-03-06 11:23:58',NULL,NULL),('1457236565565','20160306_115605.png','D:\\Program Files (x86)\\apache-tomcat-6.0.43\\webapps\\ROOT\\upload\\1\\20160306\\20160306_115605.png','/upload/1/20160306/20160306_115605.png','2016-03-06 11:56:06',NULL,NULL),('1457237235369','20160306_120715.png','D:\\Program Files (x86)\\apache-tomcat-6.0.43\\webapps\\ROOT\\upload\\1\\20160306\\20160306_120715.png','/upload/1/20160306/20160306_120715.png','2016-03-06 12:07:15',NULL,NULL),('1457237663628','20160306_121423.png','D:\\Program Files (x86)\\apache-tomcat-6.0.43\\webapps\\ROOT\\upload\\1\\20160306\\20160306_121423.png','/upload/1/20160306/20160306_121423.png','2016-03-06 12:14:24',NULL,NULL),('1457238186718','20160306_122306.png','D:\\Program Files (x86)\\apache-tomcat-6.0.43\\webapps\\ROOT\\upload\\1\\20160306\\20160306_122306.png','/upload/1/20160306/20160306_122306.png','2016-03-06 12:23:07',NULL,NULL),('1457238386999','20160306_122626.png','D:\\Program Files (x86)\\apache-tomcat-6.0.43\\webapps\\ROOT\\upload\\1\\20160306\\20160306_122626.png','/upload/1/20160306/20160306_122626.png','2016-03-06 12:26:27',NULL,NULL),('1457404807857','wuxizhongya.png','D:\\Program Files (x86)\\apache-tomcat-6.0.43\\webapps\\zwoinfo\\upload\\1\\20160308\\wuxizhongya.png','/upload/1/20160308/wuxizhongya.png','2016-03-08 10:40:08',NULL,NULL),('1457404885492','kangweisi.png','D:\\Program Files (x86)\\apache-tomcat-6.0.43\\webapps\\zwoinfo\\upload\\1\\20160308\\kangweisi.png','/upload/1/20160308/kangweisi.png','2016-03-08 10:41:25',NULL,NULL),('1457405705948','20160229Z44N6FDVN4.jpg','D:\\Program Files (x86)\\apache-tomcat-6.0.43\\webapps\\zwoinfo\\upload\\1\\20160308\\20160229Z44N6FDVN4.jpg','/upload/1/20160308/20160229Z44N6FDVN4.jpg','2016-03-08 10:55:06',NULL,NULL),('1457405840086','20160229J8R6TBP026.jpg','D:\\Program Files (x86)\\apache-tomcat-6.0.43\\webapps\\zwoinfo\\upload\\1\\20160308\\20160229J8R6TBP026.jpg','/upload/1/20160308/20160229J8R6TBP026.jpg','2016-03-08 10:57:20',NULL,NULL),('1457406620641','keliou.png','D:\\Program Files (x86)\\apache-tomcat-6.0.43\\webapps\\zwoinfo\\upload\\1\\20160308\\keliou.png','/upload/1/20160308/keliou.png','2016-03-08 11:10:21',NULL,NULL),('1457406686040','wuxizhongya.png','D:\\Program Files (x86)\\apache-tomcat-6.0.43\\webapps\\zwoinfo\\upload\\1\\20160308\\wuxizhongya.png','/upload/1/20160308/wuxizhongya.png','2016-03-08 11:11:26',NULL,NULL),('1457406817216','wuximoding.png','D:\\Program Files (x86)\\apache-tomcat-6.0.43\\webapps\\zwoinfo\\upload\\1\\20160308\\wuximoding.png','/upload/1/20160308/wuximoding.png','2016-03-08 11:13:37',NULL,NULL);
/*!40000 ALTER TABLE `tb_assets` ENABLE KEYS */;
UNLOCK TABLES;

--
-- Table structure for table `tb_db_backup`
--

DROP TABLE IF EXISTS `tb_db_backup`;
/*!40101 SET @saved_cs_client     = @@character_set_client */;
/*!40101 SET character_set_client = utf8 */;
CREATE TABLE `tb_db_backup` (
  `id` varchar(120) NOT NULL,
  `name` varchar(120) DEFAULT NULL COMMENT '名称',
  `path` varchar(120) DEFAULT NULL COMMENT '存放路径',
  `create_date` datetime DEFAULT NULL COMMENT '创建日期',
  PRIMARY KEY (`id`)
) ENGINE=InnoDB DEFAULT CHARSET=utf8 COMMENT='数据库备份表';
/*!40101 SET character_set_client = @saved_cs_client */;

--
-- Dumping data for table `tb_db_backup`
--

LOCK TABLES `tb_db_backup` WRITE;
/*!40000 ALTER TABLE `tb_db_backup` DISABLE KEYS */;
INSERT INTO `tb_db_backup` VALUES ('00ea3581-b53c-44f0-82db-2784f7caf669','20151116_050901.sql','D:\\MySQl\\20151116_050901.sql','2015-11-16 17:09:09'),('05873571-d56c-4ede-be02-63c7c0bc921e','20160127_093309.sql','D:\\MySQl\\20160127_093309.sql','2016-01-27 09:33:52'),('071d58bb-4e8e-4bc2-8cdc-0e7010d29241','20160127_011545.sql','D:\\MySQl\\20160127_011545.sql','2016-01-27 13:15:47'),('0a5ce7b4-5ea0-4604-a60a-7dd683cd2047','20151222_120000.sql','D:\\MySQl\\20151222_120000.sql','2015-12-22 12:00:05'),('0e7e9396-59fe-4197-84f1-b57d217d5be9','20151224_120000.sql','D:\\MySQl\\20151224_120000.sql','2015-12-24 12:00:05'),('0f7fe247-fcb4-46d7-8d4e-d9ebf73fb671','20160127_120000.sql','D:\\MySQl\\20160127_120000.sql','2016-01-27 12:00:03'),('13c423c3-f29e-405a-bd79-64e360e40d8f','20151211_120000.sql','D:\\MySQl\\20151211_120000.sql','2015-12-11 12:00:06'),('175cbe34-be44-44a7-b368-fe132c5ba818','20160201_120000.sql','D:\\MySQl\\20160201_120000.sql','2016-02-01 12:00:04'),('1e905c3f-1767-4aec-a9ca-77f4fcd54632','20151120_120000.sql','D:\\MySQl\\20151120_120000.sql','2015-11-20 12:00:09'),('1f457b78-7e47-4cf6-8944-437522a1edc3','20160103_120000.sql','D:\\MySQl\\20160103_120000.sql','2016-01-03 12:00:04'),('2248fca4-807c-499f-9806-5088bf55aa8e','20151231_125917.sql','D:\\MySQl\\20151231_125917.sql','2015-12-31 12:59:54'),('28397621-26c4-4b77-9a66-e7fecfe12dff','20160103_085205.sql','D:\\MySQl\\20160103_085205.sql','2016-01-03 08:53:03'),('28b352e2-aa80-49fc-b837-df32cc474644','20151220_015938.sql','D:\\MySQl\\20151220_015938.sql','2015-12-20 14:00:15'),('2adb1796-d424-4775-8d16-ca44480b86cd','20160302_120000.sql','D:\\MySQl\\20160302_120000.sql','2016-03-02 12:00:03'),('2c1be27c-d911-4245-bf58-84eeb9763a4c','20160308_113020.sql','D:\\MySQl\\20160308_113020.sql','2016-03-08 11:30:26'),('2d69961d-1793-4ea9-a7a1-24e726210ed5','20160125_120000.sql','D:\\MySQl\\20160125_120000.sql','2016-01-25 12:00:04'),('2dd2a112-33f2-401d-8227-b0faa6a1f0fa','20151215_120000.sql','D:\\MySQl\\20151215_120000.sql','2015-12-15 12:00:06'),('308f450a-cbe6-49ad-ab0f-8313ab906023','20160308_120000.sql','D:\\MySQl\\20160308_120000.sql','2016-03-08 12:00:13'),('34bb3d52-90d3-432d-8224-3ad66a45f954','20151209_120000.sql','D:\\MySQl\\20151209_120000.sql','2015-12-09 12:00:08'),('37d0fa1f-b137-451c-b87d-debb477b609c','20160110_120000.sql','D:\\MySQl\\20160110_120000.sql','2016-01-10 12:00:03'),('3d1c8815-a107-4e64-b30a-ac7ff488481c','20160224_120006.sql','D:\\MySQl\\20160224_120006.sql','2016-02-24 12:00:12'),('3e77a379-4044-42b0-8065-dae06ca6bed1','20151130_084929.sql','D:\\MySQl\\20151130_084929.sql','2015-11-30 20:49:34'),('3f7ec99f-cac3-4adc-bbb5-5faf5fb9f109','20151121_120801.sql','D:\\MySQl\\20151121_120801.sql','2015-11-21 12:08:05'),('42954a53-0c43-4504-a2ef-d6535e21426b','20151219_120000.sql','D:\\MySQl\\20151219_120000.sql','2015-12-19 12:00:14'),('44ace728-9f1b-4891-b9f6-d7073c623998','20151205_120000.sql','D:\\MySQl\\20151205_120000.sql','2015-12-05 12:00:04'),('474f0d6c-e666-46db-aa7f-2879c4a1726b','20160109_120007.sql','D:\\MySQl\\20160109_120007.sql','2016-01-09 12:00:13'),('4ce3a913-fbf1-451a-9bba-5a0478043627','20151216_120011.sql','D:\\MySQl\\20151216_120011.sql','2015-12-16 12:00:19'),('534f0b93-1d04-45ea-b989-4db27984f684','20160108_120000.sql','D:\\MySQl\\20160108_120000.sql','2016-01-08 12:00:03'),('585e4dc4-61ff-4e68-afe5-42b852968662','20160307_093318.sql','D:\\MySQl\\20160307_093318.sql','2016-03-07 09:33:22'),('5a895712-b017-4395-b75c-b588c527f8fc','20160131_094307.sql','D:\\MySQl\\20160131_094307.sql','2016-01-31 21:43:31'),('5a974f1b-d405-42ad-b7f6-bee473d2d2a9','20160114_120000.sql','D:\\MySQl\\20160114_120000.sql','2016-01-14 12:00:02'),('5acd1370-25b0-4797-9028-03584c044569','20151223_120000.sql','D:\\MySQl\\20151223_120000.sql','2015-12-23 12:00:04'),('5ad31d88-6b8e-4eca-987e-2b39d999efbd','20151114_120000.sql','D:\\MySQl\\20151114_120000.sql','2015-11-14 12:00:08'),('5e48d180-dea5-42e8-99be-e6572b298405','20160309_120000.sql','D:\\MySQl\\20160309_120000.sql','2016-03-09 12:00:12'),('5e6ef543-63b1-47d2-82e0-4ca610daf6c8','20160111_101456.sql','D:\\MySQl\\20160111_101456.sql','2016-01-11 22:15:01'),('6135f1ff-2592-437f-a752-f4bcd42bb27d','20151225_014512.sql','D:\\MySQl\\20151225_014512.sql','2015-12-25 13:45:54'),('62206613-7adb-4532-a6e0-b8c9b4fff3f6','20160312_120000.sql','D:\\MySQl\\20160312_120000.sql','2016-03-12 12:00:05'),('626048b9-be6f-4432-aaa4-0fad8b5b4f8a','20160226_120000.sql','D:\\MySQl\\20160226_120000.sql','2016-02-26 12:00:09'),('69956a55-4768-4153-b608-f596b4d51dd2','20151226_120013.sql','D:\\MySQl\\20151226_120013.sql','2015-12-26 12:00:18'),('6cb5eff1-6f8f-4ac4-a529-9e5bf5a0d5b5','20160301_120000.sql','D:\\MySQl\\20160301_120000.sql','2016-03-01 12:00:05'),('6d65a193-5b54-4820-9d1c-f33b34b7397f','20151124_102626.sql','D:\\MySQl\\20151124_102626.sql','2015-11-24 10:26:34'),('6e0fd379-8540-4771-93d4-88edc6746c36','20151214_120000.sql','D:\\MySQl\\20151214_120000.sql','2015-12-14 12:00:05'),('71315119-2ed6-45e9-9817-ab8b23b7695e','20151117_120000.sql','D:\\MySQl\\20151117_120000.sql','2015-11-17 12:00:07'),('71a73000-4c0c-445b-ab94-52794af6a9a5','20160304_120000.sql','D:\\MySQl\\20160304_120000.sql','2016-03-04 12:00:05'),('735d1538-07df-4658-8d9e-e1331fa8c374','20151213_120000.sql','D:\\MySQl\\20151213_120000.sql','2015-12-13 12:00:04'),('749f0be8-41cb-47e7-8a5a-9b7d13c636cc','20151218_120008.sql','D:\\MySQl\\20151218_120008.sql','2015-12-18 12:00:16'),('82489958-6b00-4eff-8a12-cf861cd259ab','20151228_120000.sql','D:\\MySQl\\20151228_120000.sql','2015-12-28 12:00:09'),('87460ac9-08ff-41a4-ad5d-882d829aacb3','20151221_120000.sql','D:\\MySQl\\20151221_120000.sql','2015-12-21 12:00:06'),('8e7da96a-259f-4e43-b2da-ceb79a19d5bd','20160308_120000.sql','D:\\MySQl\\20160308_120000.sql','2016-03-08 12:00:03'),('926a460b-d0c6-4098-a881-11fa1e9cf31a','20160113_120000.sql','D:\\MySQl\\20160113_120000.sql','2016-01-13 12:00:06'),('93882a2c-6dfe-49c8-843f-272d833296e7','20160313_120000.sql','D:\\MySQl\\20160313_120000.sql','2016-03-13 12:00:06'),('99ce74a7-5d7d-44fd-9cb4-b6ea564de1f2','20151111_113314.sql','D:\\MySQl\\20151111_113314.sql','2015-11-11 11:33:16'),('9a86c8b8-27a8-42f8-a5f2-69159e2df3a1','20160105_120000.sql','D:\\MySQl\\20160105_120000.sql','2016-01-05 12:00:07'),('9b008405-54f1-4dc7-8096-3aa3a0f925d0','20151201_120000.sql','D:\\MySQl\\20151201_120000.sql','2015-12-01 12:00:03'),('9bb2a074-dbb5-4df9-9c4b-fb4014e6651f','20151128_120000.sql','D:\\MySQl\\20151128_120000.sql','2015-11-28 12:00:09'),('9c44dd15-1ca0-4a5e-bacc-082919cfbf9d','20160107_120000.sql','D:\\MySQl\\20160107_120000.sql','2016-01-07 12:00:02'),('a07de7cf-d5e5-4c63-b4c2-8db152378686','20160104_120002.sql','D:\\MySQl\\20160104_120002.sql','2016-01-04 12:00:08'),('a1281737-822a-42bf-a57f-511e0bcf7d51','20151111_120000.sql','D:\\MySQl\\20151111_120000.sql','2015-11-11 12:00:02'),('a20467d8-f1d9-4212-b595-be8a8b87e455','20160311_120000.sql','D:\\MySQl\\20160311_120000.sql','2016-03-11 12:00:07'),('a46ac729-f2fd-46ff-a403-35072c969e99','20151117_021327.sql','D:\\MySQl\\20151117_021327.sql','2015-11-17 14:13:31'),('aa7742fe-53de-4f87-92be-a8bb9437d3bb','20151130_120000.sql','D:\\MySQl\\20151130_120000.sql','2015-11-30 12:00:07'),('af784483-8bf1-4016-84d4-c33a2aa654c7','20160310_120000.sql','D:\\MySQl\\20160310_120000.sql','2016-03-10 12:00:08'),('b2384290-1fd9-4920-88f5-eacf8a77deb3','20151122_025007.sql','D:\\MySQl\\20151122_025007.sql','2015-11-22 14:50:39'),('b5d7f84b-31f6-470a-a293-d6ea8dd41a4e','20151211_072132.sql','D:\\MySQl\\20151211_072132.sql','2015-12-11 19:21:38'),('b9335479-3678-4844-a58f-8ed588d458d7','20160305_120000.sql','D:\\MySQl\\20160305_120000.sql','2016-03-05 12:00:02'),('b96d888d-99e2-49ad-b517-ed9196a93b77','20151210_120000.sql','D:\\MySQl\\20151210_120000.sql','2015-12-10 12:00:04'),('c2982d71-d2af-46f9-9710-80e18b95f2bd','20151203_120006.sql','D:\\MySQl\\20151203_120006.sql','2015-12-03 12:00:10'),('c55350ed-49e9-4d6f-a8a0-bd555b0daff2','20151121_120000.sql','D:\\MySQl\\20151121_120000.sql','2015-11-21 12:00:05'),('ca9e2f26-9324-438d-b865-82854945bdd1','20160109_110216.sql','D:\\MySQl\\20160109_110216.sql','2016-01-09 23:02:20'),('d23674e6-ccf1-4f91-8f95-9ffb71da5394','20160202_120000.sql','D:\\MySQl\\20160202_120000.sql','2016-02-02 12:00:05'),('d50f2837-3688-48aa-9495-a3fa983f27fd','20151204_120010.sql','D:\\MySQl\\20151204_120010.sql','2015-12-04 12:00:18'),('dcc46f1d-c3df-4700-a8bf-93439db97328','20160225_120000.sql','D:\\MySQl\\20160225_120000.sql','2016-02-25 12:00:06'),('e06680b4-6716-4cdb-b635-0ce2c6377772','20151112_025608.sql','D:\\MySQl\\20151112_025608.sql','2015-11-12 14:56:15'),('e8bfa4c0-3ff5-479c-9732-986ca3909635','20160130_120007.sql','D:\\MySQl\\20160130_120007.sql','2016-01-30 12:00:10'),('ea263157-5cb1-44aa-bf10-433fb5ebc8ad','20160228_120000.sql','D:\\MySQl\\20160228_120000.sql','2016-02-28 12:00:06'),('ea8bf930-74d1-4f79-b42a-c4dbb6187782','20151208_120000.sql','D:\\MySQl\\20151208_120000.sql','2015-12-08 12:00:07'),('ee415f5e-008c-4602-9a79-e71ace48d4ea','20160112_052914.sql','D:\\MySQl\\20160112_052914.sql','2016-01-12 17:29:47'),('f39073dd-b0ab-45d8-8617-24c85c6a0330','20160306_120000.sql','D:\\MySQl\\20160306_120000.sql','2016-03-06 12:00:03'),('f59c4904-adf6-4c55-a110-bf676c3d8c82','20160229_120000.sql','D:\\MySQl\\20160229_120000.sql','2016-02-29 12:00:08'),('f65b611f-94f9-4b38-acaf-37775712e32b','20151229_012255.sql','D:\\MySQl\\20151229_012255.sql','2015-12-29 13:23:48'),('f7b8fc5b-5cc4-4f33-ac5e-65a1e0beea6e','20160221_120007.sql','D:\\MySQl\\20160221_120007.sql','2016-02-21 12:00:14'),('fa520109-d3ac-42f9-a6a4-0769b59d0c8d','20151113_120000.sql','D:\\MySQl\\20151113_120000.sql','2015-11-13 12:00:14');
/*!40000 ALTER TABLE `tb_db_backup` ENABLE KEYS */;
UNLOCK TABLES;

--
-- Table structure for table `tb_dictionary`
--

DROP TABLE IF EXISTS `tb_dictionary`;
/*!40101 SET @saved_cs_client     = @@character_set_client */;
/*!40101 SET character_set_client = utf8 */;
CREATE TABLE `tb_dictionary` (
  `id` varchar(120) NOT NULL,
  `type` varchar(45) DEFAULT NULL,
  `label` varchar(45) DEFAULT NULL,
  `value` varchar(45) DEFAULT NULL,
  PRIMARY KEY (`id`)
) ENGINE=InnoDB DEFAULT CHARSET=utf8;
/*!40101 SET character_set_client = @saved_cs_client */;

--
-- Dumping data for table `tb_dictionary`
--

LOCK TABLES `tb_dictionary` WRITE;
/*!40000 ALTER TABLE `tb_dictionary` DISABLE KEYS */;
INSERT INTO `tb_dictionary` VALUES ('1444633076622','available','是','true'),('1444633285663','available','否','false'),('1444635718573','sex','男','1'),('1444635730059','sex','女','0'),('1445084486206','openMode','是','true'),('1445084504313','openMode','否','false'),('1445567200072','hidden','是','true'),('1445567211523','hidden','否','false'),('1445740433805','asdocument','是','true'),('1445740454594','asdocument','否','false'),('1447471583389','recommend','是','true'),('1447471593870','recommend','否','false');
/*!40000 ALTER TABLE `tb_dictionary` ENABLE KEYS */;
UNLOCK TABLES;

--
-- Table structure for table `tb_organization`
--

DROP TABLE IF EXISTS `tb_organization`;
/*!40101 SET @saved_cs_client     = @@character_set_client */;
/*!40101 SET character_set_client = utf8 */;
CREATE TABLE `tb_organization` (
  `id` varchar(120) NOT NULL,
  `name` varchar(120) DEFAULT NULL,
  `parent_id` varchar(120) DEFAULT NULL,
  `parent_ids` varchar(1200) DEFAULT NULL,
  `available` tinyint(1) DEFAULT '1',
  `create_date` datetime DEFAULT NULL,
  `update_date` datetime DEFAULT NULL,
  PRIMARY KEY (`id`),
  KEY `fk_orga_orga_idx` (`parent_id`),
  CONSTRAINT `fk_orga_orga` FOREIGN KEY (`parent_id`) REFERENCES `tb_organization` (`id`) ON DELETE CASCADE ON UPDATE CASCADE
) ENGINE=InnoDB DEFAULT CHARSET=utf8;
/*!40101 SET character_set_client = @saved_cs_client */;

--
-- Dumping data for table `tb_organization`
--

LOCK TABLES `tb_organization` WRITE;
/*!40000 ALTER TABLE `tb_organization` DISABLE KEYS */;
INSERT INTO `tb_organization` VALUES ('1444636328008','公司',NULL,NULL,1,'2015-10-12 15:52:08',NULL),('1444636521670','财务部','1444636328008','1444636328008',1,'2015-10-12 15:55:22',NULL),('1444636560192','市场部','1444636328008','1444636328008',0,NULL,'2015-10-15 14:52:00'),('1444636575952','研发部','1444636328008','1444636328008',1,'2015-10-12 15:56:16',NULL),('1444636666661','研发一部','1444636575952','1444636328008,1444636575952',1,'2015-10-12 15:57:47',NULL),('1444636687117','研发二部','1444636575952','1444636328008,1444636575952',1,'2015-10-12 15:58:07',NULL),('1444890482058','研发三部','1444636575952','1444636328008,1444636575952',1,'2015-10-15 14:28:02',NULL);
/*!40000 ALTER TABLE `tb_organization` ENABLE KEYS */;
UNLOCK TABLES;

--
-- Table structure for table `tb_organization_resource`
--

DROP TABLE IF EXISTS `tb_organization_resource`;
/*!40101 SET @saved_cs_client     = @@character_set_client */;
/*!40101 SET character_set_client = utf8 */;
CREATE TABLE `tb_organization_resource` (
  `id` varchar(120) NOT NULL,
  `organization_id` varchar(120) DEFAULT NULL,
  `resource_id` varchar(120) DEFAULT NULL,
  PRIMARY KEY (`id`),
  KEY `fk_tb_organization_resource_organization_idx` (`organization_id`),
  KEY `fk_tb_organization_resource_resource_idx` (`resource_id`),
  CONSTRAINT `fk_tb_organization_resource_organization` FOREIGN KEY (`organization_id`) REFERENCES `tb_organization` (`id`) ON DELETE CASCADE ON UPDATE CASCADE,
  CONSTRAINT `fk_tb_organization_resource_resource` FOREIGN KEY (`resource_id`) REFERENCES `tb_resource` (`id`) ON DELETE CASCADE ON UPDATE CASCADE
) ENGINE=InnoDB DEFAULT CHARSET=utf8;
/*!40101 SET character_set_client = @saved_cs_client */;

--
-- Dumping data for table `tb_organization_resource`
--

LOCK TABLES `tb_organization_resource` WRITE;
/*!40000 ALTER TABLE `tb_organization_resource` DISABLE KEYS */;
INSERT INTO `tb_organization_resource` VALUES ('0f9d93eb-11e8-4a60-b0a9-ded22fbbc250','1444636328008','2'),('12392a7c-251f-4ba9-b58e-c599cfe4bfa4','1444636328008','1444987149377'),('3ac842dd-658a-4097-ac91-78128b453972','1444636328008','14'),('3e45459a-b500-4803-b7ec-ff028d2a89fa','1444636328008','1444573378567'),('4795b80e-2d0d-42ee-8cf1-ef78a847dae6','1444636328008','15'),('5351f315-922d-4e6d-9853-171c1dee7eaf','1444636328008','1444548142152'),('66abf7f8-b73f-45c3-ab15-8a124841715a','1444636328008','7'),('6d3421f6-4769-4760-99d8-1e0ae547d6a7','1444636328008','5'),('7207372f-d4f2-41fa-afe8-6aabfb4c6d07','1444636328008','1445075669752'),('75560d18-ad7c-4052-b675-225c1ee3e6ee','1444636328008','9'),('837653a2-4795-445e-8d7c-2119e7d3719f','1444636328008','1444987225918'),('84a441d3-a794-4dd3-9f21-f5910d8f7243','1444636328008','17'),('8bd40b78-2103-48d1-a8e9-6ddd1051b51a','1444636328008','6'),('91618d1d-92a1-4d34-b63a-50b8cc79d6c5','1444636328008','16'),('9b9e3d97-fb15-4165-bd93-e5515d6550f8','1444636328008','1444631314253'),('a36a55f5-4726-41dd-a45f-27a495b0a905','1444636328008','13'),('a4443347-7ca7-444a-b7d2-0051cfba93a3','1444636328008','3'),('b052209b-fe23-47d6-8ebd-2c03cfe1abe4','1444636328008','1444459418042'),('b2ba56d4-5db6-4b2b-91fa-e0d7d0648571','1444636328008','4'),('bbb185df-a91c-4bde-9161-b3dd02320446','1444636328008','12'),('cc07ba67-2833-45ad-a5a0-57098fc0eeb6','1444636560192','1444573378567'),('d1d152b4-0e7a-46b7-9fc0-8c418dc0867a','1444636328008','1445075702637'),('d4a303a3-a4c5-49e9-b3af-7cdaf1694f76','1444636328008','1444573320799'),('d8041cc7-9bd1-42bf-a01d-6b901a9f0952','1444636328008','10'),('df33aac9-cfac-4039-abbf-cf98aac377f3','1444636328008','11'),('ee0e640d-2787-4aae-9dbf-d07d6ae12c0b','1444636328008','8'),('ff58c11c-1fcb-42c5-9b3b-cf7363880aa6','1444636560192','1444573320799');
/*!40000 ALTER TABLE `tb_organization_resource` ENABLE KEYS */;
UNLOCK TABLES;

--
-- Table structure for table `tb_resource`
--

DROP TABLE IF EXISTS `tb_resource`;
/*!40101 SET @saved_cs_client     = @@character_set_client */;
/*!40101 SET character_set_client = utf8 */;
CREATE TABLE `tb_resource` (
  `id` varchar(120) NOT NULL,
  `name` varchar(120) DEFAULT NULL COMMENT '菜单名',
  `parentids` varchar(1200) DEFAULT NULL COMMENT '父亲节点集，用逗号分开',
  `parent_id` varchar(120) DEFAULT NULL COMMENT '父亲节点',
  `auth_name` varchar(120) DEFAULT NULL COMMENT '权限名称',
  `path` varchar(120) DEFAULT NULL COMMENT '访问路径，以“/”开头',
  `type` varchar(45) DEFAULT 'menu' COMMENT '资源类型，可以为menu或者button',
  `create_date` datetime DEFAULT NULL COMMENT '创建日期',
  `update_date` datetime DEFAULT NULL COMMENT '更新日期',
  `create_by` varchar(120) DEFAULT NULL COMMENT '创建人',
  `update_by` varchar(120) DEFAULT NULL COMMENT '更新人',
  `sort` int(11) DEFAULT '0' COMMENT '默认0',
  PRIMARY KEY (`id`),
  KEY `fk_tb_resource_tb_resource_idx` (`parent_id`),
  CONSTRAINT `fk_tb_resource_tb_resource` FOREIGN KEY (`parent_id`) REFERENCES `tb_resource` (`id`) ON DELETE CASCADE ON UPDATE CASCADE
) ENGINE=InnoDB DEFAULT CHARSET=utf8;
/*!40101 SET character_set_client = @saved_cs_client */;

--
-- Dumping data for table `tb_resource`
--

LOCK TABLES `tb_resource` WRITE;
/*!40000 ALTER TABLE `tb_resource` DISABLE KEYS */;
INSERT INTO `tb_resource` VALUES ('10','角色管理删除','2,8','8','role:delete',NULL,'button',NULL,NULL,NULL,NULL,NULL),('11','角色管理修改','2,8','8','role:update',NULL,'button',NULL,NULL,NULL,NULL,NULL),('12','角色管理查询','2,8','8','role:view',NULL,'button',NULL,NULL,NULL,NULL,NULL),('13','资源管理','2','2','resource:*','/resource','menu',NULL,NULL,NULL,NULL,NULL),('14','资源管理新增','2,13','13','resource:create',NULL,'button',NULL,NULL,NULL,NULL,NULL),('1444459418042','日志管理','2','2','log:*','/log','menu',NULL,NULL,NULL,NULL,NULL),('1444548142152','组织管理','2','2','organization:*','/organization','menu',NULL,NULL,NULL,NULL,NULL),('1444573320799','关于系统',NULL,NULL,'','','menu',NULL,'2015-12-23 17:31:28',NULL,'admin',2),('1444573378567','产品信息','1444573320799','1444573320799','','/user/productInfo','menu',NULL,NULL,NULL,NULL,NULL),('1444631314253','字典管理','2','2','dictionary:*','/dictionary','menu',NULL,NULL,NULL,NULL,NULL),('1444987149377','数据库',NULL,NULL,'dbBackup:view','','menu',NULL,'2016-01-27 11:37:19',NULL,'admin',3),('1444987225918','数据库备份管理','1444987149377','1444987149377','dbBackup:*','/dbBackup','menu',NULL,NULL,NULL,NULL,NULL),('1445075669752','栏目','1453862711145','1453862711145','channel:view','/channel','menu',NULL,'2016-01-27 11:18:49',NULL,'admin',4),('1445075702637','文档','1453862743076','1453862743076','document:view','/document','menu',NULL,'2016-01-27 11:11:28',NULL,'admin',5),('1448077430572','栏目新增','1445075669752','1445075669752','channel:create','','button',NULL,NULL,NULL,NULL,NULL),('1448077501999','栏目修改','1445075669752','1445075669752','channel:update','','button',NULL,NULL,NULL,NULL,NULL),('1448077536293','栏目删除','1445075669752','1445075669752','channel:delete','','button',NULL,NULL,NULL,NULL,NULL),('1448077557959','栏目查询','1445075669752','1445075669752','channel:view','','button',NULL,NULL,NULL,NULL,NULL),('1448078024172','文档新增','1445075702637','1445075702637','document:create','','button',NULL,NULL,NULL,NULL,NULL),('1448078045387','文档修改','1445075702637','1445075702637','document:update','','button',NULL,NULL,NULL,NULL,NULL),('1448078495058','文档删除','1445075702637','1445075702637','document:delete','','button',NULL,NULL,NULL,NULL,NULL),('1449130042353','页面生成','1453863586710','1453863586710','htmlgene:view','/htmlgenerate','menu',NULL,'2016-01-27 11:08:52',NULL,'admin',1),('1453862711145','栏目管理',NULL,NULL,'channel:view','','menu',NULL,'2016-01-27 11:12:16',NULL,'admin',8),('1453862743076','文章管理',NULL,NULL,'document:view','','menu',NULL,'2016-01-27 11:18:12',NULL,'admin',6),('1453863586710','页面静态化管理',NULL,NULL,'htmlgene:view','','menu','2016-01-27 10:59:47',NULL,'admin',NULL,9),('1454054763915','文件管理',NULL,NULL,'file:view','/file','menu','2016-01-29 16:06:04',NULL,'admin',NULL,7),('1454055049894','文件查看/上传/删除/下载','1454054763915','1454054763915','file:view','/file','menu','2016-01-29 16:10:50',NULL,'admin',NULL,1),('1454056475564','统计',NULL,NULL,'tongji:view','/tongji','menu','2016-01-29 16:34:36',NULL,'admin',NULL,8),('1454058760573','流量分析','1454056475564','1454056475564','flow:view','/flow','menu','2016-01-29 17:12:41',NULL,'admin',NULL,1),('1454058812422','受访分析','1454056475564','1454056475564','visit:view','/visit','menu','2016-01-29 17:13:32',NULL,'admin',NULL,2),('1454058852078','访问日志','1454056475564','1454056475564','visitlog:view','/visitlog','menu','2016-01-29 17:14:12',NULL,'admin',NULL,3),('1454069462714','系统配置',NULL,NULL,'sysconfig:view','/sysconfig','menu','2016-01-29 20:11:03',NULL,'admin',NULL,9),('1454069633388','首页设置','1454069462714','1454069462714','indexconfig:view','/indexconfig','menu','2016-01-29 20:13:53',NULL,'admin',NULL,1),('15','资源管理删除','2,13','13','resource:delete',NULL,'button',NULL,NULL,NULL,NULL,NULL),('16','资源管理修改','2,13','13','resource:update',NULL,'button',NULL,NULL,NULL,NULL,NULL),('17','资源管理查询','2,13','13','resource:view',NULL,'button',NULL,NULL,NULL,NULL,NULL),('2','系统管理',NULL,NULL,'system:view','','menu',NULL,'2016-01-27 11:36:47',NULL,'admin',1),('3','用户管理','2','2','user:*','/user','menu',NULL,NULL,NULL,NULL,NULL),('4','用户管理新增','2,3','3','user:create',NULL,'button',NULL,NULL,NULL,NULL,NULL),('5','用户管理删除','2,3','3','user:delete',NULL,'button',NULL,NULL,NULL,NULL,NULL),('6','用户管理修改','2,3','3','user:update',NULL,'button',NULL,NULL,NULL,NULL,NULL),('7','用户管理查询','2,3','3','user:view',NULL,'button',NULL,NULL,NULL,NULL,NULL),('8','角色管理','2','2','role:*','/role','menu',NULL,NULL,NULL,NULL,NULL),('9','角色管理新增','2,8','8','role:create',NULL,'button',NULL,NULL,NULL,NULL,NULL);
/*!40000 ALTER TABLE `tb_resource` ENABLE KEYS */;
UNLOCK TABLES;

--
-- Table structure for table `tb_role`
--

DROP TABLE IF EXISTS `tb_role`;
/*!40101 SET @saved_cs_client     = @@character_set_client */;
/*!40101 SET character_set_client = utf8 */;
CREATE TABLE `tb_role` (
  `id` varchar(120) NOT NULL,
  `name` varchar(120) DEFAULT NULL,
  `create_date` datetime DEFAULT NULL,
  `update_date` datetime DEFAULT NULL,
  `create_by` varchar(120) DEFAULT NULL,
  `update_by` varchar(120) DEFAULT NULL,
  PRIMARY KEY (`id`)
) ENGINE=InnoDB DEFAULT CHARSET=utf8;
/*!40101 SET character_set_client = @saved_cs_client */;

--
-- Dumping data for table `tb_role`
--

LOCK TABLES `tb_role` WRITE;
/*!40000 ALTER TABLE `tb_role` DISABLE KEYS */;
INSERT INTO `tb_role` VALUES ('1','admin',NULL,NULL,NULL,NULL),('1444806243281','test1',NULL,NULL,NULL,NULL),('2','test',NULL,NULL,NULL,NULL);
/*!40000 ALTER TABLE `tb_role` ENABLE KEYS */;
UNLOCK TABLES;

--
-- Table structure for table `tb_role_resource`
--

DROP TABLE IF EXISTS `tb_role_resource`;
/*!40101 SET @saved_cs_client     = @@character_set_client */;
/*!40101 SET character_set_client = utf8 */;
CREATE TABLE `tb_role_resource` (
  `id` varchar(120) NOT NULL,
  `role_id` varchar(120) DEFAULT NULL,
  `resource_id` varchar(120) DEFAULT NULL,
  PRIMARY KEY (`id`),
  KEY `fk_tb_role_tb_resource_tb_role_idx` (`role_id`),
  KEY `fk_tb_role_tb_resource_tb_resource_idx` (`resource_id`),
  CONSTRAINT `fk_tb_role_tb_resource_tb_resource` FOREIGN KEY (`resource_id`) REFERENCES `tb_resource` (`id`) ON DELETE CASCADE ON UPDATE CASCADE,
  CONSTRAINT `fk_tb_role_tb_resource_tb_role` FOREIGN KEY (`role_id`) REFERENCES `tb_role` (`id`) ON DELETE CASCADE ON UPDATE CASCADE
) ENGINE=InnoDB DEFAULT CHARSET=utf8;
/*!40101 SET character_set_client = @saved_cs_client */;

--
-- Dumping data for table `tb_role_resource`
--

LOCK TABLES `tb_role_resource` WRITE;
/*!40000 ALTER TABLE `tb_role_resource` DISABLE KEYS */;
INSERT INTO `tb_role_resource` VALUES ('00aa4015-1de8-4a67-817d-e47775fc76a1','1','1454058852078'),('01993fc3-5965-494e-9a1e-8072aed5eb98','1','6'),('09221c0a-b3d5-40be-b2a8-9e716eacce07','1','5'),('0cf04b71-76da-4c8a-a2b4-807313f15200','1','1444459418042'),('0e175292-5e97-49e6-9f50-fb53aebf757f','1','1448077501999'),('10cc1c5d-3640-43f0-bf83-57a099873b00','2','1444573378567'),('18a62786-b762-4a98-ad04-e57ad53c8555','1','16'),('1ba7ad73-e72a-4b7c-9320-4d7a57e91b9a','1','15'),('23eca35b-9d29-40d5-b934-4dc1d39ec453','1','1453862711145'),('3f7e2481-7eff-4067-95bb-fede1c26e7a8','1','1448077430572'),('4556d2b9-22a4-4660-a47d-7029aa3ee04c','1444806243281','17'),('4605eb8b-ea6e-4d9b-83bb-f62e0929b644','1444806243281','1444573378567'),('47dc4691-988f-490a-a7c8-23916ecf6ed6','1','1448078045387'),('510f47c1-394a-45b3-9c8d-6163871e7687','2','1444459418042'),('519d5178-5e39-4276-b690-d5566fa11122','1','17'),('62a94f67-e1e8-4be7-a0e1-a017acc39778','1','1444573378567'),('64c33258-e500-4523-b486-10aafb479feb','1','1454055049894'),('73c866df-3401-4c46-b38a-4ed725ff37ce','1','1449130042353'),('75601378-7ca2-4a7d-87c1-c490a5c262a0','1','1448078495058'),('766f935a-a09a-430b-8778-9fed9bcee4c5','1','1448077536293'),('7995441b-6cd5-463a-af8f-9b92125932eb','1','1454058812422'),('7c2cdecb-4900-4c43-b501-301eb8b06b73','1','1445075669752'),('856a057d-b954-4ffd-9cc5-477d2cd2d980','1','1444573320799'),('8eda4925-159c-4754-81cd-01d6e6ef7e49','1','1444631314253'),('92525aad-2145-4e97-a0c1-bf6514b81312','1','11'),('962373cf-9e6d-4ed0-b193-74ad62af65fd','1','1448077557959'),('99a7ecac-d8cb-490a-8913-0712bd87daa9','1','2'),('9f70a501-26ef-493d-83f9-d92addafd4e2','1','14'),('a06e29c4-c204-4a28-a32c-208a506e7a8b','1','8'),('a7b3165a-a68f-4d65-b9dd-ae629bb65706','1','1444987149377'),('a90bcb45-de8d-4a54-8a63-18a061ba032e','1','1444987225918'),('b09c5a3f-1f01-41ec-aa80-cbaee0c89ec9','1','10'),('b331ddc1-eacf-4bbf-88d1-d7379361879e','1','4'),('b4088fde-1b81-478b-acfb-c296161adaf5','2','1444573320799'),('bb110788-be94-4209-bf8f-07701b53c4c8','1','1454054763915'),('bc2c0199-9d0c-4354-b90d-e248002ead9d','1444806243281','1444573320799'),('c0094903-b574-4c55-a28c-b4c33a22db66','1','7'),('c2327901-5fbd-4cf9-a1aa-4be58560f0d6','1','12'),('c4eae206-16f5-400e-9363-afab20981e29','1','1454056475564'),('c509a689-fffd-4548-a762-141040de6bde','1','3'),('ccf4f808-24a6-4928-a97e-e98c3da81eb2','1','9'),('cfabf72b-a8af-4d17-8cc1-142b81c2a8ef','1','1453863586710'),('e3e86ccc-7e13-40a0-ac99-e9b9671342e4','1','1453862743076'),('ed9f9000-f6f3-4b76-8ebb-8eddc1290b68','1','1454058760573'),('f6ad53c9-54c1-4f2d-8667-d77ea77d9be6','1','1445075702637'),('f925e10c-6993-4719-b69d-0b767c387429','1','13'),('fac54f35-218c-4d20-a916-652d41f3b8ae','1','1444548142152'),('fbb1ca98-7def-43b0-9f4c-870455e25ea7','1','1448078024172');
/*!40000 ALTER TABLE `tb_role_resource` ENABLE KEYS */;
UNLOCK TABLES;

--
-- Table structure for table `tb_user`
--

DROP TABLE IF EXISTS `tb_user`;
/*!40101 SET @saved_cs_client     = @@character_set_client */;
/*!40101 SET character_set_client = utf8 */;
CREATE TABLE `tb_user` (
  `id` varchar(120) NOT NULL,
  `username` varchar(120) DEFAULT NULL COMMENT '用户登录名',
  `password` varchar(1200) DEFAULT NULL COMMENT '密码，加密存储',
  `login_date` datetime DEFAULT NULL,
  `create_date` datetime DEFAULT NULL COMMENT '创建日期',
  `update_date` datetime DEFAULT NULL COMMENT '更新日期',
  `show_name` varchar(45) DEFAULT NULL COMMENT '显示名称',
  `email` varchar(45) DEFAULT NULL COMMENT '邮箱',
  `mobile` varchar(45) DEFAULT NULL COMMENT '移动电话',
  `login_count` int(11) DEFAULT '0' COMMENT '登录次数',
  `login_ip` varchar(45) DEFAULT NULL COMMENT '登录IP',
  `last_login` datetime DEFAULT NULL COMMENT '上一次登录',
  `sex` tinyint(4) DEFAULT NULL COMMENT '性别',
  `create_by` varchar(120) DEFAULT NULL COMMENT '创建人',
  `update_by` varchar(120) DEFAULT NULL COMMENT '更新人',
  `head_image` varchar(120) DEFAULT NULL COMMENT '头像',
  `lock` tinyint(1) DEFAULT '0' COMMENT '是否锁定，1表示是，0表示否',
  PRIMARY KEY (`id`)
) ENGINE=InnoDB DEFAULT CHARSET=utf8;
/*!40101 SET character_set_client = @saved_cs_client */;

--
-- Dumping data for table `tb_user`
--

LOCK TABLES `tb_user` WRITE;
/*!40000 ALTER TABLE `tb_user` DISABLE KEYS */;
INSERT INTO `tb_user` VALUES ('1','admin','ea48576f30be1669971699c09ad05c94','2016-03-12 10:18:18',NULL,'2016-03-12 10:18:18',NULL,'wefewe',NULL,246,'127.0.0.1','2016-03-10 16:45:04',1,NULL,NULL,NULL,0),('1453865167166','test','ea48576f30be1669971699c09ad05c94','2016-01-27 11:32:12','2016-01-27 11:26:07','2016-01-27 11:32:13',NULL,'',NULL,1,'127.0.0.1',NULL,1,'admin',NULL,NULL,0);
/*!40000 ALTER TABLE `tb_user` ENABLE KEYS */;
UNLOCK TABLES;

--
-- Table structure for table `tb_user_organization`
--

DROP TABLE IF EXISTS `tb_user_organization`;
/*!40101 SET @saved_cs_client     = @@character_set_client */;
/*!40101 SET character_set_client = utf8 */;
CREATE TABLE `tb_user_organization` (
  `id` varchar(120) NOT NULL,
  `user_id` varchar(120) DEFAULT NULL,
  `organization_id` varchar(120) DEFAULT NULL,
  PRIMARY KEY (`id`),
  KEY `fk_tb_user_user_organization_idx` (`user_id`),
  KEY `fk_tb_organization_user_organization_idx` (`organization_id`),
  CONSTRAINT `fk_tb_organization_user_organization` FOREIGN KEY (`organization_id`) REFERENCES `tb_organization` (`id`) ON DELETE CASCADE ON UPDATE CASCADE,
  CONSTRAINT `fk_tb_user_user_organization` FOREIGN KEY (`user_id`) REFERENCES `tb_user` (`id`) ON DELETE CASCADE ON UPDATE CASCADE
) ENGINE=InnoDB DEFAULT CHARSET=utf8;
/*!40101 SET character_set_client = @saved_cs_client */;

--
-- Dumping data for table `tb_user_organization`
--

LOCK TABLES `tb_user_organization` WRITE;
/*!40000 ALTER TABLE `tb_user_organization` DISABLE KEYS */;
INSERT INTO `tb_user_organization` VALUES ('1444707160835','1','1444636521670');
/*!40000 ALTER TABLE `tb_user_organization` ENABLE KEYS */;
UNLOCK TABLES;

--
-- Table structure for table `tb_user_role`
--

DROP TABLE IF EXISTS `tb_user_role`;
/*!40101 SET @saved_cs_client     = @@character_set_client */;
/*!40101 SET character_set_client = utf8 */;
CREATE TABLE `tb_user_role` (
  `id` varchar(120) NOT NULL,
  `user_id` varchar(120) NOT NULL,
  `tb_role_id` varchar(120) NOT NULL,
  PRIMARY KEY (`id`),
  KEY `fk_tb_user_role_tb_user_idx` (`user_id`),
  KEY `fk_tb_user_role_tb_role1_idx` (`tb_role_id`),
  CONSTRAINT `fk_tb_user_role_tb_role1` FOREIGN KEY (`tb_role_id`) REFERENCES `tb_role` (`id`) ON DELETE CASCADE ON UPDATE CASCADE,
  CONSTRAINT `fk_tb_user_role_tb_user` FOREIGN KEY (`user_id`) REFERENCES `tb_user` (`id`) ON DELETE CASCADE ON UPDATE CASCADE
) ENGINE=InnoDB DEFAULT CHARSET=utf8;
/*!40101 SET character_set_client = @saved_cs_client */;

--
-- Dumping data for table `tb_user_role`
--

LOCK TABLES `tb_user_role` WRITE;
/*!40000 ALTER TABLE `tb_user_role` DISABLE KEYS */;
INSERT INTO `tb_user_role` VALUES ('1','1','1'),('1453865167298','1453865167166','2');
/*!40000 ALTER TABLE `tb_user_role` ENABLE KEYS */;
UNLOCK TABLES;

--
-- Table structure for table `tb_vote_choice`
--

DROP TABLE IF EXISTS `tb_vote_choice`;
/*!40101 SET @saved_cs_client     = @@character_set_client */;
/*!40101 SET character_set_client = utf8 */;
CREATE TABLE `tb_vote_choice` (
  `id` varchar(120) NOT NULL,
  `name` varchar(120) DEFAULT NULL,
  `vote_count` int(11) DEFAULT NULL COMMENT '投票数',
  `create_by` varchar(120) DEFAULT NULL,
  `update_by` varchar(120) DEFAULT NULL,
  `create_date` datetime DEFAULT NULL,
  `update_date` datetime DEFAULT NULL,
  `image` varchar(1200) DEFAULT NULL COMMENT '图片',
  `tb_vote_topic_id` varchar(120) DEFAULT NULL,
  `tb_vote_group_id` varchar(120) DEFAULT NULL,
  PRIMARY KEY (`id`),
  KEY `tb_vote_choice_fk_tb_vote_topic_idx` (`tb_vote_topic_id`),
  KEY `tb_vote_choice_fok_tb_vote_group_idx` (`tb_vote_group_id`),
  CONSTRAINT `tb_vote_choice_fk_tb_vote_topic` FOREIGN KEY (`tb_vote_topic_id`) REFERENCES `tb_vote_topic` (`id`) ON DELETE CASCADE ON UPDATE CASCADE,
  CONSTRAINT `tb_vote_choice_fok_tb_vote_group` FOREIGN KEY (`tb_vote_group_id`) REFERENCES `tb_vote_group` (`id`) ON DELETE CASCADE ON UPDATE CASCADE
) ENGINE=InnoDB DEFAULT CHARSET=utf8 COMMENT='投票选项';
/*!40101 SET character_set_client = @saved_cs_client */;

--
-- Dumping data for table `tb_vote_choice`
--

LOCK TABLES `tb_vote_choice` WRITE;
/*!40000 ALTER TABLE `tb_vote_choice` DISABLE KEYS */;
/*!40000 ALTER TABLE `tb_vote_choice` ENABLE KEYS */;
UNLOCK TABLES;

--
-- Table structure for table `tb_vote_department`
--

DROP TABLE IF EXISTS `tb_vote_department`;
/*!40101 SET @saved_cs_client     = @@character_set_client */;
/*!40101 SET character_set_client = utf8 */;
CREATE TABLE `tb_vote_department` (
  `id` varchar(120) NOT NULL,
  `name` varchar(45) DEFAULT NULL COMMENT '分部名称',
  `image` varchar(1200) DEFAULT NULL COMMENT '合照',
  `zuoyouming` varchar(1200) DEFAULT NULL COMMENT '座右铭',
  `description` varchar(120) DEFAULT NULL COMMENT '描述',
  PRIMARY KEY (`id`)
) ENGINE=InnoDB DEFAULT CHARSET=utf8;
/*!40101 SET character_set_client = @saved_cs_client */;

--
-- Dumping data for table `tb_vote_department`
--

LOCK TABLES `tb_vote_department` WRITE;
/*!40000 ALTER TABLE `tb_vote_department` DISABLE KEYS */;
/*!40000 ALTER TABLE `tb_vote_department` ENABLE KEYS */;
UNLOCK TABLES;

--
-- Table structure for table `tb_vote_group`
--

DROP TABLE IF EXISTS `tb_vote_group`;
/*!40101 SET @saved_cs_client     = @@character_set_client */;
/*!40101 SET character_set_client = utf8 */;
CREATE TABLE `tb_vote_group` (
  `id` varchar(120) NOT NULL,
  `image` varchar(1200) DEFAULT NULL COMMENT '分组照片',
  `name` varchar(45) DEFAULT NULL COMMENT '分组名称',
  `tb_vote_dept_id` varchar(120) DEFAULT NULL,
  PRIMARY KEY (`id`),
  KEY `tb_vote_group_fk_tb_vote_dept_idx` (`tb_vote_dept_id`),
  CONSTRAINT `tb_vote_group_fk_tb_vote_dept` FOREIGN KEY (`tb_vote_dept_id`) REFERENCES `tb_vote_department` (`id`) ON DELETE CASCADE ON UPDATE CASCADE
) ENGINE=InnoDB DEFAULT CHARSET=utf8 COMMENT='投票分组';
/*!40101 SET character_set_client = @saved_cs_client */;

--
-- Dumping data for table `tb_vote_group`
--

LOCK TABLES `tb_vote_group` WRITE;
/*!40000 ALTER TABLE `tb_vote_group` DISABLE KEYS */;
/*!40000 ALTER TABLE `tb_vote_group` ENABLE KEYS */;
UNLOCK TABLES;

--
-- Table structure for table `tb_vote_topic`
--

DROP TABLE IF EXISTS `tb_vote_topic`;
/*!40101 SET @saved_cs_client     = @@character_set_client */;
/*!40101 SET character_set_client = utf8 */;
CREATE TABLE `tb_vote_topic` (
  `id` varchar(120) NOT NULL,
  `type` varchar(120) DEFAULT NULL COMMENT '投票类型，可选为多选和单选',
  `end_time` datetime DEFAULT NULL COMMENT '投票结束时间',
  `introduction` varchar(1200) DEFAULT NULL COMMENT '活动介绍',
  `create_by` varchar(120) DEFAULT NULL,
  `update_by` varchar(120) DEFAULT NULL,
  `create_date` datetime DEFAULT NULL,
  `update_date` datetime DEFAULT NULL,
  `name` varchar(120) DEFAULT NULL,
  `begin_time` datetime DEFAULT NULL,
  PRIMARY KEY (`id`)
) ENGINE=InnoDB DEFAULT CHARSET=utf8 COMMENT='投票主题';
/*!40101 SET character_set_client = @saved_cs_client */;

--
-- Dumping data for table `tb_vote_topic`
--

LOCK TABLES `tb_vote_topic` WRITE;
/*!40000 ALTER TABLE `tb_vote_topic` DISABLE KEYS */;
INSERT INTO `tb_vote_topic` VALUES ('1452742367136','lll',NULL,'lll','admin','admin','2016-01-14 11:32:47','2016-01-14 11:32:17','ll',NULL),('1452743161565','kkhkhj',NULL,'khkj','admin','admin','2016-01-14 11:46:02','2016-01-14 11:45:46','kjk',NULL),('1452744033941','55','2016-01-15 00:00:00','55','admin','admin','2016-01-14 12:00:34','2016-01-14 12:00:32','55',NULL),('1452744237827','55','2016-01-21 00:00:00','55','admin','admin','2016-01-14 12:03:58','2016-01-14 12:03:58','55',NULL),('1452744249567','55','2016-01-27 00:00:00','55','admin','admin','2016-01-14 12:04:10','2016-01-14 12:04:10','55',NULL),('1452744443509','444','2016-01-16 00:00:00','44','admin','admin','2016-01-14 12:07:24','2016-01-14 12:07:21','4444',NULL);
/*!40000 ALTER TABLE `tb_vote_topic` ENABLE KEYS */;
UNLOCK TABLES;

--
-- Table structure for table `test`
--

DROP TABLE IF EXISTS `test`;
/*!40101 SET @saved_cs_client     = @@character_set_client */;
/*!40101 SET character_set_client = utf8 */;
CREATE TABLE `test` (
  `id` varchar(120) NOT NULL,
  `name` varchar(45) DEFAULT NULL,
  `create_date` datetime DEFAULT NULL,
  `update_date` datetime DEFAULT NULL,
  PRIMARY KEY (`id`)
) ENGINE=InnoDB DEFAULT CHARSET=utf8;
/*!40101 SET character_set_client = @saved_cs_client */;

--
-- Dumping data for table `test`
--

LOCK TABLES `test` WRITE;
/*!40000 ALTER TABLE `test` DISABLE KEYS */;
INSERT INTO `test` VALUES ('1444522792556','test112','2015-10-11 08:19:53','2015-10-11 08:33:10');
/*!40000 ALTER TABLE `test` ENABLE KEYS */;
UNLOCK TABLES;
/*!40103 SET TIME_ZONE=@OLD_TIME_ZONE */;

/*!40101 SET SQL_MODE=@OLD_SQL_MODE */;
/*!40014 SET FOREIGN_KEY_CHECKS=@OLD_FOREIGN_KEY_CHECKS */;
/*!40014 SET UNIQUE_CHECKS=@OLD_UNIQUE_CHECKS */;
/*!40101 SET CHARACTER_SET_CLIENT=@OLD_CHARACTER_SET_CLIENT */;
/*!40101 SET CHARACTER_SET_RESULTS=@OLD_CHARACTER_SET_RESULTS */;
/*!40101 SET COLLATION_CONNECTION=@OLD_COLLATION_CONNECTION */;
/*!40111 SET SQL_NOTES=@OLD_SQL_NOTES */;

-- Dump completed on 2016-03-14 12:00:13
